ISO-10303-21;
HEADER;
/* Generated by software containing ST-Developer
 * from STEP Tools, Inc. (www.steptools.com) 
 */

FILE_DESCRIPTION(
/* description */ (''),
/* implementation_level */ '2;1');

FILE_NAME(
/* name */ 'C:\\Users\\mwilliams\\Documents\\EG1224.stp',
/* time_stamp */ '2021-03-25T17:15:14-05:00',
/* author */ ('mwilliams'),
/* organization */ (''),
/* preprocessor_version */ 'ST-DEVELOPER v18',
/* originating_system */ 'Autodesk Inventor 2020',
/* authorisation */ '');

FILE_SCHEMA (('AUTOMOTIVE_DESIGN { 1 0 10303 214 3 1 1 }'));
ENDSEC;

DATA;
#10=MECHANICAL_DESIGN_GEOMETRIC_PRESENTATION_REPRESENTATION('',(#13),#6818);
#11=SHAPE_REPRESENTATION_RELATIONSHIP('SRR','None',#6825,#12);
#12=ADVANCED_BREP_SHAPE_REPRESENTATION('',(#14),#6817);
#13=STYLED_ITEM('',(#6834),#14);
#14=MANIFOLD_SOLID_BREP('Solid1',#4256);
#15=FACE_BOUND('',#442,.T.);
#16=FACE_BOUND('',#443,.T.);
#17=FACE_BOUND('',#444,.T.);
#18=FACE_BOUND('',#448,.T.);
#19=FACE_BOUND('',#449,.T.);
#20=PLANE('',#4279);
#21=PLANE('',#4280);
#22=PLANE('',#4285);
#23=PLANE('',#4286);
#24=PLANE('',#4291);
#25=PLANE('',#4292);
#26=PLANE('',#4297);
#27=PLANE('',#4298);
#28=PLANE('',#4303);
#29=PLANE('',#4304);
#30=PLANE('',#4309);
#31=PLANE('',#4310);
#32=PLANE('',#4312);
#33=PLANE('',#4315);
#34=PLANE('',#4318);
#35=PLANE('',#4319);
#36=PLANE('',#4320);
#37=PLANE('',#4325);
#38=PLANE('',#4326);
#39=PLANE('',#4327);
#40=PLANE('',#4331);
#41=PLANE('',#4332);
#42=PLANE('',#4333);
#43=PLANE('',#4335);
#44=PLANE('',#4336);
#45=PLANE('',#4337);
#46=PLANE('',#4338);
#47=PLANE('',#4339);
#48=PLANE('',#4340);
#49=PLANE('',#4342);
#50=PLANE('',#4343);
#51=PLANE('',#4344);
#52=PLANE('',#4346);
#53=PLANE('',#4347);
#54=PLANE('',#4348);
#55=PLANE('',#4349);
#56=PLANE('',#4350);
#57=PLANE('',#4351);
#58=PLANE('',#4352);
#59=PLANE('',#4353);
#60=PLANE('',#4354);
#61=PLANE('',#4355);
#62=PLANE('',#4356);
#63=PLANE('',#4357);
#64=PLANE('',#4358);
#65=PLANE('',#4359);
#66=PLANE('',#4360);
#67=PLANE('',#4361);
#68=PLANE('',#4362);
#69=PLANE('',#4363);
#70=PLANE('',#4364);
#71=PLANE('',#4365);
#72=PLANE('',#4366);
#73=PLANE('',#4367);
#74=PLANE('',#4368);
#75=PLANE('',#4369);
#76=PLANE('',#4370);
#77=PLANE('',#4371);
#78=PLANE('',#4373);
#79=PLANE('',#4376);
#80=PLANE('',#4377);
#81=PLANE('',#4378);
#82=PLANE('',#4380);
#83=PLANE('',#4383);
#84=PLANE('',#4384);
#85=PLANE('',#4385);
#86=PLANE('',#4387);
#87=PLANE('',#4390);
#88=PLANE('',#4391);
#89=PLANE('',#4392);
#90=PLANE('',#4393);
#91=PLANE('',#4394);
#92=PLANE('',#4395);
#93=PLANE('',#4396);
#94=PLANE('',#4397);
#95=PLANE('',#4398);
#96=PLANE('',#4399);
#97=PLANE('',#4400);
#98=PLANE('',#4401);
#99=PLANE('',#4402);
#100=PLANE('',#4403);
#101=PLANE('',#4404);
#102=PLANE('',#4405);
#103=PLANE('',#4406);
#104=PLANE('',#4407);
#105=PLANE('',#4408);
#106=PLANE('',#4409);
#107=PLANE('',#4410);
#108=PLANE('',#4411);
#109=PLANE('',#4412);
#110=PLANE('',#4413);
#111=PLANE('',#4414);
#112=PLANE('',#4415);
#113=PLANE('',#4416);
#114=PLANE('',#4417);
#115=PLANE('',#4418);
#116=PLANE('',#4419);
#117=PLANE('',#4420);
#118=PLANE('',#4421);
#119=PLANE('',#4422);
#120=PLANE('',#4423);
#121=PLANE('',#4424);
#122=PLANE('',#4425);
#123=PLANE('',#4426);
#124=PLANE('',#4427);
#125=PLANE('',#4428);
#126=PLANE('',#4429);
#127=PLANE('',#4430);
#128=PLANE('',#4431);
#129=PLANE('',#4432);
#130=PLANE('',#4433);
#131=PLANE('',#4434);
#132=PLANE('',#4435);
#133=PLANE('',#4436);
#134=PLANE('',#4437);
#135=PLANE('',#4438);
#136=PLANE('',#4439);
#137=PLANE('',#4440);
#138=PLANE('',#4441);
#139=PLANE('',#4443);
#140=PLANE('',#4445);
#141=PLANE('',#4446);
#142=PLANE('',#4448);
#143=PLANE('',#4449);
#144=PLANE('',#4451);
#145=PLANE('',#4455);
#146=PLANE('',#4456);
#147=PLANE('',#4460);
#148=PLANE('',#4461);
#149=PLANE('',#4465);
#150=PLANE('',#4469);
#151=PLANE('',#4470);
#152=PLANE('',#4471);
#153=PLANE('',#4472);
#154=PLANE('',#4473);
#155=PLANE('',#4474);
#156=PLANE('',#4475);
#157=PLANE('',#4476);
#158=PLANE('',#4477);
#159=PLANE('',#4478);
#160=PLANE('',#4479);
#161=PLANE('',#4480);
#162=PLANE('',#4481);
#163=PLANE('',#4482);
#164=PLANE('',#4483);
#165=PLANE('',#4484);
#166=PLANE('',#4485);
#167=PLANE('',#4486);
#168=PLANE('',#4487);
#169=PLANE('',#4488);
#170=PLANE('',#4489);
#171=PLANE('',#4490);
#172=PLANE('',#4491);
#173=PLANE('',#4492);
#174=PLANE('',#4493);
#175=PLANE('',#4494);
#176=PLANE('',#4496);
#177=PLANE('',#4497);
#178=PLANE('',#4498);
#179=PLANE('',#4499);
#180=PLANE('',#4500);
#181=PLANE('',#4501);
#182=PLANE('',#4503);
#183=PLANE('',#4504);
#184=PLANE('',#4505);
#185=PLANE('',#4506);
#186=PLANE('',#4507);
#187=PLANE('',#4508);
#188=PLANE('',#4509);
#189=PLANE('',#4510);
#190=PLANE('',#4511);
#191=PLANE('',#4512);
#192=PLANE('',#4513);
#193=PLANE('',#4514);
#194=PLANE('',#4517);
#195=PLANE('',#4518);
#196=PLANE('',#4519);
#197=PLANE('',#4520);
#198=PLANE('',#4521);
#199=PLANE('',#4522);
#200=PLANE('',#4523);
#201=PLANE('',#4526);
#202=PLANE('',#4527);
#203=PLANE('',#4528);
#204=PLANE('',#4529);
#205=PLANE('',#4530);
#206=PLANE('',#4531);
#207=FACE_OUTER_BOUND('',#417,.T.);
#208=FACE_OUTER_BOUND('',#418,.T.);
#209=FACE_OUTER_BOUND('',#419,.T.);
#210=FACE_OUTER_BOUND('',#420,.T.);
#211=FACE_OUTER_BOUND('',#421,.T.);
#212=FACE_OUTER_BOUND('',#422,.T.);
#213=FACE_OUTER_BOUND('',#423,.T.);
#214=FACE_OUTER_BOUND('',#424,.T.);
#215=FACE_OUTER_BOUND('',#425,.T.);
#216=FACE_OUTER_BOUND('',#426,.T.);
#217=FACE_OUTER_BOUND('',#427,.T.);
#218=FACE_OUTER_BOUND('',#428,.T.);
#219=FACE_OUTER_BOUND('',#429,.T.);
#220=FACE_OUTER_BOUND('',#430,.T.);
#221=FACE_OUTER_BOUND('',#431,.T.);
#222=FACE_OUTER_BOUND('',#432,.T.);
#223=FACE_OUTER_BOUND('',#433,.T.);
#224=FACE_OUTER_BOUND('',#434,.T.);
#225=FACE_OUTER_BOUND('',#435,.T.);
#226=FACE_OUTER_BOUND('',#436,.T.);
#227=FACE_OUTER_BOUND('',#437,.T.);
#228=FACE_OUTER_BOUND('',#438,.T.);
#229=FACE_OUTER_BOUND('',#439,.T.);
#230=FACE_OUTER_BOUND('',#440,.T.);
#231=FACE_OUTER_BOUND('',#441,.T.);
#232=FACE_OUTER_BOUND('',#445,.T.);
#233=FACE_OUTER_BOUND('',#446,.T.);
#234=FACE_OUTER_BOUND('',#447,.T.);
#235=FACE_OUTER_BOUND('',#450,.T.);
#236=FACE_OUTER_BOUND('',#451,.T.);
#237=FACE_OUTER_BOUND('',#452,.T.);
#238=FACE_OUTER_BOUND('',#453,.T.);
#239=FACE_OUTER_BOUND('',#454,.T.);
#240=FACE_OUTER_BOUND('',#455,.T.);
#241=FACE_OUTER_BOUND('',#456,.T.);
#242=FACE_OUTER_BOUND('',#457,.T.);
#243=FACE_OUTER_BOUND('',#458,.T.);
#244=FACE_OUTER_BOUND('',#459,.T.);
#245=FACE_OUTER_BOUND('',#460,.T.);
#246=FACE_OUTER_BOUND('',#461,.T.);
#247=FACE_OUTER_BOUND('',#462,.T.);
#248=FACE_OUTER_BOUND('',#463,.T.);
#249=FACE_OUTER_BOUND('',#464,.T.);
#250=FACE_OUTER_BOUND('',#465,.T.);
#251=FACE_OUTER_BOUND('',#466,.T.);
#252=FACE_OUTER_BOUND('',#467,.T.);
#253=FACE_OUTER_BOUND('',#468,.T.);
#254=FACE_OUTER_BOUND('',#469,.T.);
#255=FACE_OUTER_BOUND('',#470,.T.);
#256=FACE_OUTER_BOUND('',#471,.T.);
#257=FACE_OUTER_BOUND('',#472,.T.);
#258=FACE_OUTER_BOUND('',#473,.T.);
#259=FACE_OUTER_BOUND('',#474,.T.);
#260=FACE_OUTER_BOUND('',#475,.T.);
#261=FACE_OUTER_BOUND('',#476,.T.);
#262=FACE_OUTER_BOUND('',#477,.T.);
#263=FACE_OUTER_BOUND('',#478,.T.);
#264=FACE_OUTER_BOUND('',#479,.T.);
#265=FACE_OUTER_BOUND('',#480,.T.);
#266=FACE_OUTER_BOUND('',#481,.T.);
#267=FACE_OUTER_BOUND('',#482,.T.);
#268=FACE_OUTER_BOUND('',#483,.T.);
#269=FACE_OUTER_BOUND('',#484,.T.);
#270=FACE_OUTER_BOUND('',#485,.T.);
#271=FACE_OUTER_BOUND('',#486,.T.);
#272=FACE_OUTER_BOUND('',#487,.T.);
#273=FACE_OUTER_BOUND('',#488,.T.);
#274=FACE_OUTER_BOUND('',#489,.T.);
#275=FACE_OUTER_BOUND('',#490,.T.);
#276=FACE_OUTER_BOUND('',#491,.T.);
#277=FACE_OUTER_BOUND('',#492,.T.);
#278=FACE_OUTER_BOUND('',#493,.T.);
#279=FACE_OUTER_BOUND('',#494,.T.);
#280=FACE_OUTER_BOUND('',#495,.T.);
#281=FACE_OUTER_BOUND('',#496,.T.);
#282=FACE_OUTER_BOUND('',#497,.T.);
#283=FACE_OUTER_BOUND('',#498,.T.);
#284=FACE_OUTER_BOUND('',#499,.T.);
#285=FACE_OUTER_BOUND('',#500,.T.);
#286=FACE_OUTER_BOUND('',#501,.T.);
#287=FACE_OUTER_BOUND('',#502,.T.);
#288=FACE_OUTER_BOUND('',#503,.T.);
#289=FACE_OUTER_BOUND('',#504,.T.);
#290=FACE_OUTER_BOUND('',#505,.T.);
#291=FACE_OUTER_BOUND('',#506,.T.);
#292=FACE_OUTER_BOUND('',#507,.T.);
#293=FACE_OUTER_BOUND('',#508,.T.);
#294=FACE_OUTER_BOUND('',#509,.T.);
#295=FACE_OUTER_BOUND('',#510,.T.);
#296=FACE_OUTER_BOUND('',#511,.T.);
#297=FACE_OUTER_BOUND('',#512,.T.);
#298=FACE_OUTER_BOUND('',#513,.T.);
#299=FACE_OUTER_BOUND('',#514,.T.);
#300=FACE_OUTER_BOUND('',#515,.T.);
#301=FACE_OUTER_BOUND('',#516,.T.);
#302=FACE_OUTER_BOUND('',#517,.T.);
#303=FACE_OUTER_BOUND('',#518,.T.);
#304=FACE_OUTER_BOUND('',#519,.T.);
#305=FACE_OUTER_BOUND('',#520,.T.);
#306=FACE_OUTER_BOUND('',#521,.T.);
#307=FACE_OUTER_BOUND('',#522,.T.);
#308=FACE_OUTER_BOUND('',#523,.T.);
#309=FACE_OUTER_BOUND('',#524,.T.);
#310=FACE_OUTER_BOUND('',#525,.T.);
#311=FACE_OUTER_BOUND('',#526,.T.);
#312=FACE_OUTER_BOUND('',#527,.T.);
#313=FACE_OUTER_BOUND('',#528,.T.);
#314=FACE_OUTER_BOUND('',#529,.T.);
#315=FACE_OUTER_BOUND('',#530,.T.);
#316=FACE_OUTER_BOUND('',#531,.T.);
#317=FACE_OUTER_BOUND('',#532,.T.);
#318=FACE_OUTER_BOUND('',#533,.T.);
#319=FACE_OUTER_BOUND('',#534,.T.);
#320=FACE_OUTER_BOUND('',#535,.T.);
#321=FACE_OUTER_BOUND('',#536,.T.);
#322=FACE_OUTER_BOUND('',#537,.T.);
#323=FACE_OUTER_BOUND('',#538,.T.);
#324=FACE_OUTER_BOUND('',#539,.T.);
#325=FACE_OUTER_BOUND('',#540,.T.);
#326=FACE_OUTER_BOUND('',#541,.T.);
#327=FACE_OUTER_BOUND('',#542,.T.);
#328=FACE_OUTER_BOUND('',#543,.T.);
#329=FACE_OUTER_BOUND('',#544,.T.);
#330=FACE_OUTER_BOUND('',#545,.T.);
#331=FACE_OUTER_BOUND('',#546,.T.);
#332=FACE_OUTER_BOUND('',#547,.T.);
#333=FACE_OUTER_BOUND('',#548,.T.);
#334=FACE_OUTER_BOUND('',#549,.T.);
#335=FACE_OUTER_BOUND('',#550,.T.);
#336=FACE_OUTER_BOUND('',#551,.T.);
#337=FACE_OUTER_BOUND('',#552,.T.);
#338=FACE_OUTER_BOUND('',#553,.T.);
#339=FACE_OUTER_BOUND('',#554,.T.);
#340=FACE_OUTER_BOUND('',#555,.T.);
#341=FACE_OUTER_BOUND('',#556,.T.);
#342=FACE_OUTER_BOUND('',#557,.T.);
#343=FACE_OUTER_BOUND('',#558,.T.);
#344=FACE_OUTER_BOUND('',#559,.T.);
#345=FACE_OUTER_BOUND('',#560,.T.);
#346=FACE_OUTER_BOUND('',#561,.T.);
#347=FACE_OUTER_BOUND('',#562,.T.);
#348=FACE_OUTER_BOUND('',#563,.T.);
#349=FACE_OUTER_BOUND('',#564,.T.);
#350=FACE_OUTER_BOUND('',#565,.T.);
#351=FACE_OUTER_BOUND('',#566,.T.);
#352=FACE_OUTER_BOUND('',#567,.T.);
#353=FACE_OUTER_BOUND('',#568,.T.);
#354=FACE_OUTER_BOUND('',#569,.T.);
#355=FACE_OUTER_BOUND('',#570,.T.);
#356=FACE_OUTER_BOUND('',#571,.T.);
#357=FACE_OUTER_BOUND('',#572,.T.);
#358=FACE_OUTER_BOUND('',#573,.T.);
#359=FACE_OUTER_BOUND('',#574,.T.);
#360=FACE_OUTER_BOUND('',#575,.T.);
#361=FACE_OUTER_BOUND('',#576,.T.);
#362=FACE_OUTER_BOUND('',#577,.T.);
#363=FACE_OUTER_BOUND('',#578,.T.);
#364=FACE_OUTER_BOUND('',#579,.T.);
#365=FACE_OUTER_BOUND('',#580,.T.);
#366=FACE_OUTER_BOUND('',#581,.T.);
#367=FACE_OUTER_BOUND('',#582,.T.);
#368=FACE_OUTER_BOUND('',#583,.T.);
#369=FACE_OUTER_BOUND('',#584,.T.);
#370=FACE_OUTER_BOUND('',#585,.T.);
#371=FACE_OUTER_BOUND('',#586,.T.);
#372=FACE_OUTER_BOUND('',#587,.T.);
#373=FACE_OUTER_BOUND('',#588,.T.);
#374=FACE_OUTER_BOUND('',#589,.T.);
#375=FACE_OUTER_BOUND('',#590,.T.);
#376=FACE_OUTER_BOUND('',#591,.T.);
#377=FACE_OUTER_BOUND('',#592,.T.);
#378=FACE_OUTER_BOUND('',#593,.T.);
#379=FACE_OUTER_BOUND('',#594,.T.);
#380=FACE_OUTER_BOUND('',#595,.T.);
#381=FACE_OUTER_BOUND('',#596,.T.);
#382=FACE_OUTER_BOUND('',#597,.T.);
#383=FACE_OUTER_BOUND('',#598,.T.);
#384=FACE_OUTER_BOUND('',#599,.T.);
#385=FACE_OUTER_BOUND('',#600,.T.);
#386=FACE_OUTER_BOUND('',#601,.T.);
#387=FACE_OUTER_BOUND('',#602,.T.);
#388=FACE_OUTER_BOUND('',#603,.T.);
#389=FACE_OUTER_BOUND('',#604,.T.);
#390=FACE_OUTER_BOUND('',#605,.T.);
#391=FACE_OUTER_BOUND('',#606,.T.);
#392=FACE_OUTER_BOUND('',#607,.T.);
#393=FACE_OUTER_BOUND('',#608,.T.);
#394=FACE_OUTER_BOUND('',#609,.T.);
#395=FACE_OUTER_BOUND('',#610,.T.);
#396=FACE_OUTER_BOUND('',#611,.T.);
#397=FACE_OUTER_BOUND('',#612,.T.);
#398=FACE_OUTER_BOUND('',#613,.T.);
#399=FACE_OUTER_BOUND('',#614,.T.);
#400=FACE_OUTER_BOUND('',#615,.T.);
#401=FACE_OUTER_BOUND('',#616,.T.);
#402=FACE_OUTER_BOUND('',#617,.T.);
#403=FACE_OUTER_BOUND('',#618,.T.);
#404=FACE_OUTER_BOUND('',#619,.T.);
#405=FACE_OUTER_BOUND('',#620,.T.);
#406=FACE_OUTER_BOUND('',#621,.T.);
#407=FACE_OUTER_BOUND('',#622,.T.);
#408=FACE_OUTER_BOUND('',#623,.T.);
#409=FACE_OUTER_BOUND('',#624,.T.);
#410=FACE_OUTER_BOUND('',#625,.T.);
#411=FACE_OUTER_BOUND('',#626,.T.);
#412=FACE_OUTER_BOUND('',#627,.T.);
#413=FACE_OUTER_BOUND('',#628,.T.);
#414=FACE_OUTER_BOUND('',#629,.T.);
#415=FACE_OUTER_BOUND('',#630,.T.);
#416=FACE_OUTER_BOUND('',#631,.T.);
#417=EDGE_LOOP('',(#2801,#2802,#2803,#2804));
#418=EDGE_LOOP('',(#2805,#2806,#2807,#2808,#2809,#2810,#2811,#2812));
#419=EDGE_LOOP('',(#2813,#2814,#2815,#2816));
#420=EDGE_LOOP('',(#2817,#2818,#2819,#2820));
#421=EDGE_LOOP('',(#2821,#2822,#2823,#2824));
#422=EDGE_LOOP('',(#2825,#2826,#2827,#2828));
#423=EDGE_LOOP('',(#2829,#2830,#2831,#2832));
#424=EDGE_LOOP('',(#2833,#2834,#2835,#2836,#2837,#2838,#2839,#2840));
#425=EDGE_LOOP('',(#2841,#2842,#2843,#2844));
#426=EDGE_LOOP('',(#2845,#2846,#2847,#2848));
#427=EDGE_LOOP('',(#2849,#2850,#2851,#2852));
#428=EDGE_LOOP('',(#2853,#2854,#2855,#2856));
#429=EDGE_LOOP('',(#2857,#2858,#2859,#2860));
#430=EDGE_LOOP('',(#2861,#2862,#2863,#2864,#2865,#2866,#2867,#2868));
#431=EDGE_LOOP('',(#2869,#2870,#2871,#2872));
#432=EDGE_LOOP('',(#2873,#2874,#2875,#2876));
#433=EDGE_LOOP('',(#2877,#2878,#2879,#2880));
#434=EDGE_LOOP('',(#2881,#2882,#2883,#2884));
#435=EDGE_LOOP('',(#2885,#2886,#2887,#2888));
#436=EDGE_LOOP('',(#2889,#2890,#2891,#2892));
#437=EDGE_LOOP('',(#2893,#2894,#2895,#2896,#2897));
#438=EDGE_LOOP('',(#2898,#2899,#2900,#2901));
#439=EDGE_LOOP('',(#2902,#2903,#2904,#2905,#2906));
#440=EDGE_LOOP('',(#2907,#2908,#2909,#2910));
#441=EDGE_LOOP('',(#2911,#2912,#2913,#2914,#2915,#2916,#2917,#2918,#2919,
#2920,#2921,#2922,#2923,#2924,#2925,#2926,#2927,#2928,#2929,#2930,#2931,
#2932,#2933,#2934,#2935,#2936,#2937,#2938,#2939,#2940,#2941,#2942,#2943,
#2944,#2945,#2946,#2947,#2948,#2949,#2950,#2951,#2952,#2953,#2954,#2955,
#2956,#2957,#2958,#2959,#2960,#2961,#2962,#2963,#2964,#2965,#2966,#2967,
#2968,#2969,#2970));
#442=EDGE_LOOP('',(#2971,#2972,#2973,#2974));
#443=EDGE_LOOP('',(#2975,#2976,#2977,#2978));
#444=EDGE_LOOP('',(#2979,#2980,#2981,#2982));
#445=EDGE_LOOP('',(#2983,#2984,#2985,#2986,#2987));
#446=EDGE_LOOP('',(#2988,#2989,#2990,#2991,#2992,#2993,#2994,#2995));
#447=EDGE_LOOP('',(#2996,#2997,#2998,#2999,#3000,#3001,#3002,#3003,#3004,
#3005,#3006,#3007,#3008,#3009,#3010,#3011,#3012,#3013,#3014,#3015,#3016,
#3017,#3018,#3019,#3020,#3021,#3022,#3023));
#448=EDGE_LOOP('',(#3024,#3025,#3026,#3027));
#449=EDGE_LOOP('',(#3028,#3029,#3030,#3031));
#450=EDGE_LOOP('',(#3032,#3033,#3034,#3035));
#451=EDGE_LOOP('',(#3036,#3037,#3038,#3039,#3040));
#452=EDGE_LOOP('',(#3041,#3042,#3043,#3044));
#453=EDGE_LOOP('',(#3045,#3046,#3047,#3048,#3049));
#454=EDGE_LOOP('',(#3050,#3051,#3052,#3053));
#455=EDGE_LOOP('',(#3054,#3055,#3056,#3057));
#456=EDGE_LOOP('',(#3058,#3059,#3060,#3061,#3062));
#457=EDGE_LOOP('',(#3063,#3064,#3065,#3066,#3067));
#458=EDGE_LOOP('',(#3068,#3069,#3070,#3071,#3072,#3073,#3074,#3075));
#459=EDGE_LOOP('',(#3076,#3077,#3078,#3079));
#460=EDGE_LOOP('',(#3080,#3081,#3082,#3083));
#461=EDGE_LOOP('',(#3084,#3085,#3086,#3087));
#462=EDGE_LOOP('',(#3088,#3089,#3090,#3091,#3092));
#463=EDGE_LOOP('',(#3093,#3094,#3095,#3096));
#464=EDGE_LOOP('',(#3097,#3098,#3099,#3100,#3101));
#465=EDGE_LOOP('',(#3102,#3103,#3104,#3105));
#466=EDGE_LOOP('',(#3106,#3107,#3108,#3109,#3110));
#467=EDGE_LOOP('',(#3111,#3112,#3113,#3114,#3115,#3116,#3117,#3118));
#468=EDGE_LOOP('',(#3119,#3120,#3121,#3122,#3123));
#469=EDGE_LOOP('',(#3124,#3125,#3126,#3127));
#470=EDGE_LOOP('',(#3128,#3129,#3130,#3131,#3132,#3133,#3134,#3135,#3136,
#3137,#3138,#3139,#3140));
#471=EDGE_LOOP('',(#3141,#3142,#3143,#3144,#3145,#3146,#3147,#3148));
#472=EDGE_LOOP('',(#3149,#3150,#3151,#3152));
#473=EDGE_LOOP('',(#3153,#3154,#3155,#3156));
#474=EDGE_LOOP('',(#3157,#3158,#3159,#3160));
#475=EDGE_LOOP('',(#3161,#3162,#3163,#3164));
#476=EDGE_LOOP('',(#3165,#3166,#3167,#3168));
#477=EDGE_LOOP('',(#3169,#3170,#3171,#3172));
#478=EDGE_LOOP('',(#3173,#3174,#3175,#3176));
#479=EDGE_LOOP('',(#3177,#3178,#3179,#3180));
#480=EDGE_LOOP('',(#3181,#3182,#3183,#3184));
#481=EDGE_LOOP('',(#3185,#3186,#3187,#3188));
#482=EDGE_LOOP('',(#3189,#3190,#3191,#3192));
#483=EDGE_LOOP('',(#3193,#3194,#3195,#3196));
#484=EDGE_LOOP('',(#3197,#3198,#3199,#3200,#3201,#3202,#3203,#3204,#3205,
#3206,#3207,#3208,#3209,#3210,#3211));
#485=EDGE_LOOP('',(#3212,#3213,#3214,#3215,#3216));
#486=EDGE_LOOP('',(#3217,#3218,#3219,#3220));
#487=EDGE_LOOP('',(#3221,#3222,#3223,#3224,#3225));
#488=EDGE_LOOP('',(#3226,#3227,#3228,#3229,#3230));
#489=EDGE_LOOP('',(#3231,#3232,#3233,#3234,#3235));
#490=EDGE_LOOP('',(#3236,#3237,#3238,#3239,#3240));
#491=EDGE_LOOP('',(#3241,#3242,#3243,#3244));
#492=EDGE_LOOP('',(#3245,#3246,#3247,#3248));
#493=EDGE_LOOP('',(#3249,#3250,#3251,#3252));
#494=EDGE_LOOP('',(#3253,#3254,#3255,#3256));
#495=EDGE_LOOP('',(#3257,#3258,#3259,#3260));
#496=EDGE_LOOP('',(#3261,#3262,#3263,#3264));
#497=EDGE_LOOP('',(#3265,#3266,#3267,#3268));
#498=EDGE_LOOP('',(#3269,#3270,#3271,#3272));
#499=EDGE_LOOP('',(#3273,#3274,#3275,#3276));
#500=EDGE_LOOP('',(#3277,#3278,#3279,#3280));
#501=EDGE_LOOP('',(#3281,#3282,#3283,#3284));
#502=EDGE_LOOP('',(#3285,#3286,#3287,#3288));
#503=EDGE_LOOP('',(#3289,#3290,#3291,#3292));
#504=EDGE_LOOP('',(#3293,#3294,#3295,#3296));
#505=EDGE_LOOP('',(#3297,#3298,#3299,#3300));
#506=EDGE_LOOP('',(#3301,#3302,#3303,#3304));
#507=EDGE_LOOP('',(#3305,#3306,#3307,#3308));
#508=EDGE_LOOP('',(#3309,#3310,#3311,#3312));
#509=EDGE_LOOP('',(#3313,#3314,#3315,#3316));
#510=EDGE_LOOP('',(#3317,#3318,#3319,#3320));
#511=EDGE_LOOP('',(#3321,#3322,#3323,#3324));
#512=EDGE_LOOP('',(#3325,#3326,#3327,#3328,#3329,#3330,#3331,#3332));
#513=EDGE_LOOP('',(#3333,#3334,#3335,#3336));
#514=EDGE_LOOP('',(#3337,#3338,#3339,#3340));
#515=EDGE_LOOP('',(#3341,#3342,#3343,#3344));
#516=EDGE_LOOP('',(#3345,#3346,#3347,#3348));
#517=EDGE_LOOP('',(#3349,#3350,#3351,#3352));
#518=EDGE_LOOP('',(#3353,#3354,#3355,#3356));
#519=EDGE_LOOP('',(#3357,#3358,#3359,#3360));
#520=EDGE_LOOP('',(#3361,#3362,#3363,#3364));
#521=EDGE_LOOP('',(#3365,#3366,#3367,#3368,#3369,#3370,#3371,#3372));
#522=EDGE_LOOP('',(#3373,#3374,#3375,#3376));
#523=EDGE_LOOP('',(#3377,#3378,#3379,#3380));
#524=EDGE_LOOP('',(#3381,#3382,#3383,#3384));
#525=EDGE_LOOP('',(#3385,#3386,#3387,#3388));
#526=EDGE_LOOP('',(#3389,#3390,#3391,#3392));
#527=EDGE_LOOP('',(#3393,#3394,#3395,#3396));
#528=EDGE_LOOP('',(#3397,#3398,#3399,#3400,#3401));
#529=EDGE_LOOP('',(#3402,#3403,#3404,#3405,#3406));
#530=EDGE_LOOP('',(#3407,#3408,#3409,#3410));
#531=EDGE_LOOP('',(#3411,#3412,#3413,#3414,#3415));
#532=EDGE_LOOP('',(#3416,#3417,#3418,#3419,#3420));
#533=EDGE_LOOP('',(#3421,#3422,#3423,#3424));
#534=EDGE_LOOP('',(#3425,#3426,#3427,#3428));
#535=EDGE_LOOP('',(#3429,#3430,#3431,#3432));
#536=EDGE_LOOP('',(#3433,#3434,#3435,#3436));
#537=EDGE_LOOP('',(#3437,#3438,#3439,#3440));
#538=EDGE_LOOP('',(#3441,#3442,#3443,#3444));
#539=EDGE_LOOP('',(#3445,#3446,#3447,#3448,#3449,#3450,#3451,#3452));
#540=EDGE_LOOP('',(#3453,#3454,#3455,#3456));
#541=EDGE_LOOP('',(#3457,#3458,#3459,#3460));
#542=EDGE_LOOP('',(#3461,#3462,#3463,#3464));
#543=EDGE_LOOP('',(#3465,#3466,#3467,#3468));
#544=EDGE_LOOP('',(#3469,#3470,#3471,#3472));
#545=EDGE_LOOP('',(#3473,#3474,#3475,#3476,#3477,#3478,#3479,#3480,#3481,
#3482));
#546=EDGE_LOOP('',(#3483,#3484,#3485,#3486));
#547=EDGE_LOOP('',(#3487,#3488,#3489,#3490));
#548=EDGE_LOOP('',(#3491,#3492,#3493,#3494));
#549=EDGE_LOOP('',(#3495,#3496,#3497,#3498));
#550=EDGE_LOOP('',(#3499,#3500,#3501,#3502));
#551=EDGE_LOOP('',(#3503,#3504,#3505,#3506));
#552=EDGE_LOOP('',(#3507,#3508,#3509,#3510,#3511,#3512,#3513,#3514));
#553=EDGE_LOOP('',(#3515,#3516,#3517,#3518,#3519,#3520,#3521,#3522));
#554=EDGE_LOOP('',(#3523,#3524,#3525,#3526,#3527,#3528,#3529,#3530));
#555=EDGE_LOOP('',(#3531,#3532,#3533,#3534,#3535,#3536,#3537,#3538,#3539,
#3540));
#556=EDGE_LOOP('',(#3541,#3542,#3543,#3544,#3545,#3546,#3547,#3548,#3549,
#3550));
#557=EDGE_LOOP('',(#3551,#3552,#3553,#3554,#3555,#3556,#3557,#3558));
#558=EDGE_LOOP('',(#3559,#3560,#3561,#3562,#3563,#3564,#3565,#3566,#3567,
#3568));
#559=EDGE_LOOP('',(#3569,#3570,#3571,#3572,#3573));
#560=EDGE_LOOP('',(#3574,#3575,#3576,#3577,#3578,#3579,#3580,#3581,#3582,
#3583));
#561=EDGE_LOOP('',(#3584,#3585,#3586,#3587,#3588,#3589,#3590,#3591));
#562=EDGE_LOOP('',(#3592,#3593,#3594,#3595));
#563=EDGE_LOOP('',(#3596,#3597,#3598,#3599,#3600));
#564=EDGE_LOOP('',(#3601,#3602,#3603,#3604,#3605,#3606,#3607,#3608));
#565=EDGE_LOOP('',(#3609,#3610,#3611,#3612));
#566=EDGE_LOOP('',(#3613,#3614,#3615,#3616,#3617,#3618,#3619));
#567=EDGE_LOOP('',(#3620,#3621,#3622,#3623,#3624,#3625,#3626,#3627,#3628,
#3629,#3630,#3631,#3632,#3633,#3634,#3635));
#568=EDGE_LOOP('',(#3636,#3637,#3638,#3639));
#569=EDGE_LOOP('',(#3640,#3641,#3642,#3643,#3644));
#570=EDGE_LOOP('',(#3645,#3646,#3647,#3648));
#571=EDGE_LOOP('',(#3649,#3650,#3651,#3652,#3653,#3654,#3655));
#572=EDGE_LOOP('',(#3656,#3657,#3658,#3659));
#573=EDGE_LOOP('',(#3660,#3661,#3662,#3663));
#574=EDGE_LOOP('',(#3664,#3665,#3666,#3667));
#575=EDGE_LOOP('',(#3668,#3669,#3670,#3671));
#576=EDGE_LOOP('',(#3672,#3673,#3674,#3675));
#577=EDGE_LOOP('',(#3676,#3677,#3678,#3679));
#578=EDGE_LOOP('',(#3680,#3681,#3682,#3683,#3684,#3685,#3686,#3687));
#579=EDGE_LOOP('',(#3688,#3689,#3690,#3691));
#580=EDGE_LOOP('',(#3692,#3693,#3694,#3695));
#581=EDGE_LOOP('',(#3696,#3697,#3698,#3699));
#582=EDGE_LOOP('',(#3700,#3701,#3702,#3703));
#583=EDGE_LOOP('',(#3704,#3705,#3706,#3707));
#584=EDGE_LOOP('',(#3708,#3709,#3710,#3711,#3712,#3713,#3714,#3715,#3716,
#3717,#3718,#3719,#3720,#3721,#3722,#3723));
#585=EDGE_LOOP('',(#3724,#3725,#3726,#3727,#3728,#3729,#3730,#3731,#3732,
#3733,#3734,#3735,#3736,#3737,#3738,#3739,#3740,#3741,#3742,#3743,#3744,
#3745,#3746,#3747,#3748,#3749,#3750,#3751,#3752,#3753,#3754,#3755,#3756,
#3757,#3758,#3759,#3760,#3761,#3762,#3763,#3764,#3765,#3766,#3767,#3768,
#3769,#3770,#3771,#3772,#3773,#3774,#3775,#3776,#3777,#3778,#3779,#3780,
#3781,#3782,#3783,#3784,#3785,#3786,#3787,#3788,#3789,#3790,#3791,#3792,
#3793,#3794,#3795,#3796,#3797,#3798,#3799,#3800,#3801,#3802,#3803));
#586=EDGE_LOOP('',(#3804,#3805,#3806,#3807));
#587=EDGE_LOOP('',(#3808,#3809,#3810,#3811));
#588=EDGE_LOOP('',(#3812,#3813,#3814,#3815));
#589=EDGE_LOOP('',(#3816,#3817,#3818,#3819));
#590=EDGE_LOOP('',(#3820,#3821,#3822,#3823));
#591=EDGE_LOOP('',(#3824,#3825,#3826,#3827));
#592=EDGE_LOOP('',(#3828,#3829,#3830,#3831));
#593=EDGE_LOOP('',(#3832,#3833,#3834,#3835));
#594=EDGE_LOOP('',(#3836,#3837,#3838,#3839,#3840));
#595=EDGE_LOOP('',(#3841,#3842,#3843,#3844));
#596=EDGE_LOOP('',(#3845,#3846,#3847,#3848));
#597=EDGE_LOOP('',(#3849,#3850,#3851,#3852));
#598=EDGE_LOOP('',(#3853,#3854,#3855,#3856));
#599=EDGE_LOOP('',(#3857,#3858,#3859,#3860));
#600=EDGE_LOOP('',(#3861,#3862,#3863,#3864));
#601=EDGE_LOOP('',(#3865,#3866,#3867,#3868));
#602=EDGE_LOOP('',(#3869,#3870,#3871,#3872));
#603=EDGE_LOOP('',(#3873,#3874,#3875,#3876));
#604=EDGE_LOOP('',(#3877,#3878,#3879,#3880));
#605=EDGE_LOOP('',(#3881,#3882,#3883,#3884));
#606=EDGE_LOOP('',(#3885,#3886,#3887,#3888));
#607=EDGE_LOOP('',(#3889,#3890,#3891,#3892,#3893));
#608=EDGE_LOOP('',(#3894,#3895,#3896,#3897));
#609=EDGE_LOOP('',(#3898,#3899,#3900,#3901,#3902,#3903,#3904));
#610=EDGE_LOOP('',(#3905,#3906,#3907,#3908,#3909));
#611=EDGE_LOOP('',(#3910,#3911,#3912,#3913,#3914,#3915,#3916));
#612=EDGE_LOOP('',(#3917,#3918,#3919,#3920,#3921));
#613=EDGE_LOOP('',(#3922,#3923,#3924,#3925));
#614=EDGE_LOOP('',(#3926,#3927,#3928,#3929));
#615=EDGE_LOOP('',(#3930,#3931,#3932,#3933));
#616=EDGE_LOOP('',(#3934,#3935,#3936,#3937));
#617=EDGE_LOOP('',(#3938,#3939,#3940,#3941));
#618=EDGE_LOOP('',(#3942,#3943,#3944,#3945));
#619=EDGE_LOOP('',(#3946,#3947,#3948,#3949));
#620=EDGE_LOOP('',(#3950,#3951,#3952,#3953));
#621=EDGE_LOOP('',(#3954,#3955,#3956,#3957,#3958));
#622=EDGE_LOOP('',(#3959,#3960,#3961,#3962,#3963));
#623=EDGE_LOOP('',(#3964,#3965,#3966,#3967));
#624=EDGE_LOOP('',(#3968,#3969,#3970,#3971));
#625=EDGE_LOOP('',(#3972,#3973,#3974,#3975));
#626=EDGE_LOOP('',(#3976,#3977,#3978,#3979));
#627=EDGE_LOOP('',(#3980,#3981,#3982,#3983));
#628=EDGE_LOOP('',(#3984,#3985,#3986,#3987));
#629=EDGE_LOOP('',(#3988,#3989,#3990,#3991,#3992));
#630=EDGE_LOOP('',(#3993,#3994,#3995,#3996));
#631=EDGE_LOOP('',(#3997,#3998,#3999,#4000,#4001,#4002,#4003,#4004,#4005,
#4006,#4007,#4008,#4009,#4010,#4011,#4012,#4013,#4014,#4015,#4016,#4017,
#4018,#4019,#4020,#4021,#4022));
#632=ELLIPSE('',#4278,0.508003177115182,0.5);
#633=ELLIPSE('',#4284,0.508003177115181,0.5);
#634=ELLIPSE('',#4290,0.508003177115181,0.5);
#635=ELLIPSE('',#4295,0.508003177115182,0.5);
#636=ELLIPSE('',#4302,0.508003177115181,0.5);
#637=ELLIPSE('',#4308,0.508003177115181,0.5);
#638=LINE('',#5617,#1203);
#639=LINE('',#5620,#1204);
#640=LINE('',#5623,#1205);
#641=LINE('',#5625,#1206);
#642=LINE('',#5627,#1207);
#643=LINE('',#5629,#1208);
#644=LINE('',#5631,#1209);
#645=LINE('',#5633,#1210);
#646=LINE('',#5634,#1211);
#647=LINE('',#5637,#1212);
#648=LINE('',#5644,#1213);
#649=LINE('',#5647,#1214);
#650=LINE('',#5650,#1215);
#651=LINE('',#5652,#1216);
#652=LINE('',#5653,#1217);
#653=LINE('',#5656,#1218);
#654=LINE('',#5659,#1219);
#655=LINE('',#5665,#1220);
#656=LINE('',#5668,#1221);
#657=LINE('',#5671,#1222);
#658=LINE('',#5673,#1223);
#659=LINE('',#5675,#1224);
#660=LINE('',#5677,#1225);
#661=LINE('',#5679,#1226);
#662=LINE('',#5681,#1227);
#663=LINE('',#5682,#1228);
#664=LINE('',#5685,#1229);
#665=LINE('',#5692,#1230);
#666=LINE('',#5695,#1231);
#667=LINE('',#5698,#1232);
#668=LINE('',#5700,#1233);
#669=LINE('',#5701,#1234);
#670=LINE('',#5704,#1235);
#671=LINE('',#5707,#1236);
#672=LINE('',#5713,#1237);
#673=LINE('',#5716,#1238);
#674=LINE('',#5719,#1239);
#675=LINE('',#5721,#1240);
#676=LINE('',#5723,#1241);
#677=LINE('',#5725,#1242);
#678=LINE('',#5727,#1243);
#679=LINE('',#5729,#1244);
#680=LINE('',#5730,#1245);
#681=LINE('',#5733,#1246);
#682=LINE('',#5740,#1247);
#683=LINE('',#5743,#1248);
#684=LINE('',#5746,#1249);
#685=LINE('',#5748,#1250);
#686=LINE('',#5749,#1251);
#687=LINE('',#5752,#1252);
#688=LINE('',#5755,#1253);
#689=LINE('',#5759,#1254);
#690=LINE('',#5761,#1255);
#691=LINE('',#5763,#1256);
#692=LINE('',#5764,#1257);
#693=LINE('',#5769,#1258);
#694=LINE('',#5770,#1259);
#695=LINE('',#5772,#1260);
#696=LINE('',#5773,#1261);
#697=LINE('',#5777,#1262);
#698=LINE('',#5781,#1263);
#699=LINE('',#5782,#1264);
#700=LINE('',#5783,#1265);
#701=LINE('',#5785,#1266);
#702=LINE('',#5786,#1267);
#703=LINE('',#5788,#1268);
#704=LINE('',#5790,#1269);
#705=LINE('',#5792,#1270);
#706=LINE('',#5794,#1271);
#707=LINE('',#5796,#1272);
#708=LINE('',#5798,#1273);
#709=LINE('',#5800,#1274);
#710=LINE('',#5802,#1275);
#711=LINE('',#5804,#1276);
#712=LINE('',#5806,#1277);
#713=LINE('',#5807,#1278);
#714=LINE('',#5811,#1279);
#715=LINE('',#5813,#1280);
#716=LINE('',#5815,#1281);
#717=LINE('',#5819,#1282);
#718=LINE('',#5821,#1283);
#719=LINE('',#5823,#1284);
#720=LINE('',#5825,#1285);
#721=LINE('',#5827,#1286);
#722=LINE('',#5829,#1287);
#723=LINE('',#5831,#1288);
#724=LINE('',#5833,#1289);
#725=LINE('',#5835,#1290);
#726=LINE('',#5837,#1291);
#727=LINE('',#5839,#1292);
#728=LINE('',#5841,#1293);
#729=LINE('',#5843,#1294);
#730=LINE('',#5845,#1295);
#731=LINE('',#5847,#1296);
#732=LINE('',#5849,#1297);
#733=LINE('',#5851,#1298);
#734=LINE('',#5853,#1299);
#735=LINE('',#5855,#1300);
#736=LINE('',#5856,#1301);
#737=LINE('',#5860,#1302);
#738=LINE('',#5862,#1303);
#739=LINE('',#5864,#1304);
#740=LINE('',#5868,#1305);
#741=LINE('',#5870,#1306);
#742=LINE('',#5872,#1307);
#743=LINE('',#5874,#1308);
#744=LINE('',#5876,#1309);
#745=LINE('',#5878,#1310);
#746=LINE('',#5880,#1311);
#747=LINE('',#5882,#1312);
#748=LINE('',#5884,#1313);
#749=LINE('',#5886,#1314);
#750=LINE('',#5887,#1315);
#751=LINE('',#5888,#1316);
#752=LINE('',#5891,#1317);
#753=LINE('',#5893,#1318);
#754=LINE('',#5895,#1319);
#755=LINE('',#5896,#1320);
#756=LINE('',#5899,#1321);
#757=LINE('',#5901,#1322);
#758=LINE('',#5903,#1323);
#759=LINE('',#5904,#1324);
#760=LINE('',#5907,#1325);
#761=LINE('',#5909,#1326);
#762=LINE('',#5911,#1327);
#763=LINE('',#5912,#1328);
#764=LINE('',#5915,#1329);
#765=LINE('',#5916,#1330);
#766=LINE('',#5919,#1331);
#767=LINE('',#5920,#1332);
#768=LINE('',#5923,#1333);
#769=LINE('',#5924,#1334);
#770=LINE('',#5926,#1335);
#771=LINE('',#5928,#1336);
#772=LINE('',#5930,#1337);
#773=LINE('',#5932,#1338);
#774=LINE('',#5936,#1339);
#775=LINE('',#5938,#1340);
#776=LINE('',#5940,#1341);
#777=LINE('',#5942,#1342);
#778=LINE('',#5944,#1343);
#779=LINE('',#5946,#1344);
#780=LINE('',#5948,#1345);
#781=LINE('',#5950,#1346);
#782=LINE('',#5952,#1347);
#783=LINE('',#5954,#1348);
#784=LINE('',#5956,#1349);
#785=LINE('',#5960,#1350);
#786=LINE('',#5962,#1351);
#787=LINE('',#5964,#1352);
#788=LINE('',#5965,#1353);
#789=LINE('',#5968,#1354);
#790=LINE('',#5970,#1355);
#791=LINE('',#5972,#1356);
#792=LINE('',#5973,#1357);
#793=LINE('',#5976,#1358);
#794=LINE('',#5978,#1359);
#795=LINE('',#5980,#1360);
#796=LINE('',#5981,#1361);
#797=LINE('',#5983,#1362);
#798=LINE('',#5986,#1363);
#799=LINE('',#5987,#1364);
#800=LINE('',#5989,#1365);
#801=LINE('',#5990,#1366);
#802=LINE('',#5993,#1367);
#803=LINE('',#5994,#1368);
#804=LINE('',#5995,#1369);
#805=LINE('',#5997,#1370);
#806=LINE('',#5999,#1371);
#807=LINE('',#6001,#1372);
#808=LINE('',#6002,#1373);
#809=LINE('',#6005,#1374);
#810=LINE('',#6006,#1375);
#811=LINE('',#6009,#1376);
#812=LINE('',#6010,#1377);
#813=LINE('',#6013,#1378);
#814=LINE('',#6014,#1379);
#815=LINE('',#6017,#1380);
#816=LINE('',#6018,#1381);
#817=LINE('',#6020,#1382);
#818=LINE('',#6022,#1383);
#819=LINE('',#6024,#1384);
#820=LINE('',#6025,#1385);
#821=LINE('',#6027,#1386);
#822=LINE('',#6028,#1387);
#823=LINE('',#6030,#1388);
#824=LINE('',#6032,#1389);
#825=LINE('',#6034,#1390);
#826=LINE('',#6035,#1391);
#827=LINE('',#6037,#1392);
#828=LINE('',#6038,#1393);
#829=LINE('',#6042,#1394);
#830=LINE('',#6043,#1395);
#831=LINE('',#6046,#1396);
#832=LINE('',#6047,#1397);
#833=LINE('',#6050,#1398);
#834=LINE('',#6051,#1399);
#835=LINE('',#6054,#1400);
#836=LINE('',#6055,#1401);
#837=LINE('',#6059,#1402);
#838=LINE('',#6061,#1403);
#839=LINE('',#6063,#1404);
#840=LINE('',#6065,#1405);
#841=LINE('',#6067,#1406);
#842=LINE('',#6069,#1407);
#843=LINE('',#6071,#1408);
#844=LINE('',#6073,#1409);
#845=LINE('',#6075,#1410);
#846=LINE('',#6077,#1411);
#847=LINE('',#6079,#1412);
#848=LINE('',#6081,#1413);
#849=LINE('',#6082,#1414);
#850=LINE('',#6086,#1415);
#851=LINE('',#6088,#1416);
#852=LINE('',#6089,#1417);
#853=LINE('',#6091,#1418);
#854=LINE('',#6093,#1419);
#855=LINE('',#6095,#1420);
#856=LINE('',#6096,#1421);
#857=LINE('',#6099,#1422);
#858=LINE('',#6100,#1423);
#859=LINE('',#6103,#1424);
#860=LINE('',#6104,#1425);
#861=LINE('',#6107,#1426);
#862=LINE('',#6108,#1427);
#863=LINE('',#6111,#1428);
#864=LINE('',#6112,#1429);
#865=LINE('',#6115,#1430);
#866=LINE('',#6116,#1431);
#867=LINE('',#6119,#1432);
#868=LINE('',#6120,#1433);
#869=LINE('',#6123,#1434);
#870=LINE('',#6124,#1435);
#871=LINE('',#6127,#1436);
#872=LINE('',#6128,#1437);
#873=LINE('',#6131,#1438);
#874=LINE('',#6132,#1439);
#875=LINE('',#6135,#1440);
#876=LINE('',#6136,#1441);
#877=LINE('',#6139,#1442);
#878=LINE('',#6140,#1443);
#879=LINE('',#6142,#1444);
#880=LINE('',#6144,#1445);
#881=LINE('',#6147,#1446);
#882=LINE('',#6149,#1447);
#883=LINE('',#6151,#1448);
#884=LINE('',#6152,#1449);
#885=LINE('',#6155,#1450);
#886=LINE('',#6157,#1451);
#887=LINE('',#6158,#1452);
#888=LINE('',#6161,#1453);
#889=LINE('',#6163,#1454);
#890=LINE('',#6165,#1455);
#891=LINE('',#6166,#1456);
#892=LINE('',#6168,#1457);
#893=LINE('',#6170,#1458);
#894=LINE('',#6173,#1459);
#895=LINE('',#6175,#1460);
#896=LINE('',#6177,#1461);
#897=LINE('',#6178,#1462);
#898=LINE('',#6181,#1463);
#899=LINE('',#6184,#1464);
#900=LINE('',#6187,#1465);
#901=LINE('',#6188,#1466);
#902=LINE('',#6192,#1467);
#903=LINE('',#6194,#1468);
#904=LINE('',#6200,#1469);
#905=LINE('',#6201,#1470);
#906=LINE('',#6204,#1471);
#907=LINE('',#6205,#1472);
#908=LINE('',#6209,#1473);
#909=LINE('',#6211,#1474);
#910=LINE('',#6215,#1475);
#911=LINE('',#6218,#1476);
#912=LINE('',#6221,#1477);
#913=LINE('',#6222,#1478);
#914=LINE('',#6226,#1479);
#915=LINE('',#6228,#1480);
#916=LINE('',#6232,#1481);
#917=LINE('',#6234,#1482);
#918=LINE('',#6235,#1483);
#919=LINE('',#6238,#1484);
#920=LINE('',#6240,#1485);
#921=LINE('',#6241,#1486);
#922=LINE('',#6244,#1487);
#923=LINE('',#6245,#1488);
#924=LINE('',#6248,#1489);
#925=LINE('',#6249,#1490);
#926=LINE('',#6252,#1491);
#927=LINE('',#6253,#1492);
#928=LINE('',#6256,#1493);
#929=LINE('',#6257,#1494);
#930=LINE('',#6260,#1495);
#931=LINE('',#6261,#1496);
#932=LINE('',#6264,#1497);
#933=LINE('',#6265,#1498);
#934=LINE('',#6268,#1499);
#935=LINE('',#6269,#1500);
#936=LINE('',#6272,#1501);
#937=LINE('',#6273,#1502);
#938=LINE('',#6276,#1503);
#939=LINE('',#6277,#1504);
#940=LINE('',#6280,#1505);
#941=LINE('',#6281,#1506);
#942=LINE('',#6284,#1507);
#943=LINE('',#6285,#1508);
#944=LINE('',#6288,#1509);
#945=LINE('',#6289,#1510);
#946=LINE('',#6292,#1511);
#947=LINE('',#6293,#1512);
#948=LINE('',#6296,#1513);
#949=LINE('',#6297,#1514);
#950=LINE('',#6300,#1515);
#951=LINE('',#6301,#1516);
#952=LINE('',#6304,#1517);
#953=LINE('',#6305,#1518);
#954=LINE('',#6308,#1519);
#955=LINE('',#6309,#1520);
#956=LINE('',#6312,#1521);
#957=LINE('',#6313,#1522);
#958=LINE('',#6316,#1523);
#959=LINE('',#6317,#1524);
#960=LINE('',#6320,#1525);
#961=LINE('',#6321,#1526);
#962=LINE('',#6324,#1527);
#963=LINE('',#6326,#1528);
#964=LINE('',#6327,#1529);
#965=LINE('',#6330,#1530);
#966=LINE('',#6332,#1531);
#967=LINE('',#6333,#1532);
#968=LINE('',#6336,#1533);
#969=LINE('',#6337,#1534);
#970=LINE('',#6339,#1535);
#971=LINE('',#6340,#1536);
#972=LINE('',#6343,#1537);
#973=LINE('',#6344,#1538);
#974=LINE('',#6347,#1539);
#975=LINE('',#6348,#1540);
#976=LINE('',#6351,#1541);
#977=LINE('',#6352,#1542);
#978=LINE('',#6355,#1543);
#979=LINE('',#6356,#1544);
#980=LINE('',#6359,#1545);
#981=LINE('',#6360,#1546);
#982=LINE('',#6363,#1547);
#983=LINE('',#6364,#1548);
#984=LINE('',#6367,#1549);
#985=LINE('',#6368,#1550);
#986=LINE('',#6371,#1551);
#987=LINE('',#6372,#1552);
#988=LINE('',#6375,#1553);
#989=LINE('',#6376,#1554);
#990=LINE('',#6379,#1555);
#991=LINE('',#6380,#1556);
#992=LINE('',#6382,#1557);
#993=LINE('',#6385,#1558);
#994=LINE('',#6386,#1559);
#995=LINE('',#6388,#1560);
#996=LINE('',#6391,#1561);
#997=LINE('',#6393,#1562);
#998=LINE('',#6394,#1563);
#999=LINE('',#6398,#1564);
#1000=LINE('',#6400,#1565);
#1001=LINE('',#6402,#1566);
#1002=LINE('',#6403,#1567);
#1003=LINE('',#6407,#1568);
#1004=LINE('',#6409,#1569);
#1005=LINE('',#6411,#1570);
#1006=LINE('',#6412,#1571);
#1007=LINE('',#6416,#1572);
#1008=LINE('',#6418,#1573);
#1009=LINE('',#6420,#1574);
#1010=LINE('',#6421,#1575);
#1011=LINE('',#6425,#1576);
#1012=LINE('',#6427,#1577);
#1013=LINE('',#6429,#1578);
#1014=LINE('',#6430,#1579);
#1015=LINE('',#6434,#1580);
#1016=LINE('',#6436,#1581);
#1017=LINE('',#6438,#1582);
#1018=LINE('',#6439,#1583);
#1019=LINE('',#6443,#1584);
#1020=LINE('',#6445,#1585);
#1021=LINE('',#6447,#1586);
#1022=LINE('',#6448,#1587);
#1023=LINE('',#6450,#1588);
#1024=LINE('',#6451,#1589);
#1025=LINE('',#6452,#1590);
#1026=LINE('',#6453,#1591);
#1027=LINE('',#6455,#1592);
#1028=LINE('',#6457,#1593);
#1029=LINE('',#6459,#1594);
#1030=LINE('',#6461,#1595);
#1031=LINE('',#6463,#1596);
#1032=LINE('',#6464,#1597);
#1033=LINE('',#6465,#1598);
#1034=LINE('',#6468,#1599);
#1035=LINE('',#6470,#1600);
#1036=LINE('',#6472,#1601);
#1037=LINE('',#6474,#1602);
#1038=LINE('',#6476,#1603);
#1039=LINE('',#6477,#1604);
#1040=LINE('',#6480,#1605);
#1041=LINE('',#6482,#1606);
#1042=LINE('',#6484,#1607);
#1043=LINE('',#6486,#1608);
#1044=LINE('',#6490,#1609);
#1045=LINE('',#6492,#1610);
#1046=LINE('',#6494,#1611);
#1047=LINE('',#6495,#1612);
#1048=LINE('',#6498,#1613);
#1049=LINE('',#6500,#1614);
#1050=LINE('',#6502,#1615);
#1051=LINE('',#6504,#1616);
#1052=LINE('',#6506,#1617);
#1053=LINE('',#6510,#1618);
#1054=LINE('',#6512,#1619);
#1055=LINE('',#6513,#1620);
#1056=LINE('',#6516,#1621);
#1057=LINE('',#6518,#1622);
#1058=LINE('',#6520,#1623);
#1059=LINE('',#6522,#1624);
#1060=LINE('',#6524,#1625);
#1061=LINE('',#6525,#1626);
#1062=LINE('',#6528,#1627);
#1063=LINE('',#6530,#1628);
#1064=LINE('',#6532,#1629);
#1065=LINE('',#6534,#1630);
#1066=LINE('',#6536,#1631);
#1067=LINE('',#6540,#1632);
#1068=LINE('',#6542,#1633);
#1069=LINE('',#6543,#1634);
#1070=LINE('',#6546,#1635);
#1071=LINE('',#6547,#1636);
#1072=LINE('',#6550,#1637);
#1073=LINE('',#6552,#1638);
#1074=LINE('',#6554,#1639);
#1075=LINE('',#6556,#1640);
#1076=LINE('',#6560,#1641);
#1077=LINE('',#6562,#1642);
#1078=LINE('',#6564,#1643);
#1079=LINE('',#6565,#1644);
#1080=LINE('',#6567,#1645);
#1081=LINE('',#6569,#1646);
#1082=LINE('',#6571,#1647);
#1083=LINE('',#6572,#1648);
#1084=LINE('',#6573,#1649);
#1085=LINE('',#6579,#1650);
#1086=LINE('',#6582,#1651);
#1087=LINE('',#6584,#1652);
#1088=LINE('',#6586,#1653);
#1089=LINE('',#6587,#1654);
#1090=LINE('',#6590,#1655);
#1091=LINE('',#6592,#1656);
#1092=LINE('',#6594,#1657);
#1093=LINE('',#6596,#1658);
#1094=LINE('',#6598,#1659);
#1095=LINE('',#6600,#1660);
#1096=LINE('',#6601,#1661);
#1097=LINE('',#6607,#1662);
#1098=LINE('',#6609,#1663);
#1099=LINE('',#6610,#1664);
#1100=LINE('',#6611,#1665);
#1101=LINE('',#6614,#1666);
#1102=LINE('',#6616,#1667);
#1103=LINE('',#6617,#1668);
#1104=LINE('',#6618,#1669);
#1105=LINE('',#6620,#1670);
#1106=LINE('',#6622,#1671);
#1107=LINE('',#6623,#1672);
#1108=LINE('',#6624,#1673);
#1109=LINE('',#6629,#1674);
#1110=LINE('',#6630,#1675);
#1111=LINE('',#6636,#1676);
#1112=LINE('',#6638,#1677);
#1113=LINE('',#6639,#1678);
#1114=LINE('',#6640,#1679);
#1115=LINE('',#6641,#1680);
#1116=LINE('',#6643,#1681);
#1117=LINE('',#6645,#1682);
#1118=LINE('',#6647,#1683);
#1119=LINE('',#6648,#1684);
#1120=LINE('',#6651,#1685);
#1121=LINE('',#6652,#1686);
#1122=LINE('',#6655,#1687);
#1123=LINE('',#6657,#1688);
#1124=LINE('',#6658,#1689);
#1125=LINE('',#6660,#1690);
#1126=LINE('',#6661,#1691);
#1127=LINE('',#6664,#1692);
#1128=LINE('',#6665,#1693);
#1129=LINE('',#6668,#1694);
#1130=LINE('',#6669,#1695);
#1131=LINE('',#6672,#1696);
#1132=LINE('',#6674,#1697);
#1133=LINE('',#6675,#1698);
#1134=LINE('',#6677,#1699);
#1135=LINE('',#6679,#1700);
#1136=LINE('',#6680,#1701);
#1137=LINE('',#6682,#1702);
#1138=LINE('',#6683,#1703);
#1139=LINE('',#6684,#1704);
#1140=LINE('',#6685,#1705);
#1141=LINE('',#6688,#1706);
#1142=LINE('',#6690,#1707);
#1143=LINE('',#6691,#1708);
#1144=LINE('',#6692,#1709);
#1145=LINE('',#6693,#1710);
#1146=LINE('',#6694,#1711);
#1147=LINE('',#6696,#1712);
#1148=LINE('',#6697,#1713);
#1149=LINE('',#6699,#1714);
#1150=LINE('',#6700,#1715);
#1151=LINE('',#6702,#1716);
#1152=LINE('',#6704,#1717);
#1153=LINE('',#6707,#1718);
#1154=LINE('',#6708,#1719);
#1155=LINE('',#6710,#1720);
#1156=LINE('',#6712,#1721);
#1157=LINE('',#6715,#1722);
#1158=LINE('',#6717,#1723);
#1159=LINE('',#6719,#1724);
#1160=LINE('',#6721,#1725);
#1161=LINE('',#6723,#1726);
#1162=LINE('',#6725,#1727);
#1163=LINE('',#6728,#1728);
#1164=LINE('',#6730,#1729);
#1165=LINE('',#6732,#1730);
#1166=LINE('',#6734,#1731);
#1167=LINE('',#6736,#1732);
#1168=LINE('',#6739,#1733);
#1169=LINE('',#6740,#1734);
#1170=LINE('',#6743,#1735);
#1171=LINE('',#6748,#1736);
#1172=LINE('',#6749,#1737);
#1173=LINE('',#6752,#1738);
#1174=LINE('',#6753,#1739);
#1175=LINE('',#6756,#1740);
#1176=LINE('',#6757,#1741);
#1177=LINE('',#6760,#1742);
#1178=LINE('',#6761,#1743);
#1179=LINE('',#6764,#1744);
#1180=LINE('',#6765,#1745);
#1181=LINE('',#6768,#1746);
#1182=LINE('',#6772,#1747);
#1183=LINE('',#6773,#1748);
#1184=LINE('',#6776,#1749);
#1185=LINE('',#6777,#1750);
#1186=LINE('',#6780,#1751);
#1187=LINE('',#6781,#1752);
#1188=LINE('',#6783,#1753);
#1189=LINE('',#6785,#1754);
#1190=LINE('',#6788,#1755);
#1191=LINE('',#6789,#1756);
#1192=LINE('',#6792,#1757);
#1193=LINE('',#6793,#1758);
#1194=LINE('',#6796,#1759);
#1195=LINE('',#6800,#1760);
#1196=LINE('',#6801,#1761);
#1197=LINE('',#6804,#1762);
#1198=LINE('',#6805,#1763);
#1199=LINE('',#6807,#1764);
#1200=LINE('',#6810,#1765);
#1201=LINE('',#6811,#1766);
#1202=LINE('',#6813,#1767);
#1203=VECTOR('',#4538,0.820364502849595);
#1204=VECTOR('',#4541,0.730546754274392);
#1205=VECTOR('',#4544,0.699999999999988);
#1206=VECTOR('',#4545,0.499999999999999);
#1207=VECTOR('',#4546,0.698999999980827);
#1208=VECTOR('',#4547,0.001000000019173);
#1209=VECTOR('',#4548,1.);
#1210=VECTOR('',#4549,0.500000000000002);
#1211=VECTOR('',#4550,1.);
#1212=VECTOR('',#4553,0.765095097106378);
#1213=VECTOR('',#4560,0.730546754274393);
#1214=VECTOR('',#4563,0.820364502849595);
#1215=VECTOR('',#4566,1.52400953134554);
#1216=VECTOR('',#4567,0.500000000000002);
#1217=VECTOR('',#4568,1.01600635423036);
#1218=VECTOR('',#4571,0.699999999999989);
#1219=VECTOR('',#4574,0.765095097106376);
#1220=VECTOR('',#4579,0.820364502849595);
#1221=VECTOR('',#4582,0.730546754274392);
#1222=VECTOR('',#4585,0.699999999999988);
#1223=VECTOR('',#4586,0.5);
#1224=VECTOR('',#4587,0.698999999950299);
#1225=VECTOR('',#4588,0.001000000049701);
#1226=VECTOR('',#4589,0.999999999999999);
#1227=VECTOR('',#4590,0.500000000000002);
#1228=VECTOR('',#4591,0.999999999999999);
#1229=VECTOR('',#4594,0.765095097106376);
#1230=VECTOR('',#4601,0.820364502849596);
#1231=VECTOR('',#4604,0.730546754274393);
#1232=VECTOR('',#4607,1.52400953134554);
#1233=VECTOR('',#4608,0.499999999999999);
#1234=VECTOR('',#4609,1.01600635423036);
#1235=VECTOR('',#4612,0.7);
#1236=VECTOR('',#4615,0.765095097106376);
#1237=VECTOR('',#4620,0.820364502849596);
#1238=VECTOR('',#4623,0.730546754274394);
#1239=VECTOR('',#4626,0.699999999999998);
#1240=VECTOR('',#4627,0.5);
#1241=VECTOR('',#4628,0.698999999904501);
#1242=VECTOR('',#4629,0.001000000095498);
#1243=VECTOR('',#4630,0.999999999999987);
#1244=VECTOR('',#4631,0.5);
#1245=VECTOR('',#4632,0.999999999999988);
#1246=VECTOR('',#4635,0.765095097106376);
#1247=VECTOR('',#4642,0.730546754274392);
#1248=VECTOR('',#4645,0.820364502849595);
#1249=VECTOR('',#4648,1.52400953134554);
#1250=VECTOR('',#4649,0.500000000000002);
#1251=VECTOR('',#4650,1.01600635423036);
#1252=VECTOR('',#4653,0.699999999999988);
#1253=VECTOR('',#4656,0.765095097106378);
#1254=VECTOR('',#4659,0.73036711876397);
#1255=VECTOR('',#4660,0.001000000064968);
#1256=VECTOR('',#4661,0.730546754274393);
#1257=VECTOR('',#4662,0.001016006429301);
#1258=VECTOR('',#4667,0.499999999999999);
#1259=VECTOR('',#4668,0.5);
#1260=VECTOR('',#4671,0.764079090677075);
#1261=VECTOR('',#4672,0.499999999999999);
#1262=VECTOR('',#4677,0.5);
#1263=VECTOR('',#4680,0.001016006442194);
#1264=VECTOR('',#4681,0.764079090664182);
#1265=VECTOR('',#4682,0.5);
#1266=VECTOR('',#4685,0.730367118761691);
#1267=VECTOR('',#4686,0.730546754274394);
#1268=VECTOR('',#4689,0.698999999935031);
#1269=VECTOR('',#4690,0.049999999926738);
#1270=VECTOR('',#4691,0.500000000019171);
#1271=VECTOR('',#4692,3.69900000007731);
#1272=VECTOR('',#4693,0.500000000019173);
#1273=VECTOR('',#4694,1.39999999999387);
#1274=VECTOR('',#4695,0.001000000000001);
#1275=VECTOR('',#4696,0.499999999983779);
#1276=VECTOR('',#4697,1.44800000000202);
#1277=VECTOR('',#4698,0.500000000019173);
#1278=VECTOR('',#4699,0.049999999995896);
#1279=VECTOR('',#4702,0.764079090741731);
#1280=VECTOR('',#4703,1.03926576244692);
#1281=VECTOR('',#4704,0.764079090754624);
#1282=VECTOR('',#4707,0.699000000011359);
#1283=VECTOR('',#4708,0.050000000004103);
#1284=VECTOR('',#4709,0.499999999970324);
#1285=VECTOR('',#4710,1.44800000000202);
#1286=VECTOR('',#4711,0.5);
#1287=VECTOR('',#4712,0.000999999976797);
#1288=VECTOR('',#4713,1.40000000000611);
#1289=VECTOR('',#4714,0.5);
#1290=VECTOR('',#4715,3.69900000000001);
#1291=VECTOR('',#4716,0.5);
#1292=VECTOR('',#4717,2.6);
#1293=VECTOR('',#4718,0.499999999903303);
#1294=VECTOR('',#4719,3.69899999999999);
#1295=VECTOR('',#4720,0.5);
#1296=VECTOR('',#4721,1.40000000000002);
#1297=VECTOR('',#4722,0.001000000000001);
#1298=VECTOR('',#4723,0.499999999999967);
#1299=VECTOR('',#4724,1.44799999983349);
#1300=VECTOR('',#4725,0.5000000000503);
#1301=VECTOR('',#4726,0.050000000160399);
#1302=VECTOR('',#4729,0.764079090710711);
#1303=VECTOR('',#4730,1.03926576245789);
#1304=VECTOR('',#4731,0.764079090723608);
#1305=VECTOR('',#4734,0.698999999980829);
#1306=VECTOR('',#4735,0.049999999839601);
#1307=VECTOR('',#4736,0.500000000019172);
#1308=VECTOR('',#4737,1.44800000016652);
#1309=VECTOR('',#4738,0.500000000018317);
#1310=VECTOR('',#4739,0.000999999976794);
#1311=VECTOR('',#4740,1.40000000000611);
#1312=VECTOR('',#4741,0.499999999954206);
#1313=VECTOR('',#4742,3.69899999992063);
#1314=VECTOR('',#4743,0.500000000095499);
#1315=VECTOR('',#4744,0.050000000073262);
#1316=VECTOR('',#4745,1.03926576247434);
#1317=VECTOR('',#4746,0.5);
#1318=VECTOR('',#4747,0.4);
#1319=VECTOR('',#4748,0.5);
#1320=VECTOR('',#4749,0.4);
#1321=VECTOR('',#4750,0.5);
#1322=VECTOR('',#4751,0.399999999999999);
#1323=VECTOR('',#4752,0.500000000000001);
#1324=VECTOR('',#4753,0.399999999999999);
#1325=VECTOR('',#4754,0.500000000000001);
#1326=VECTOR('',#4755,0.399999999999999);
#1327=VECTOR('',#4756,0.500000000000001);
#1328=VECTOR('',#4757,0.399999999999999);
#1329=VECTOR('',#4760,0.999999999999994);
#1330=VECTOR('',#4761,1.);
#1331=VECTOR('',#4764,0.999999999999994);
#1332=VECTOR('',#4765,0.499999999999999);
#1333=VECTOR('',#4768,0.500000000000001);
#1334=VECTOR('',#4769,1.01600635423035);
#1335=VECTOR('',#4770,3.75);
#1336=VECTOR('',#4771,2.5);
#1337=VECTOR('',#4772,0.600000000000001);
#1338=VECTOR('',#4773,3.1);
#1339=VECTOR('',#4776,3.1);
#1340=VECTOR('',#4777,0.499999999999993);
#1341=VECTOR('',#4778,7.5);
#1342=VECTOR('',#4779,0.761577310586391);
#1343=VECTOR('',#4780,0.199999999999998);
#1344=VECTOR('',#4781,12.4);
#1345=VECTOR('',#4782,0.200000000000011);
#1346=VECTOR('',#4783,0.761577310586392);
#1347=VECTOR('',#4784,7.5);
#1348=VECTOR('',#4785,0.499999999999992);
#1349=VECTOR('',#4786,3.1);
#1350=VECTOR('',#4789,3.1);
#1351=VECTOR('',#4790,0.600000000000001);
#1352=VECTOR('',#4791,2.5);
#1353=VECTOR('',#4792,3.75000000000001);
#1354=VECTOR('',#4793,0.600000000000001);
#1355=VECTOR('',#4794,2.);
#1356=VECTOR('',#4795,0.6);
#1357=VECTOR('',#4796,2.);
#1358=VECTOR('',#4797,2.);
#1359=VECTOR('',#4798,0.6);
#1360=VECTOR('',#4799,2.);
#1361=VECTOR('',#4800,0.6);
#1362=VECTOR('',#4803,0.499999999999999);
#1363=VECTOR('',#4806,0.499999999999999);
#1364=VECTOR('',#4807,0.001016006364647);
#1365=VECTOR('',#4810,0.7303671187754);
#1366=VECTOR('',#4811,0.730546754274393);
#1367=VECTOR('',#4814,0.001016006351752);
#1368=VECTOR('',#4815,0.5);
#1369=VECTOR('',#4816,0.5);
#1370=VECTOR('',#4819,0.5);
#1371=VECTOR('',#4822,0.73036711877768);
#1372=VECTOR('',#4823,0.000999999988641);
#1373=VECTOR('',#4824,0.730546754274392);
#1374=VECTOR('',#4827,1.52400953134554);
#1375=VECTOR('',#4828,1.);
#1376=VECTOR('',#4831,0.999999999999999);
#1377=VECTOR('',#4832,1.);
#1378=VECTOR('',#4835,0.999999999999998);
#1379=VECTOR('',#4836,0.500000000000002);
#1380=VECTOR('',#4839,1.01600635423036);
#1381=VECTOR('',#4840,0.500000000000002);
#1382=VECTOR('',#4843,0.730367118772196);
#1383=VECTOR('',#4844,0.00100000001917);
#1384=VECTOR('',#4845,0.730546754274393);
#1385=VECTOR('',#4846,0.00101600638277);
#1386=VECTOR('',#4849,0.499999999999999);
#1387=VECTOR('',#4850,0.499999999999999);
#1388=VECTOR('',#4853,0.499999999999999);
#1389=VECTOR('',#4856,0.730367118769916);
#1390=VECTOR('',#4857,0.001016006395665);
#1391=VECTOR('',#4858,0.730546754274392);
#1392=VECTOR('',#4861,0.5);
#1393=VECTOR('',#4862,0.5);
#1394=VECTOR('',#4867,1.);
#1395=VECTOR('',#4868,1.);
#1396=VECTOR('',#4871,1.);
#1397=VECTOR('',#4872,0.500000000000002);
#1398=VECTOR('',#4875,1.52400953134554);
#1399=VECTOR('',#4876,1.);
#1400=VECTOR('',#4879,1.01600635423036);
#1401=VECTOR('',#4880,0.500000000000002);
#1402=VECTOR('',#4883,0.707106781186548);
#1403=VECTOR('',#4884,7.99900000007694);
#1404=VECTOR('',#4885,5.);
#1405=VECTOR('',#4886,7.99900000007694);
#1406=VECTOR('',#4887,0.707106781186546);
#1407=VECTOR('',#4888,0.707106781186547);
#1408=VECTOR('',#4889,0.707106781186548);
#1409=VECTOR('',#4890,0.707106781186547);
#1410=VECTOR('',#4891,0.707106781186548);
#1411=VECTOR('',#4892,0.707106781186548);
#1412=VECTOR('',#4893,0.707106781186548);
#1413=VECTOR('',#4894,0.707106781186548);
#1414=VECTOR('',#4895,0.707106781186547);
#1415=VECTOR('',#4898,3.2);
#1416=VECTOR('',#4899,0.500000000000004);
#1417=VECTOR('',#4900,4.);
#1418=VECTOR('',#4901,4.);
#1419=VECTOR('',#4902,0.499999999999998);
#1420=VECTOR('',#4903,3.2);
#1421=VECTOR('',#4904,4.);
#1422=VECTOR('',#4907,7.99900000007694);
#1423=VECTOR('',#4908,4.);
#1424=VECTOR('',#4911,0.707106781186546);
#1425=VECTOR('',#4912,4.);
#1426=VECTOR('',#4915,0.707106781186547);
#1427=VECTOR('',#4916,4.);
#1428=VECTOR('',#4919,0.707106781186548);
#1429=VECTOR('',#4920,4.);
#1430=VECTOR('',#4923,0.707106781186547);
#1431=VECTOR('',#4924,4.);
#1432=VECTOR('',#4927,0.707106781186548);
#1433=VECTOR('',#4928,4.);
#1434=VECTOR('',#4931,0.707106781186548);
#1435=VECTOR('',#4932,4.);
#1436=VECTOR('',#4935,0.707106781186548);
#1437=VECTOR('',#4936,4.);
#1438=VECTOR('',#4939,0.707106781186548);
#1439=VECTOR('',#4940,4.);
#1440=VECTOR('',#4943,0.707106781186547);
#1441=VECTOR('',#4944,4.);
#1442=VECTOR('',#4947,0.707106781186548);
#1443=VECTOR('',#4948,4.);
#1444=VECTOR('',#4951,7.99900000007694);
#1445=VECTOR('',#4954,4.);
#1446=VECTOR('',#4957,1.);
#1447=VECTOR('',#4958,0.5);
#1448=VECTOR('',#4959,0.5);
#1449=VECTOR('',#4960,4.);
#1450=VECTOR('',#4963,0.8);
#1451=VECTOR('',#4964,4.);
#1452=VECTOR('',#4965,0.800000000000001);
#1453=VECTOR('',#4968,1.);
#1454=VECTOR('',#4969,4.);
#1455=VECTOR('',#4970,0.5);
#1456=VECTOR('',#4971,0.5);
#1457=VECTOR('',#4974,4.);
#1458=VECTOR('',#4977,4.);
#1459=VECTOR('',#4980,0.2);
#1460=VECTOR('',#4981,0.499000000012213);
#1461=VECTOR('',#4982,0.000999999987787);
#1462=VECTOR('',#4983,0.2);
#1463=VECTOR('',#4986,4.75);
#1464=VECTOR('',#4989,4.75);
#1465=VECTOR('',#4992,4.75);
#1466=VECTOR('',#4993,0.4);
#1467=VECTOR('',#4998,0.4);
#1468=VECTOR('',#5001,4.75);
#1469=VECTOR('',#5008,4.75);
#1470=VECTOR('',#5009,4.75);
#1471=VECTOR('',#5012,4.75);
#1472=VECTOR('',#5013,0.399999999999999);
#1473=VECTOR('',#5018,0.399999999999999);
#1474=VECTOR('',#5021,4.75);
#1475=VECTOR('',#5026,4.75);
#1476=VECTOR('',#5029,4.75);
#1477=VECTOR('',#5032,4.75);
#1478=VECTOR('',#5033,0.399999999999999);
#1479=VECTOR('',#5038,0.399999999999999);
#1480=VECTOR('',#5041,4.75);
#1481=VECTOR('',#5046,2.70000000000611);
#1482=VECTOR('',#5047,0.499000000045189);
#1483=VECTOR('',#5048,2.70000000000001);
#1484=VECTOR('',#5051,1.);
#1485=VECTOR('',#5052,0.001);
#1486=VECTOR('',#5053,1.);
#1487=VECTOR('',#5056,1.);
#1488=VECTOR('',#5057,1.39999999999387);
#1489=VECTOR('',#5060,1.);
#1490=VECTOR('',#5061,0.500000000019173);
#1491=VECTOR('',#5064,1.);
#1492=VECTOR('',#5065,3.69900000007731);
#1493=VECTOR('',#5068,1.);
#1494=VECTOR('',#5069,0.500000000019171);
#1495=VECTOR('',#5072,1.);
#1496=VECTOR('',#5073,2.6);
#1497=VECTOR('',#5076,1.);
#1498=VECTOR('',#5077,0.500000000095499);
#1499=VECTOR('',#5080,1.);
#1500=VECTOR('',#5081,3.69899999992063);
#1501=VECTOR('',#5084,1.);
#1502=VECTOR('',#5085,0.499999999954206);
#1503=VECTOR('',#5088,1.);
#1504=VECTOR('',#5089,1.40000000000611);
#1505=VECTOR('',#5092,1.);
#1506=VECTOR('',#5093,0.000999999976794);
#1507=VECTOR('',#5096,1.);
#1508=VECTOR('',#5097,0.500000000018317);
#1509=VECTOR('',#5100,1.);
#1510=VECTOR('',#5101,1.44800000016651);
#1511=VECTOR('',#5104,1.);
#1512=VECTOR('',#5105,0.500000000019172);
#1513=VECTOR('',#5108,1.);
#1514=VECTOR('',#5109,2.6);
#1515=VECTOR('',#5112,1.);
#1516=VECTOR('',#5113,0.5000000000503);
#1517=VECTOR('',#5116,1.);
#1518=VECTOR('',#5117,1.44799999983349);
#1519=VECTOR('',#5120,1.);
#1520=VECTOR('',#5121,0.499999999999966);
#1521=VECTOR('',#5124,1.);
#1522=VECTOR('',#5125,0.001000000000001);
#1523=VECTOR('',#5128,1.);
#1524=VECTOR('',#5129,1.40000000000002);
#1525=VECTOR('',#5132,1.);
#1526=VECTOR('',#5133,0.5);
#1527=VECTOR('',#5136,1.);
#1528=VECTOR('',#5137,2.69999999999999);
#1529=VECTOR('',#5138,0.999000000000005);
#1530=VECTOR('',#5141,1.);
#1531=VECTOR('',#5142,0.00099999992306);
#1532=VECTOR('',#5143,0.498999999980243);
#1533=VECTOR('',#5146,1.);
#1534=VECTOR('',#5147,2.6);
#1535=VECTOR('',#5150,1.);
#1536=VECTOR('',#5151,0.000999999954811);
#1537=VECTOR('',#5154,1.);
#1538=VECTOR('',#5155,0.998999999999993);
#1539=VECTOR('',#5158,1.);
#1540=VECTOR('',#5159,0.5);
#1541=VECTOR('',#5162,1.);
#1542=VECTOR('',#5163,1.40000000000611);
#1543=VECTOR('',#5166,1.);
#1544=VECTOR('',#5167,0.000999999976797);
#1545=VECTOR('',#5170,1.);
#1546=VECTOR('',#5171,0.500000000000001);
#1547=VECTOR('',#5174,1.);
#1548=VECTOR('',#5175,1.44800000000202);
#1549=VECTOR('',#5178,1.);
#1550=VECTOR('',#5179,0.499999999970324);
#1551=VECTOR('',#5182,1.);
#1552=VECTOR('',#5183,2.6);
#1553=VECTOR('',#5186,1.);
#1554=VECTOR('',#5187,0.500000000019173);
#1555=VECTOR('',#5190,1.);
#1556=VECTOR('',#5191,1.44800000000202);
#1557=VECTOR('',#5194,0.499999999983779);
#1558=VECTOR('',#5197,0.498999999996495);
#1559=VECTOR('',#5198,2.69999999999389);
#1560=VECTOR('',#5201,2.6);
#1561=VECTOR('',#5204,0.300000000000011);
#1562=VECTOR('',#5205,8.);
#1563=VECTOR('',#5206,4.50000000000001);
#1564=VECTOR('',#5209,4.99999999999999);
#1565=VECTOR('',#5210,0.001000000000001);
#1566=VECTOR('',#5211,5.00000000000004);
#1567=VECTOR('',#5212,0.001);
#1568=VECTOR('',#5215,4.99999999999999);
#1569=VECTOR('',#5216,0.001);
#1570=VECTOR('',#5217,5.00000000000004);
#1571=VECTOR('',#5218,0.000999999999999);
#1572=VECTOR('',#5221,4.99999999999999);
#1573=VECTOR('',#5222,0.001);
#1574=VECTOR('',#5223,4.99999999999999);
#1575=VECTOR('',#5224,0.001);
#1576=VECTOR('',#5227,4.99999999999999);
#1577=VECTOR('',#5228,0.001000000000001);
#1578=VECTOR('',#5229,4.99999999999999);
#1579=VECTOR('',#5230,0.001);
#1580=VECTOR('',#5233,0.600000000000001);
#1581=VECTOR('',#5234,2.);
#1582=VECTOR('',#5235,0.599999999999999);
#1583=VECTOR('',#5236,2.);
#1584=VECTOR('',#5239,2.);
#1585=VECTOR('',#5240,0.6);
#1586=VECTOR('',#5241,2.);
#1587=VECTOR('',#5242,0.599999999999999);
#1588=VECTOR('',#5245,12.8);
#1589=VECTOR('',#5246,5.498);
#1590=VECTOR('',#5247,12.8);
#1591=VECTOR('',#5248,5.498);
#1592=VECTOR('',#5251,0.001);
#1593=VECTOR('',#5252,0.214285714285709);
#1594=VECTOR('',#5253,0.285714285714302);
#1595=VECTOR('',#5254,5.5);
#1596=VECTOR('',#5255,0.285714285714302);
#1597=VECTOR('',#5256,0.214285714285709);
#1598=VECTOR('',#5257,0.001);
#1599=VECTOR('',#5260,0.214285714285709);
#1600=VECTOR('',#5261,0.21759351731041);
#1601=VECTOR('',#5262,0.2);
#1602=VECTOR('',#5263,12.4);
#1603=VECTOR('',#5264,0.200000000000011);
#1604=VECTOR('',#5265,0.217593517310411);
#1605=VECTOR('',#5268,1.40000000000002);
#1606=VECTOR('',#5269,2.5);
#1607=VECTOR('',#5270,0.600000000000001);
#1608=VECTOR('',#5271,3.1);
#1609=VECTOR('',#5274,3.1);
#1610=VECTOR('',#5275,0.499999999999993);
#1611=VECTOR('',#5276,7.5);
#1612=VECTOR('',#5277,0.500000000000002);
#1613=VECTOR('',#5280,1.39999999999998);
#1614=VECTOR('',#5281,0.500000000000002);
#1615=VECTOR('',#5282,7.5);
#1616=VECTOR('',#5283,0.499999999999993);
#1617=VECTOR('',#5284,3.1);
#1618=VECTOR('',#5287,3.1);
#1619=VECTOR('',#5288,0.600000000000001);
#1620=VECTOR('',#5289,2.5);
#1621=VECTOR('',#5292,0.217593517310412);
#1622=VECTOR('',#5293,0.20000000000001);
#1623=VECTOR('',#5294,12.4);
#1624=VECTOR('',#5295,0.199999999999998);
#1625=VECTOR('',#5296,0.217593517310408);
#1626=VECTOR('',#5297,0.214285714285711);
#1627=VECTOR('',#5300,1.40000000000002);
#1628=VECTOR('',#5301,0.5);
#1629=VECTOR('',#5302,7.5);
#1630=VECTOR('',#5303,0.499999999999993);
#1631=VECTOR('',#5304,3.1);
#1632=VECTOR('',#5307,3.1);
#1633=VECTOR('',#5308,0.600000000000001);
#1634=VECTOR('',#5309,2.5);
#1635=VECTOR('',#5312,1.52400953134554);
#1636=VECTOR('',#5313,1.);
#1637=VECTOR('',#5316,1.39999999999998);
#1638=VECTOR('',#5317,2.5);
#1639=VECTOR('',#5318,0.600000000000001);
#1640=VECTOR('',#5319,3.1);
#1641=VECTOR('',#5322,3.1);
#1642=VECTOR('',#5323,0.499999999999992);
#1643=VECTOR('',#5324,7.5);
#1644=VECTOR('',#5325,0.499999999999997);
#1645=VECTOR('',#5328,0.001);
#1646=VECTOR('',#5329,0.285714285714301);
#1647=VECTOR('',#5330,5.5);
#1648=VECTOR('',#5331,0.285714285714302);
#1649=VECTOR('',#5332,0.001);
#1650=VECTOR('',#5337,12.4);
#1651=VECTOR('',#5340,12.4);
#1652=VECTOR('',#5343,0.499999999999999);
#1653=VECTOR('',#5344,0.5);
#1654=VECTOR('',#5345,0.199999999999999);
#1655=VECTOR('',#5348,0.199999999999999);
#1656=VECTOR('',#5349,5.5);
#1657=VECTOR('',#5350,0.199999999999984);
#1658=VECTOR('',#5351,12.4);
#1659=VECTOR('',#5352,0.199999999999998);
#1660=VECTOR('',#5353,5.5);
#1661=VECTOR('',#5354,0.199999999999998);
#1662=VECTOR('',#5361,5.5);
#1663=VECTOR('',#5364,0.499999999999998);
#1664=VECTOR('',#5365,0.54398379327598);
#1665=VECTOR('',#5366,0.20000000000001);
#1666=VECTOR('',#5369,1.499);
#1667=VECTOR('',#5370,4.99999999999999);
#1668=VECTOR('',#5371,0.001);
#1669=VECTOR('',#5372,0.499999999999998);
#1670=VECTOR('',#5373,0.000999999999998);
#1671=VECTOR('',#5374,4.99999999999999);
#1672=VECTOR('',#5375,1.499);
#1673=VECTOR('',#5376,0.5);
#1674=VECTOR('',#5385,0.5);
#1675=VECTOR('',#5386,0.500000000000002);
#1676=VECTOR('',#5393,5.5);
#1677=VECTOR('',#5396,0.499999999999988);
#1678=VECTOR('',#5397,0.200000000000012);
#1679=VECTOR('',#5398,0.54398379327598);
#1680=VECTOR('',#5399,0.500000000000011);
#1681=VECTOR('',#5402,0.500000000000002);
#1682=VECTOR('',#5405,0.500000000000001);
#1683=VECTOR('',#5408,0.500000000000001);
#1684=VECTOR('',#5409,0.5);
#1685=VECTOR('',#5414,0.500000000000002);
#1686=VECTOR('',#5415,0.500000000000002);
#1687=VECTOR('',#5418,0.5);
#1688=VECTOR('',#5419,7.5);
#1689=VECTOR('',#5420,0.5);
#1690=VECTOR('',#5423,0.200000000000008);
#1691=VECTOR('',#5424,0.199999999999994);
#1692=VECTOR('',#5427,0.500000000000002);
#1693=VECTOR('',#5428,0.001);
#1694=VECTOR('',#5431,0.500000000000001);
#1695=VECTOR('',#5432,4.99999999999999);
#1696=VECTOR('',#5435,0.5);
#1697=VECTOR('',#5436,4.99999999999999);
#1698=VECTOR('',#5437,0.500000000000001);
#1699=VECTOR('',#5440,0.001);
#1700=VECTOR('',#5443,0.500000000000002);
#1701=VECTOR('',#5444,0.500000000000002);
#1702=VECTOR('',#5447,1.499);
#1703=VECTOR('',#5448,0.500000000000011);
#1704=VECTOR('',#5449,1.499);
#1705=VECTOR('',#5450,0.5);
#1706=VECTOR('',#5453,0.001000000003505);
#1707=VECTOR('',#5454,1.00000000000001);
#1708=VECTOR('',#5455,0.5);
#1709=VECTOR('',#5456,0.500000000000002);
#1710=VECTOR('',#5457,0.5);
#1711=VECTOR('',#5458,0.500000000000002);
#1712=VECTOR('',#5459,0.5);
#1713=VECTOR('',#5460,1.00000000000001);
#1714=VECTOR('',#5463,0.499999999999999);
#1715=VECTOR('',#5464,0.499999999999999);
#1716=VECTOR('',#5467,0.499999999999999);
#1717=VECTOR('',#5470,0.499999999999999);
#1718=VECTOR('',#5475,0.499999999999999);
#1719=VECTOR('',#5476,0.499999999999999);
#1720=VECTOR('',#5479,0.499999999999999);
#1721=VECTOR('',#5482,0.499999999999999);
#1722=VECTOR('',#5487,0.54398379327598);
#1723=VECTOR('',#5490,0.500000000000002);
#1724=VECTOR('',#5493,0.500000000000002);
#1725=VECTOR('',#5496,0.500000000000002);
#1726=VECTOR('',#5499,0.500000000000002);
#1727=VECTOR('',#5502,0.500000000000002);
#1728=VECTOR('',#5507,0.500000000000002);
#1729=VECTOR('',#5510,0.500000000000002);
#1730=VECTOR('',#5513,0.500000000000002);
#1731=VECTOR('',#5516,0.500000000000002);
#1732=VECTOR('',#5519,0.500000000000002);
#1733=VECTOR('',#5524,0.543983793275983);
#1734=VECTOR('',#5525,0.500000000000002);
#1735=VECTOR('',#5530,0.500000000000002);
#1736=VECTOR('',#5537,0.20000000000001);
#1737=VECTOR('',#5538,0.5);
#1738=VECTOR('',#5541,0.300000000000011);
#1739=VECTOR('',#5542,0.5);
#1740=VECTOR('',#5545,0.5);
#1741=VECTOR('',#5546,2.5);
#1742=VECTOR('',#5549,0.5);
#1743=VECTOR('',#5550,0.600000000000001);
#1744=VECTOR('',#5553,0.5);
#1745=VECTOR('',#5554,3.1);
#1746=VECTOR('',#5557,0.5);
#1747=VECTOR('',#5562,0.5);
#1748=VECTOR('',#5563,3.1);
#1749=VECTOR('',#5566,0.5);
#1750=VECTOR('',#5567,0.499999999999993);
#1751=VECTOR('',#5570,0.5);
#1752=VECTOR('',#5571,7.5);
#1753=VECTOR('',#5574,0.76157731058639);
#1754=VECTOR('',#5577,0.76157731058639);
#1755=VECTOR('',#5580,0.5);
#1756=VECTOR('',#5581,0.499999999999993);
#1757=VECTOR('',#5584,0.5);
#1758=VECTOR('',#5585,3.1);
#1759=VECTOR('',#5588,0.5);
#1760=VECTOR('',#5593,0.5);
#1761=VECTOR('',#5594,3.1);
#1762=VECTOR('',#5597,0.5);
#1763=VECTOR('',#5598,0.600000000000001);
#1764=VECTOR('',#5601,2.5);
#1765=VECTOR('',#5604,0.5);
#1766=VECTOR('',#5605,4.50000000000001);
#1767=VECTOR('',#5608,8.);
#1768=CIRCLE('',#4277,0.5);
#1769=CIRCLE('',#4281,0.299999999999997);
#1770=CIRCLE('',#4283,0.5);
#1771=CIRCLE('',#4287,0.3);
#1772=CIRCLE('',#4289,0.5);
#1773=CIRCLE('',#4293,0.3);
#1774=CIRCLE('',#4296,0.5);
#1775=CIRCLE('',#4299,0.3);
#1776=CIRCLE('',#4301,0.5);
#1777=CIRCLE('',#4305,0.3);
#1778=CIRCLE('',#4307,0.5);
#1779=CIRCLE('',#4311,0.299999999999997);
#1780=CIRCLE('',#4314,0.3);
#1781=CIRCLE('',#4317,0.3);
#1782=CIRCLE('',#4321,0.299999999999997);
#1783=CIRCLE('',#4322,0.3);
#1784=CIRCLE('',#4323,0.3);
#1785=CIRCLE('',#4324,0.299999999999997);
#1786=CIRCLE('',#4328,0.4);
#1787=CIRCLE('',#4329,0.4);
#1788=CIRCLE('',#4372,0.25);
#1789=CIRCLE('',#4375,0.25);
#1790=CIRCLE('',#4379,0.25);
#1791=CIRCLE('',#4382,0.25);
#1792=CIRCLE('',#4386,0.25);
#1793=CIRCLE('',#4389,0.25);
#1794=CIRCLE('',#4442,0.4);
#1795=CIRCLE('',#4444,0.4);
#1796=CIRCLE('',#4447,0.4);
#1797=CIRCLE('',#4450,0.4);
#1798=CIRCLE('',#4453,0.5);
#1799=CIRCLE('',#4454,0.5);
#1800=CIRCLE('',#4458,0.5);
#1801=CIRCLE('',#4459,0.5);
#1802=CIRCLE('',#4463,0.5);
#1803=CIRCLE('',#4464,0.5);
#1804=CIRCLE('',#4467,0.5);
#1805=CIRCLE('',#4468,0.5);
#1806=CIRCLE('',#4516,0.4);
#1807=CIRCLE('',#4525,0.4);
#1808=VERTEX_POINT('',#5613);
#1809=VERTEX_POINT('',#5614);
#1810=VERTEX_POINT('',#5616);
#1811=VERTEX_POINT('',#5618);
#1812=VERTEX_POINT('',#5622);
#1813=VERTEX_POINT('',#5624);
#1814=VERTEX_POINT('',#5626);
#1815=VERTEX_POINT('',#5628);
#1816=VERTEX_POINT('',#5630);
#1817=VERTEX_POINT('',#5632);
#1818=VERTEX_POINT('',#5636);
#1819=VERTEX_POINT('',#5640);
#1820=VERTEX_POINT('',#5641);
#1821=VERTEX_POINT('',#5643);
#1822=VERTEX_POINT('',#5645);
#1823=VERTEX_POINT('',#5649);
#1824=VERTEX_POINT('',#5651);
#1825=VERTEX_POINT('',#5655);
#1826=VERTEX_POINT('',#5657);
#1827=VERTEX_POINT('',#5661);
#1828=VERTEX_POINT('',#5662);
#1829=VERTEX_POINT('',#5664);
#1830=VERTEX_POINT('',#5666);
#1831=VERTEX_POINT('',#5670);
#1832=VERTEX_POINT('',#5672);
#1833=VERTEX_POINT('',#5674);
#1834=VERTEX_POINT('',#5676);
#1835=VERTEX_POINT('',#5678);
#1836=VERTEX_POINT('',#5680);
#1837=VERTEX_POINT('',#5684);
#1838=VERTEX_POINT('',#5688);
#1839=VERTEX_POINT('',#5689);
#1840=VERTEX_POINT('',#5691);
#1841=VERTEX_POINT('',#5693);
#1842=VERTEX_POINT('',#5697);
#1843=VERTEX_POINT('',#5699);
#1844=VERTEX_POINT('',#5703);
#1845=VERTEX_POINT('',#5705);
#1846=VERTEX_POINT('',#5709);
#1847=VERTEX_POINT('',#5710);
#1848=VERTEX_POINT('',#5712);
#1849=VERTEX_POINT('',#5714);
#1850=VERTEX_POINT('',#5718);
#1851=VERTEX_POINT('',#5720);
#1852=VERTEX_POINT('',#5722);
#1853=VERTEX_POINT('',#5724);
#1854=VERTEX_POINT('',#5726);
#1855=VERTEX_POINT('',#5728);
#1856=VERTEX_POINT('',#5732);
#1857=VERTEX_POINT('',#5736);
#1858=VERTEX_POINT('',#5737);
#1859=VERTEX_POINT('',#5739);
#1860=VERTEX_POINT('',#5741);
#1861=VERTEX_POINT('',#5745);
#1862=VERTEX_POINT('',#5747);
#1863=VERTEX_POINT('',#5751);
#1864=VERTEX_POINT('',#5753);
#1865=VERTEX_POINT('',#5757);
#1866=VERTEX_POINT('',#5758);
#1867=VERTEX_POINT('',#5760);
#1868=VERTEX_POINT('',#5762);
#1869=VERTEX_POINT('',#5766);
#1870=VERTEX_POINT('',#5767);
#1871=VERTEX_POINT('',#5775);
#1872=VERTEX_POINT('',#5779);
#1873=VERTEX_POINT('',#5780);
#1874=VERTEX_POINT('',#5789);
#1875=VERTEX_POINT('',#5791);
#1876=VERTEX_POINT('',#5793);
#1877=VERTEX_POINT('',#5795);
#1878=VERTEX_POINT('',#5797);
#1879=VERTEX_POINT('',#5799);
#1880=VERTEX_POINT('',#5801);
#1881=VERTEX_POINT('',#5803);
#1882=VERTEX_POINT('',#5805);
#1883=VERTEX_POINT('',#5808);
#1884=VERTEX_POINT('',#5810);
#1885=VERTEX_POINT('',#5812);
#1886=VERTEX_POINT('',#5814);
#1887=VERTEX_POINT('',#5816);
#1888=VERTEX_POINT('',#5818);
#1889=VERTEX_POINT('',#5820);
#1890=VERTEX_POINT('',#5822);
#1891=VERTEX_POINT('',#5824);
#1892=VERTEX_POINT('',#5826);
#1893=VERTEX_POINT('',#5828);
#1894=VERTEX_POINT('',#5830);
#1895=VERTEX_POINT('',#5832);
#1896=VERTEX_POINT('',#5834);
#1897=VERTEX_POINT('',#5836);
#1898=VERTEX_POINT('',#5838);
#1899=VERTEX_POINT('',#5840);
#1900=VERTEX_POINT('',#5842);
#1901=VERTEX_POINT('',#5844);
#1902=VERTEX_POINT('',#5846);
#1903=VERTEX_POINT('',#5848);
#1904=VERTEX_POINT('',#5850);
#1905=VERTEX_POINT('',#5852);
#1906=VERTEX_POINT('',#5854);
#1907=VERTEX_POINT('',#5857);
#1908=VERTEX_POINT('',#5859);
#1909=VERTEX_POINT('',#5861);
#1910=VERTEX_POINT('',#5863);
#1911=VERTEX_POINT('',#5865);
#1912=VERTEX_POINT('',#5867);
#1913=VERTEX_POINT('',#5869);
#1914=VERTEX_POINT('',#5871);
#1915=VERTEX_POINT('',#5873);
#1916=VERTEX_POINT('',#5875);
#1917=VERTEX_POINT('',#5877);
#1918=VERTEX_POINT('',#5879);
#1919=VERTEX_POINT('',#5881);
#1920=VERTEX_POINT('',#5883);
#1921=VERTEX_POINT('',#5885);
#1922=VERTEX_POINT('',#5889);
#1923=VERTEX_POINT('',#5890);
#1924=VERTEX_POINT('',#5892);
#1925=VERTEX_POINT('',#5894);
#1926=VERTEX_POINT('',#5897);
#1927=VERTEX_POINT('',#5898);
#1928=VERTEX_POINT('',#5900);
#1929=VERTEX_POINT('',#5902);
#1930=VERTEX_POINT('',#5905);
#1931=VERTEX_POINT('',#5906);
#1932=VERTEX_POINT('',#5908);
#1933=VERTEX_POINT('',#5910);
#1934=VERTEX_POINT('',#5914);
#1935=VERTEX_POINT('',#5918);
#1936=VERTEX_POINT('',#5922);
#1937=VERTEX_POINT('',#5925);
#1938=VERTEX_POINT('',#5927);
#1939=VERTEX_POINT('',#5929);
#1940=VERTEX_POINT('',#5931);
#1941=VERTEX_POINT('',#5933);
#1942=VERTEX_POINT('',#5935);
#1943=VERTEX_POINT('',#5937);
#1944=VERTEX_POINT('',#5939);
#1945=VERTEX_POINT('',#5941);
#1946=VERTEX_POINT('',#5943);
#1947=VERTEX_POINT('',#5945);
#1948=VERTEX_POINT('',#5947);
#1949=VERTEX_POINT('',#5949);
#1950=VERTEX_POINT('',#5951);
#1951=VERTEX_POINT('',#5953);
#1952=VERTEX_POINT('',#5955);
#1953=VERTEX_POINT('',#5957);
#1954=VERTEX_POINT('',#5959);
#1955=VERTEX_POINT('',#5961);
#1956=VERTEX_POINT('',#5963);
#1957=VERTEX_POINT('',#5966);
#1958=VERTEX_POINT('',#5967);
#1959=VERTEX_POINT('',#5969);
#1960=VERTEX_POINT('',#5971);
#1961=VERTEX_POINT('',#5974);
#1962=VERTEX_POINT('',#5975);
#1963=VERTEX_POINT('',#5977);
#1964=VERTEX_POINT('',#5979);
#1965=VERTEX_POINT('',#5985);
#1966=VERTEX_POINT('',#5992);
#1967=VERTEX_POINT('',#6000);
#1968=VERTEX_POINT('',#6004);
#1969=VERTEX_POINT('',#6008);
#1970=VERTEX_POINT('',#6012);
#1971=VERTEX_POINT('',#6016);
#1972=VERTEX_POINT('',#6021);
#1973=VERTEX_POINT('',#6023);
#1974=VERTEX_POINT('',#6033);
#1975=VERTEX_POINT('',#6041);
#1976=VERTEX_POINT('',#6045);
#1977=VERTEX_POINT('',#6049);
#1978=VERTEX_POINT('',#6053);
#1979=VERTEX_POINT('',#6057);
#1980=VERTEX_POINT('',#6058);
#1981=VERTEX_POINT('',#6060);
#1982=VERTEX_POINT('',#6062);
#1983=VERTEX_POINT('',#6064);
#1984=VERTEX_POINT('',#6066);
#1985=VERTEX_POINT('',#6068);
#1986=VERTEX_POINT('',#6070);
#1987=VERTEX_POINT('',#6072);
#1988=VERTEX_POINT('',#6074);
#1989=VERTEX_POINT('',#6076);
#1990=VERTEX_POINT('',#6078);
#1991=VERTEX_POINT('',#6080);
#1992=VERTEX_POINT('',#6084);
#1993=VERTEX_POINT('',#6085);
#1994=VERTEX_POINT('',#6087);
#1995=VERTEX_POINT('',#6090);
#1996=VERTEX_POINT('',#6092);
#1997=VERTEX_POINT('',#6094);
#1998=VERTEX_POINT('',#6098);
#1999=VERTEX_POINT('',#6102);
#2000=VERTEX_POINT('',#6106);
#2001=VERTEX_POINT('',#6110);
#2002=VERTEX_POINT('',#6114);
#2003=VERTEX_POINT('',#6118);
#2004=VERTEX_POINT('',#6122);
#2005=VERTEX_POINT('',#6126);
#2006=VERTEX_POINT('',#6130);
#2007=VERTEX_POINT('',#6134);
#2008=VERTEX_POINT('',#6138);
#2009=VERTEX_POINT('',#6146);
#2010=VERTEX_POINT('',#6148);
#2011=VERTEX_POINT('',#6150);
#2012=VERTEX_POINT('',#6154);
#2013=VERTEX_POINT('',#6156);
#2014=VERTEX_POINT('',#6160);
#2015=VERTEX_POINT('',#6162);
#2016=VERTEX_POINT('',#6164);
#2017=VERTEX_POINT('',#6172);
#2018=VERTEX_POINT('',#6174);
#2019=VERTEX_POINT('',#6176);
#2020=VERTEX_POINT('',#6180);
#2021=VERTEX_POINT('',#6182);
#2022=VERTEX_POINT('',#6186);
#2023=VERTEX_POINT('',#6190);
#2024=VERTEX_POINT('',#6197);
#2025=VERTEX_POINT('',#6198);
#2026=VERTEX_POINT('',#6203);
#2027=VERTEX_POINT('',#6207);
#2028=VERTEX_POINT('',#6214);
#2029=VERTEX_POINT('',#6216);
#2030=VERTEX_POINT('',#6220);
#2031=VERTEX_POINT('',#6224);
#2032=VERTEX_POINT('',#6231);
#2033=VERTEX_POINT('',#6233);
#2034=VERTEX_POINT('',#6237);
#2035=VERTEX_POINT('',#6239);
#2036=VERTEX_POINT('',#6243);
#2037=VERTEX_POINT('',#6247);
#2038=VERTEX_POINT('',#6251);
#2039=VERTEX_POINT('',#6255);
#2040=VERTEX_POINT('',#6259);
#2041=VERTEX_POINT('',#6263);
#2042=VERTEX_POINT('',#6267);
#2043=VERTEX_POINT('',#6271);
#2044=VERTEX_POINT('',#6275);
#2045=VERTEX_POINT('',#6279);
#2046=VERTEX_POINT('',#6283);
#2047=VERTEX_POINT('',#6287);
#2048=VERTEX_POINT('',#6291);
#2049=VERTEX_POINT('',#6295);
#2050=VERTEX_POINT('',#6299);
#2051=VERTEX_POINT('',#6303);
#2052=VERTEX_POINT('',#6307);
#2053=VERTEX_POINT('',#6311);
#2054=VERTEX_POINT('',#6315);
#2055=VERTEX_POINT('',#6319);
#2056=VERTEX_POINT('',#6323);
#2057=VERTEX_POINT('',#6325);
#2058=VERTEX_POINT('',#6329);
#2059=VERTEX_POINT('',#6331);
#2060=VERTEX_POINT('',#6335);
#2061=VERTEX_POINT('',#6342);
#2062=VERTEX_POINT('',#6346);
#2063=VERTEX_POINT('',#6350);
#2064=VERTEX_POINT('',#6354);
#2065=VERTEX_POINT('',#6358);
#2066=VERTEX_POINT('',#6362);
#2067=VERTEX_POINT('',#6366);
#2068=VERTEX_POINT('',#6370);
#2069=VERTEX_POINT('',#6374);
#2070=VERTEX_POINT('',#6378);
#2071=VERTEX_POINT('',#6384);
#2072=VERTEX_POINT('',#6390);
#2073=VERTEX_POINT('',#6392);
#2074=VERTEX_POINT('',#6396);
#2075=VERTEX_POINT('',#6397);
#2076=VERTEX_POINT('',#6399);
#2077=VERTEX_POINT('',#6401);
#2078=VERTEX_POINT('',#6405);
#2079=VERTEX_POINT('',#6406);
#2080=VERTEX_POINT('',#6408);
#2081=VERTEX_POINT('',#6410);
#2082=VERTEX_POINT('',#6414);
#2083=VERTEX_POINT('',#6415);
#2084=VERTEX_POINT('',#6417);
#2085=VERTEX_POINT('',#6419);
#2086=VERTEX_POINT('',#6423);
#2087=VERTEX_POINT('',#6424);
#2088=VERTEX_POINT('',#6426);
#2089=VERTEX_POINT('',#6428);
#2090=VERTEX_POINT('',#6432);
#2091=VERTEX_POINT('',#6433);
#2092=VERTEX_POINT('',#6435);
#2093=VERTEX_POINT('',#6437);
#2094=VERTEX_POINT('',#6441);
#2095=VERTEX_POINT('',#6442);
#2096=VERTEX_POINT('',#6444);
#2097=VERTEX_POINT('',#6446);
#2098=VERTEX_POINT('',#6456);
#2099=VERTEX_POINT('',#6458);
#2100=VERTEX_POINT('',#6460);
#2101=VERTEX_POINT('',#6462);
#2102=VERTEX_POINT('',#6467);
#2103=VERTEX_POINT('',#6469);
#2104=VERTEX_POINT('',#6471);
#2105=VERTEX_POINT('',#6473);
#2106=VERTEX_POINT('',#6475);
#2107=VERTEX_POINT('',#6479);
#2108=VERTEX_POINT('',#6481);
#2109=VERTEX_POINT('',#6483);
#2110=VERTEX_POINT('',#6485);
#2111=VERTEX_POINT('',#6487);
#2112=VERTEX_POINT('',#6489);
#2113=VERTEX_POINT('',#6491);
#2114=VERTEX_POINT('',#6493);
#2115=VERTEX_POINT('',#6497);
#2116=VERTEX_POINT('',#6499);
#2117=VERTEX_POINT('',#6501);
#2118=VERTEX_POINT('',#6503);
#2119=VERTEX_POINT('',#6505);
#2120=VERTEX_POINT('',#6507);
#2121=VERTEX_POINT('',#6509);
#2122=VERTEX_POINT('',#6511);
#2123=VERTEX_POINT('',#6515);
#2124=VERTEX_POINT('',#6517);
#2125=VERTEX_POINT('',#6519);
#2126=VERTEX_POINT('',#6521);
#2127=VERTEX_POINT('',#6523);
#2128=VERTEX_POINT('',#6527);
#2129=VERTEX_POINT('',#6529);
#2130=VERTEX_POINT('',#6531);
#2131=VERTEX_POINT('',#6533);
#2132=VERTEX_POINT('',#6535);
#2133=VERTEX_POINT('',#6537);
#2134=VERTEX_POINT('',#6539);
#2135=VERTEX_POINT('',#6541);
#2136=VERTEX_POINT('',#6545);
#2137=VERTEX_POINT('',#6549);
#2138=VERTEX_POINT('',#6551);
#2139=VERTEX_POINT('',#6553);
#2140=VERTEX_POINT('',#6555);
#2141=VERTEX_POINT('',#6557);
#2142=VERTEX_POINT('',#6559);
#2143=VERTEX_POINT('',#6561);
#2144=VERTEX_POINT('',#6563);
#2145=VERTEX_POINT('',#6568);
#2146=VERTEX_POINT('',#6570);
#2147=VERTEX_POINT('',#6575);
#2148=VERTEX_POINT('',#6576);
#2149=VERTEX_POINT('',#6578);
#2150=VERTEX_POINT('',#6580);
#2151=VERTEX_POINT('',#6585);
#2152=VERTEX_POINT('',#6589);
#2153=VERTEX_POINT('',#6591);
#2154=VERTEX_POINT('',#6593);
#2155=VERTEX_POINT('',#6595);
#2156=VERTEX_POINT('',#6597);
#2157=VERTEX_POINT('',#6599);
#2158=VERTEX_POINT('',#6603);
#2159=VERTEX_POINT('',#6605);
#2160=VERTEX_POINT('',#6613);
#2161=VERTEX_POINT('',#6615);
#2162=VERTEX_POINT('',#6619);
#2163=VERTEX_POINT('',#6621);
#2164=VERTEX_POINT('',#6632);
#2165=VERTEX_POINT('',#6634);
#2166=VERTEX_POINT('',#6654);
#2167=VERTEX_POINT('',#6656);
#2168=VERTEX_POINT('',#6663);
#2169=VERTEX_POINT('',#6667);
#2170=VERTEX_POINT('',#6671);
#2171=VERTEX_POINT('',#6673);
#2172=VERTEX_POINT('',#6687);
#2173=VERTEX_POINT('',#6689);
#2174=VERTEX_POINT('',#6695);
#2175=VERTEX_POINT('',#6747);
#2176=VERTEX_POINT('',#6751);
#2177=VERTEX_POINT('',#6755);
#2178=VERTEX_POINT('',#6759);
#2179=VERTEX_POINT('',#6763);
#2180=VERTEX_POINT('',#6767);
#2181=VERTEX_POINT('',#6771);
#2182=VERTEX_POINT('',#6775);
#2183=VERTEX_POINT('',#6779);
#2184=VERTEX_POINT('',#6787);
#2185=VERTEX_POINT('',#6791);
#2186=VERTEX_POINT('',#6795);
#2187=VERTEX_POINT('',#6799);
#2188=VERTEX_POINT('',#6803);
#2189=VERTEX_POINT('',#6809);
#2190=EDGE_CURVE('',#1808,#1809,#1768,.T.);
#2191=EDGE_CURVE('',#1809,#1810,#638,.T.);
#2192=EDGE_CURVE('',#1810,#1811,#632,.T.);
#2193=EDGE_CURVE('',#1811,#1808,#639,.T.);
#2194=EDGE_CURVE('',#1808,#1812,#640,.T.);
#2195=EDGE_CURVE('',#1812,#1813,#641,.T.);
#2196=EDGE_CURVE('',#1814,#1813,#642,.T.);
#2197=EDGE_CURVE('',#1815,#1814,#643,.T.);
#2198=EDGE_CURVE('',#1815,#1816,#644,.T.);
#2199=EDGE_CURVE('',#1817,#1816,#645,.T.);
#2200=EDGE_CURVE('',#1809,#1817,#646,.T.);
#2201=EDGE_CURVE('',#1818,#1811,#647,.T.);
#2202=EDGE_CURVE('',#1812,#1818,#1769,.T.);
#2203=EDGE_CURVE('',#1819,#1820,#1770,.T.);
#2204=EDGE_CURVE('',#1820,#1821,#648,.T.);
#2205=EDGE_CURVE('',#1821,#1822,#633,.T.);
#2206=EDGE_CURVE('',#1822,#1819,#649,.T.);
#2207=EDGE_CURVE('',#1821,#1823,#650,.T.);
#2208=EDGE_CURVE('',#1824,#1823,#651,.T.);
#2209=EDGE_CURVE('',#1822,#1824,#652,.T.);
#2210=EDGE_CURVE('',#1825,#1820,#653,.T.);
#2211=EDGE_CURVE('',#1826,#1825,#1771,.T.);
#2212=EDGE_CURVE('',#1821,#1826,#654,.T.);
#2213=EDGE_CURVE('',#1827,#1828,#1772,.T.);
#2214=EDGE_CURVE('',#1828,#1829,#655,.T.);
#2215=EDGE_CURVE('',#1829,#1830,#634,.T.);
#2216=EDGE_CURVE('',#1830,#1827,#656,.T.);
#2217=EDGE_CURVE('',#1827,#1831,#657,.T.);
#2218=EDGE_CURVE('',#1831,#1832,#658,.T.);
#2219=EDGE_CURVE('',#1833,#1832,#659,.T.);
#2220=EDGE_CURVE('',#1833,#1834,#660,.T.);
#2221=EDGE_CURVE('',#1835,#1834,#661,.T.);
#2222=EDGE_CURVE('',#1836,#1835,#662,.T.);
#2223=EDGE_CURVE('',#1836,#1828,#663,.T.);
#2224=EDGE_CURVE('',#1830,#1837,#664,.T.);
#2225=EDGE_CURVE('',#1837,#1831,#1773,.T.);
#2226=EDGE_CURVE('',#1838,#1839,#635,.T.);
#2227=EDGE_CURVE('',#1839,#1840,#665,.T.);
#2228=EDGE_CURVE('',#1840,#1841,#1774,.T.);
#2229=EDGE_CURVE('',#1841,#1838,#666,.T.);
#2230=EDGE_CURVE('',#1838,#1842,#667,.T.);
#2231=EDGE_CURVE('',#1843,#1842,#668,.T.);
#2232=EDGE_CURVE('',#1839,#1843,#669,.T.);
#2233=EDGE_CURVE('',#1844,#1841,#670,.T.);
#2234=EDGE_CURVE('',#1844,#1845,#1775,.T.);
#2235=EDGE_CURVE('',#1845,#1838,#671,.T.);
#2236=EDGE_CURVE('',#1846,#1847,#1776,.T.);
#2237=EDGE_CURVE('',#1847,#1848,#672,.T.);
#2238=EDGE_CURVE('',#1848,#1849,#636,.T.);
#2239=EDGE_CURVE('',#1849,#1846,#673,.T.);
#2240=EDGE_CURVE('',#1850,#1846,#674,.T.);
#2241=EDGE_CURVE('',#1850,#1851,#675,.T.);
#2242=EDGE_CURVE('',#1852,#1851,#676,.T.);
#2243=EDGE_CURVE('',#1852,#1853,#677,.T.);
#2244=EDGE_CURVE('',#1853,#1854,#678,.T.);
#2245=EDGE_CURVE('',#1855,#1854,#679,.T.);
#2246=EDGE_CURVE('',#1847,#1855,#680,.T.);
#2247=EDGE_CURVE('',#1849,#1856,#681,.T.);
#2248=EDGE_CURVE('',#1856,#1850,#1777,.T.);
#2249=EDGE_CURVE('',#1857,#1858,#1778,.T.);
#2250=EDGE_CURVE('',#1858,#1859,#682,.T.);
#2251=EDGE_CURVE('',#1859,#1860,#637,.T.);
#2252=EDGE_CURVE('',#1860,#1857,#683,.T.);
#2253=EDGE_CURVE('',#1861,#1859,#684,.T.);
#2254=EDGE_CURVE('',#1862,#1861,#685,.T.);
#2255=EDGE_CURVE('',#1862,#1860,#686,.T.);
#2256=EDGE_CURVE('',#1863,#1858,#687,.T.);
#2257=EDGE_CURVE('',#1863,#1864,#1779,.T.);
#2258=EDGE_CURVE('',#1864,#1859,#688,.T.);
#2259=EDGE_CURVE('',#1865,#1866,#689,.T.);
#2260=EDGE_CURVE('',#1867,#1865,#690,.T.);
#2261=EDGE_CURVE('',#1868,#1867,#691,.T.);
#2262=EDGE_CURVE('',#1866,#1868,#692,.T.);
#2263=EDGE_CURVE('',#1869,#1870,#1780,.T.);
#2264=EDGE_CURVE('',#1845,#1869,#693,.T.);
#2265=EDGE_CURVE('',#1844,#1870,#694,.T.);
#2266=EDGE_CURVE('',#1866,#1869,#695,.T.);
#2267=EDGE_CURVE('',#1838,#1868,#696,.T.);
#2268=EDGE_CURVE('',#1851,#1871,#1781,.T.);
#2269=EDGE_CURVE('',#1856,#1871,#697,.T.);
#2270=EDGE_CURVE('',#1872,#1873,#698,.T.);
#2271=EDGE_CURVE('',#1871,#1873,#699,.T.);
#2272=EDGE_CURVE('',#1872,#1849,#700,.T.);
#2273=EDGE_CURVE('',#1873,#1852,#701,.T.);
#2274=EDGE_CURVE('',#1853,#1872,#702,.T.);
#2275=EDGE_CURVE('',#1870,#1865,#703,.T.);
#2276=EDGE_CURVE('',#1874,#1865,#704,.T.);
#2277=EDGE_CURVE('',#1875,#1874,#705,.T.);
#2278=EDGE_CURVE('',#1876,#1875,#706,.T.);
#2279=EDGE_CURVE('',#1877,#1876,#707,.T.);
#2280=EDGE_CURVE('',#1878,#1877,#708,.T.);
#2281=EDGE_CURVE('',#1879,#1878,#709,.T.);
#2282=EDGE_CURVE('',#1880,#1879,#710,.T.);
#2283=EDGE_CURVE('',#1881,#1880,#711,.T.);
#2284=EDGE_CURVE('',#1882,#1881,#712,.T.);
#2285=EDGE_CURVE('',#1814,#1882,#713,.T.);
#2286=EDGE_CURVE('',#1813,#1883,#1782,.T.);
#2287=EDGE_CURVE('',#1883,#1884,#714,.T.);
#2288=EDGE_CURVE('',#1885,#1884,#715,.T.);
#2289=EDGE_CURVE('',#1885,#1886,#716,.T.);
#2290=EDGE_CURVE('',#1886,#1887,#1783,.T.);
#2291=EDGE_CURVE('',#1887,#1888,#717,.T.);
#2292=EDGE_CURVE('',#1889,#1888,#718,.T.);
#2293=EDGE_CURVE('',#1890,#1889,#719,.T.);
#2294=EDGE_CURVE('',#1891,#1890,#720,.T.);
#2295=EDGE_CURVE('',#1892,#1891,#721,.T.);
#2296=EDGE_CURVE('',#1893,#1892,#722,.T.);
#2297=EDGE_CURVE('',#1894,#1893,#723,.T.);
#2298=EDGE_CURVE('',#1895,#1894,#724,.T.);
#2299=EDGE_CURVE('',#1896,#1895,#725,.T.);
#2300=EDGE_CURVE('',#1897,#1896,#726,.T.);
#2301=EDGE_CURVE('',#1898,#1897,#727,.T.);
#2302=EDGE_CURVE('',#1899,#1898,#728,.T.);
#2303=EDGE_CURVE('',#1900,#1899,#729,.T.);
#2304=EDGE_CURVE('',#1901,#1900,#730,.T.);
#2305=EDGE_CURVE('',#1902,#1901,#731,.T.);
#2306=EDGE_CURVE('',#1903,#1902,#732,.T.);
#2307=EDGE_CURVE('',#1904,#1903,#733,.T.);
#2308=EDGE_CURVE('',#1905,#1904,#734,.T.);
#2309=EDGE_CURVE('',#1906,#1905,#735,.T.);
#2310=EDGE_CURVE('',#1833,#1906,#736,.T.);
#2311=EDGE_CURVE('',#1832,#1907,#1784,.T.);
#2312=EDGE_CURVE('',#1907,#1908,#737,.T.);
#2313=EDGE_CURVE('',#1909,#1908,#738,.T.);
#2314=EDGE_CURVE('',#1909,#1910,#739,.T.);
#2315=EDGE_CURVE('',#1910,#1911,#1785,.T.);
#2316=EDGE_CURVE('',#1911,#1912,#740,.T.);
#2317=EDGE_CURVE('',#1913,#1912,#741,.T.);
#2318=EDGE_CURVE('',#1914,#1913,#742,.T.);
#2319=EDGE_CURVE('',#1915,#1914,#743,.T.);
#2320=EDGE_CURVE('',#1916,#1915,#744,.T.);
#2321=EDGE_CURVE('',#1917,#1916,#745,.T.);
#2322=EDGE_CURVE('',#1918,#1917,#746,.T.);
#2323=EDGE_CURVE('',#1919,#1918,#747,.T.);
#2324=EDGE_CURVE('',#1920,#1919,#748,.T.);
#2325=EDGE_CURVE('',#1921,#1920,#749,.T.);
#2326=EDGE_CURVE('',#1852,#1921,#750,.T.);
#2327=EDGE_CURVE('',#1866,#1873,#751,.T.);
#2328=EDGE_CURVE('',#1922,#1923,#752,.T.);
#2329=EDGE_CURVE('',#1923,#1924,#753,.T.);
#2330=EDGE_CURVE('',#1924,#1925,#754,.T.);
#2331=EDGE_CURVE('',#1925,#1922,#755,.T.);
#2332=EDGE_CURVE('',#1926,#1927,#756,.T.);
#2333=EDGE_CURVE('',#1927,#1928,#757,.T.);
#2334=EDGE_CURVE('',#1928,#1929,#758,.T.);
#2335=EDGE_CURVE('',#1929,#1926,#759,.T.);
#2336=EDGE_CURVE('',#1930,#1931,#760,.T.);
#2337=EDGE_CURVE('',#1931,#1932,#761,.T.);
#2338=EDGE_CURVE('',#1932,#1933,#762,.T.);
#2339=EDGE_CURVE('',#1933,#1930,#763,.T.);
#2340=EDGE_CURVE('',#1934,#1867,#764,.T.);
#2341=EDGE_CURVE('',#1934,#1842,#765,.T.);
#2342=EDGE_CURVE('',#1935,#1840,#766,.T.);
#2343=EDGE_CURVE('',#1935,#1934,#767,.T.);
#2344=EDGE_CURVE('',#1843,#1936,#768,.T.);
#2345=EDGE_CURVE('',#1936,#1848,#769,.T.);
#2346=EDGE_CURVE('',#1855,#1937,#770,.T.);
#2347=EDGE_CURVE('',#1937,#1938,#771,.T.);
#2348=EDGE_CURVE('',#1938,#1939,#772,.T.);
#2349=EDGE_CURVE('',#1939,#1940,#773,.T.);
#2350=EDGE_CURVE('',#1940,#1941,#1786,.T.);
#2351=EDGE_CURVE('',#1941,#1942,#774,.T.);
#2352=EDGE_CURVE('',#1942,#1943,#775,.T.);
#2353=EDGE_CURVE('',#1943,#1944,#776,.T.);
#2354=EDGE_CURVE('',#1944,#1945,#777,.T.);
#2355=EDGE_CURVE('',#1945,#1946,#778,.T.);
#2356=EDGE_CURVE('',#1947,#1946,#779,.T.);
#2357=EDGE_CURVE('',#1947,#1948,#780,.T.);
#2358=EDGE_CURVE('',#1948,#1949,#781,.T.);
#2359=EDGE_CURVE('',#1949,#1950,#782,.T.);
#2360=EDGE_CURVE('',#1950,#1951,#783,.T.);
#2361=EDGE_CURVE('',#1951,#1952,#784,.T.);
#2362=EDGE_CURVE('',#1952,#1953,#1787,.T.);
#2363=EDGE_CURVE('',#1953,#1954,#785,.T.);
#2364=EDGE_CURVE('',#1954,#1955,#786,.T.);
#2365=EDGE_CURVE('',#1955,#1956,#787,.T.);
#2366=EDGE_CURVE('',#1956,#1935,#788,.T.);
#2367=EDGE_CURVE('',#1957,#1958,#789,.T.);
#2368=EDGE_CURVE('',#1958,#1959,#790,.T.);
#2369=EDGE_CURVE('',#1959,#1960,#791,.T.);
#2370=EDGE_CURVE('',#1960,#1957,#792,.T.);
#2371=EDGE_CURVE('',#1961,#1962,#793,.T.);
#2372=EDGE_CURVE('',#1962,#1963,#794,.T.);
#2373=EDGE_CURVE('',#1963,#1964,#795,.T.);
#2374=EDGE_CURVE('',#1964,#1961,#796,.T.);
#2375=EDGE_CURVE('',#1818,#1883,#797,.T.);
#2376=EDGE_CURVE('',#1965,#1811,#798,.T.);
#2377=EDGE_CURVE('',#1884,#1965,#799,.T.);
#2378=EDGE_CURVE('',#1884,#1814,#800,.T.);
#2379=EDGE_CURVE('',#1815,#1965,#801,.T.);
#2380=EDGE_CURVE('',#1966,#1885,#802,.T.);
#2381=EDGE_CURVE('',#1821,#1966,#803,.T.);
#2382=EDGE_CURVE('',#1826,#1886,#804,.T.);
#2383=EDGE_CURVE('',#1825,#1887,#805,.T.);
#2384=EDGE_CURVE('',#1888,#1885,#806,.T.);
#2385=EDGE_CURVE('',#1888,#1967,#807,.T.);
#2386=EDGE_CURVE('',#1966,#1967,#808,.T.);
#2387=EDGE_CURVE('',#1968,#1811,#809,.T.);
#2388=EDGE_CURVE('',#1968,#1816,#810,.T.);
#2389=EDGE_CURVE('',#1969,#1967,#811,.T.);
#2390=EDGE_CURVE('',#1969,#1823,#812,.T.);
#2391=EDGE_CURVE('',#1970,#1819,#813,.T.);
#2392=EDGE_CURVE('',#1970,#1969,#814,.T.);
#2393=EDGE_CURVE('',#1971,#1810,#815,.T.);
#2394=EDGE_CURVE('',#1971,#1968,#816,.T.);
#2395=EDGE_CURVE('',#1912,#1909,#817,.T.);
#2396=EDGE_CURVE('',#1972,#1912,#818,.T.);
#2397=EDGE_CURVE('',#1973,#1972,#819,.T.);
#2398=EDGE_CURVE('',#1909,#1973,#820,.T.);
#2399=EDGE_CURVE('',#1864,#1910,#821,.T.);
#2400=EDGE_CURVE('',#1863,#1911,#822,.T.);
#2401=EDGE_CURVE('',#1859,#1973,#823,.T.);
#2402=EDGE_CURVE('',#1908,#1833,#824,.T.);
#2403=EDGE_CURVE('',#1974,#1908,#825,.T.);
#2404=EDGE_CURVE('',#1834,#1974,#826,.T.);
#2405=EDGE_CURVE('',#1837,#1907,#827,.T.);
#2406=EDGE_CURVE('',#1974,#1830,#828,.T.);
#2407=EDGE_CURVE('',#1972,#1975,#829,.T.);
#2408=EDGE_CURVE('',#1975,#1861,#830,.T.);
#2409=EDGE_CURVE('',#1857,#1976,#831,.T.);
#2410=EDGE_CURVE('',#1976,#1975,#832,.T.);
#2411=EDGE_CURVE('',#1830,#1977,#833,.T.);
#2412=EDGE_CURVE('',#1977,#1835,#834,.T.);
#2413=EDGE_CURVE('',#1829,#1978,#835,.T.);
#2414=EDGE_CURVE('',#1978,#1977,#836,.T.);
#2415=EDGE_CURVE('',#1979,#1980,#837,.T.);
#2416=EDGE_CURVE('',#1981,#1979,#838,.T.);
#2417=EDGE_CURVE('',#1982,#1981,#839,.T.);
#2418=EDGE_CURVE('',#1983,#1982,#840,.T.);
#2419=EDGE_CURVE('',#1984,#1983,#841,.T.);
#2420=EDGE_CURVE('',#1985,#1984,#842,.T.);
#2421=EDGE_CURVE('',#1986,#1985,#843,.T.);
#2422=EDGE_CURVE('',#1987,#1986,#844,.T.);
#2423=EDGE_CURVE('',#1988,#1987,#845,.T.);
#2424=EDGE_CURVE('',#1989,#1988,#846,.T.);
#2425=EDGE_CURVE('',#1990,#1989,#847,.T.);
#2426=EDGE_CURVE('',#1991,#1990,#848,.T.);
#2427=EDGE_CURVE('',#1980,#1991,#849,.T.);
#2428=EDGE_CURVE('',#1992,#1993,#850,.T.);
#2429=EDGE_CURVE('',#1993,#1994,#851,.T.);
#2430=EDGE_CURVE('',#1982,#1994,#852,.T.);
#2431=EDGE_CURVE('',#1995,#1981,#853,.T.);
#2432=EDGE_CURVE('',#1995,#1996,#854,.T.);
#2433=EDGE_CURVE('',#1996,#1997,#855,.T.);
#2434=EDGE_CURVE('',#1997,#1992,#856,.T.);
#2435=EDGE_CURVE('',#1994,#1998,#857,.T.);
#2436=EDGE_CURVE('',#1983,#1998,#858,.T.);
#2437=EDGE_CURVE('',#1998,#1999,#859,.T.);
#2438=EDGE_CURVE('',#1984,#1999,#860,.T.);
#2439=EDGE_CURVE('',#1999,#2000,#861,.T.);
#2440=EDGE_CURVE('',#1985,#2000,#862,.T.);
#2441=EDGE_CURVE('',#2000,#2001,#863,.T.);
#2442=EDGE_CURVE('',#1986,#2001,#864,.T.);
#2443=EDGE_CURVE('',#2001,#2002,#865,.T.);
#2444=EDGE_CURVE('',#1987,#2002,#866,.T.);
#2445=EDGE_CURVE('',#2002,#2003,#867,.T.);
#2446=EDGE_CURVE('',#1988,#2003,#868,.T.);
#2447=EDGE_CURVE('',#2003,#2004,#869,.T.);
#2448=EDGE_CURVE('',#1989,#2004,#870,.T.);
#2449=EDGE_CURVE('',#2004,#2005,#871,.T.);
#2450=EDGE_CURVE('',#1990,#2005,#872,.T.);
#2451=EDGE_CURVE('',#2005,#2006,#873,.T.);
#2452=EDGE_CURVE('',#1991,#2006,#874,.T.);
#2453=EDGE_CURVE('',#2006,#2007,#875,.T.);
#2454=EDGE_CURVE('',#1980,#2007,#876,.T.);
#2455=EDGE_CURVE('',#2007,#2008,#877,.T.);
#2456=EDGE_CURVE('',#1979,#2008,#878,.T.);
#2457=EDGE_CURVE('',#2008,#1995,#879,.T.);
#2458=EDGE_CURVE('',#1996,#1993,#880,.T.);
#2459=EDGE_CURVE('',#2009,#1992,#881,.T.);
#2460=EDGE_CURVE('',#1997,#2010,#882,.T.);
#2461=EDGE_CURVE('',#2011,#2010,#883,.T.);
#2462=EDGE_CURVE('',#2009,#2011,#884,.T.);
#2463=EDGE_CURVE('',#1993,#2012,#885,.T.);
#2464=EDGE_CURVE('',#2013,#2012,#886,.T.);
#2465=EDGE_CURVE('',#2013,#1996,#887,.T.);
#2466=EDGE_CURVE('',#2012,#2014,#888,.T.);
#2467=EDGE_CURVE('',#2015,#2014,#889,.T.);
#2468=EDGE_CURVE('',#2016,#2015,#890,.T.);
#2469=EDGE_CURVE('',#2016,#2013,#891,.T.);
#2470=EDGE_CURVE('',#2016,#2010,#892,.T.);
#2471=EDGE_CURVE('',#2014,#2009,#893,.T.);
#2472=EDGE_CURVE('',#2015,#2017,#894,.T.);
#2473=EDGE_CURVE('',#2018,#2017,#895,.T.);
#2474=EDGE_CURVE('',#2019,#2018,#896,.T.);
#2475=EDGE_CURVE('',#2019,#2016,#897,.T.);
#2476=EDGE_CURVE('',#1922,#2020,#898,.T.);
#2477=EDGE_CURVE('',#2020,#2021,#1788,.T.);
#2478=EDGE_CURVE('',#2021,#1923,#899,.T.);
#2479=EDGE_CURVE('',#1924,#2022,#900,.T.);
#2480=EDGE_CURVE('',#2021,#2022,#901,.T.);
#2481=EDGE_CURVE('',#2022,#2023,#1789,.T.);
#2482=EDGE_CURVE('',#2020,#2023,#902,.T.);
#2483=EDGE_CURVE('',#2023,#1925,#903,.T.);
#2484=EDGE_CURVE('',#2024,#2025,#1790,.T.);
#2485=EDGE_CURVE('',#2025,#1927,#904,.T.);
#2486=EDGE_CURVE('',#1926,#2024,#905,.T.);
#2487=EDGE_CURVE('',#1928,#2026,#906,.T.);
#2488=EDGE_CURVE('',#2025,#2026,#907,.T.);
#2489=EDGE_CURVE('',#2026,#2027,#1791,.T.);
#2490=EDGE_CURVE('',#2024,#2027,#908,.T.);
#2491=EDGE_CURVE('',#2027,#1929,#909,.T.);
#2492=EDGE_CURVE('',#1930,#2028,#910,.T.);
#2493=EDGE_CURVE('',#2028,#2029,#1792,.T.);
#2494=EDGE_CURVE('',#2029,#1931,#911,.T.);
#2495=EDGE_CURVE('',#1932,#2030,#912,.T.);
#2496=EDGE_CURVE('',#2029,#2030,#913,.T.);
#2497=EDGE_CURVE('',#2030,#2031,#1793,.T.);
#2498=EDGE_CURVE('',#2028,#2031,#914,.T.);
#2499=EDGE_CURVE('',#2031,#1933,#915,.T.);
#2500=EDGE_CURVE('',#2017,#2032,#916,.T.);
#2501=EDGE_CURVE('',#2032,#2033,#917,.T.);
#2502=EDGE_CURVE('',#2033,#2018,#918,.T.);
#2503=EDGE_CURVE('',#2034,#1878,#919,.T.);
#2504=EDGE_CURVE('',#2035,#2034,#920,.T.);
#2505=EDGE_CURVE('',#2035,#1879,#921,.T.);
#2506=EDGE_CURVE('',#2036,#1877,#922,.T.);
#2507=EDGE_CURVE('',#2034,#2036,#923,.T.);
#2508=EDGE_CURVE('',#2037,#1876,#924,.T.);
#2509=EDGE_CURVE('',#2036,#2037,#925,.T.);
#2510=EDGE_CURVE('',#2038,#1875,#926,.T.);
#2511=EDGE_CURVE('',#2037,#2038,#927,.T.);
#2512=EDGE_CURVE('',#2039,#1874,#928,.T.);
#2513=EDGE_CURVE('',#2038,#2039,#929,.T.);
#2514=EDGE_CURVE('',#2040,#1921,#930,.T.);
#2515=EDGE_CURVE('',#2039,#2040,#931,.T.);
#2516=EDGE_CURVE('',#2041,#1920,#932,.T.);
#2517=EDGE_CURVE('',#2040,#2041,#933,.T.);
#2518=EDGE_CURVE('',#2042,#1919,#934,.T.);
#2519=EDGE_CURVE('',#2041,#2042,#935,.T.);
#2520=EDGE_CURVE('',#2043,#1918,#936,.T.);
#2521=EDGE_CURVE('',#2042,#2043,#937,.T.);
#2522=EDGE_CURVE('',#2044,#1917,#938,.T.);
#2523=EDGE_CURVE('',#2043,#2044,#939,.T.);
#2524=EDGE_CURVE('',#2045,#1916,#940,.T.);
#2525=EDGE_CURVE('',#2044,#2045,#941,.T.);
#2526=EDGE_CURVE('',#2046,#1915,#942,.T.);
#2527=EDGE_CURVE('',#2045,#2046,#943,.T.);
#2528=EDGE_CURVE('',#2047,#1914,#944,.T.);
#2529=EDGE_CURVE('',#2046,#2047,#945,.T.);
#2530=EDGE_CURVE('',#2048,#1913,#946,.T.);
#2531=EDGE_CURVE('',#2047,#2048,#947,.T.);
#2532=EDGE_CURVE('',#2049,#1906,#948,.T.);
#2533=EDGE_CURVE('',#2048,#2049,#949,.T.);
#2534=EDGE_CURVE('',#2050,#1905,#950,.T.);
#2535=EDGE_CURVE('',#2049,#2050,#951,.T.);
#2536=EDGE_CURVE('',#2051,#1904,#952,.T.);
#2537=EDGE_CURVE('',#2050,#2051,#953,.T.);
#2538=EDGE_CURVE('',#2052,#1903,#954,.T.);
#2539=EDGE_CURVE('',#2051,#2052,#955,.T.);
#2540=EDGE_CURVE('',#2053,#1902,#956,.T.);
#2541=EDGE_CURVE('',#2052,#2053,#957,.T.);
#2542=EDGE_CURVE('',#2054,#1901,#958,.T.);
#2543=EDGE_CURVE('',#2053,#2054,#959,.T.);
#2544=EDGE_CURVE('',#2055,#1900,#960,.T.);
#2545=EDGE_CURVE('',#2054,#2055,#961,.T.);
#2546=EDGE_CURVE('',#2056,#1899,#962,.T.);
#2547=EDGE_CURVE('',#2057,#2056,#963,.T.);
#2548=EDGE_CURVE('',#2055,#2057,#964,.T.);
#2549=EDGE_CURVE('',#2058,#1898,#965,.T.);
#2550=EDGE_CURVE('',#2059,#2058,#966,.T.);
#2551=EDGE_CURVE('',#2056,#2059,#967,.T.);
#2552=EDGE_CURVE('',#2060,#1897,#968,.T.);
#2553=EDGE_CURVE('',#2058,#2060,#969,.T.);
#2554=EDGE_CURVE('',#2033,#1896,#970,.T.);
#2555=EDGE_CURVE('',#2060,#2032,#971,.T.);
#2556=EDGE_CURVE('',#2061,#1895,#972,.T.);
#2557=EDGE_CURVE('',#2018,#2061,#973,.T.);
#2558=EDGE_CURVE('',#2062,#1894,#974,.T.);
#2559=EDGE_CURVE('',#2061,#2062,#975,.T.);
#2560=EDGE_CURVE('',#2063,#1893,#976,.T.);
#2561=EDGE_CURVE('',#2062,#2063,#977,.T.);
#2562=EDGE_CURVE('',#2064,#1892,#978,.T.);
#2563=EDGE_CURVE('',#2063,#2064,#979,.T.);
#2564=EDGE_CURVE('',#2065,#1891,#980,.T.);
#2565=EDGE_CURVE('',#2064,#2065,#981,.T.);
#2566=EDGE_CURVE('',#2066,#1890,#982,.T.);
#2567=EDGE_CURVE('',#2065,#2066,#983,.T.);
#2568=EDGE_CURVE('',#2067,#1889,#984,.T.);
#2569=EDGE_CURVE('',#2066,#2067,#985,.T.);
#2570=EDGE_CURVE('',#2068,#1882,#986,.T.);
#2571=EDGE_CURVE('',#2067,#2068,#987,.T.);
#2572=EDGE_CURVE('',#2069,#1881,#988,.T.);
#2573=EDGE_CURVE('',#2068,#2069,#989,.T.);
#2574=EDGE_CURVE('',#2070,#1880,#990,.T.);
#2575=EDGE_CURVE('',#2069,#2070,#991,.T.);
#2576=EDGE_CURVE('',#2070,#2035,#992,.T.);
#2577=EDGE_CURVE('',#2057,#2071,#993,.T.);
#2578=EDGE_CURVE('',#2059,#2071,#994,.T.);
#2579=EDGE_CURVE('',#2032,#2059,#995,.T.);
#2580=EDGE_CURVE('',#2072,#2011,#996,.T.);
#2581=EDGE_CURVE('',#2073,#2072,#997,.T.);
#2582=EDGE_CURVE('',#2071,#2073,#998,.T.);
#2583=EDGE_CURVE('',#2074,#2075,#999,.T.);
#2584=EDGE_CURVE('',#2076,#2075,#1000,.T.);
#2585=EDGE_CURVE('',#2077,#2076,#1001,.T.);
#2586=EDGE_CURVE('',#2077,#2074,#1002,.T.);
#2587=EDGE_CURVE('',#2078,#2079,#1003,.T.);
#2588=EDGE_CURVE('',#2079,#2080,#1004,.T.);
#2589=EDGE_CURVE('',#2081,#2080,#1005,.T.);
#2590=EDGE_CURVE('',#2078,#2081,#1006,.T.);
#2591=EDGE_CURVE('',#2082,#2083,#1007,.T.);
#2592=EDGE_CURVE('',#2083,#2084,#1008,.T.);
#2593=EDGE_CURVE('',#2085,#2084,#1009,.T.);
#2594=EDGE_CURVE('',#2082,#2085,#1010,.T.);
#2595=EDGE_CURVE('',#2086,#2087,#1011,.T.);
#2596=EDGE_CURVE('',#2088,#2087,#1012,.T.);
#2597=EDGE_CURVE('',#2089,#2088,#1013,.T.);
#2598=EDGE_CURVE('',#2089,#2086,#1014,.T.);
#2599=EDGE_CURVE('',#2090,#2091,#1015,.T.);
#2600=EDGE_CURVE('',#2091,#2092,#1016,.T.);
#2601=EDGE_CURVE('',#2092,#2093,#1017,.T.);
#2602=EDGE_CURVE('',#2093,#2090,#1018,.T.);
#2603=EDGE_CURVE('',#2094,#2095,#1019,.T.);
#2604=EDGE_CURVE('',#2095,#2096,#1020,.T.);
#2605=EDGE_CURVE('',#2096,#2097,#1021,.T.);
#2606=EDGE_CURVE('',#2097,#2094,#1022,.T.);
#2607=EDGE_CURVE('',#2084,#2077,#1023,.T.);
#2608=EDGE_CURVE('',#2086,#2083,#1024,.T.);
#2609=EDGE_CURVE('',#2080,#2089,#1025,.T.);
#2610=EDGE_CURVE('',#2074,#2079,#1026,.T.);
#2611=EDGE_CURVE('',#2079,#2080,#1027,.T.);
#2612=EDGE_CURVE('',#2098,#2080,#1028,.T.);
#2613=EDGE_CURVE('',#2099,#2098,#1029,.T.);
#2614=EDGE_CURVE('',#2100,#2099,#1030,.T.);
#2615=EDGE_CURVE('',#2101,#2100,#1031,.T.);
#2616=EDGE_CURVE('',#2077,#2101,#1032,.T.);
#2617=EDGE_CURVE('',#2077,#2074,#1033,.T.);
#2618=EDGE_CURVE('',#2089,#2102,#1034,.T.);
#2619=EDGE_CURVE('',#2103,#2102,#1035,.T.);
#2620=EDGE_CURVE('',#2104,#2103,#1036,.T.);
#2621=EDGE_CURVE('',#2104,#2105,#1037,.T.);
#2622=EDGE_CURVE('',#2106,#2105,#1038,.T.);
#2623=EDGE_CURVE('',#2098,#2106,#1039,.T.);
#2624=EDGE_CURVE('',#2088,#2107,#1040,.T.);
#2625=EDGE_CURVE('',#2108,#2107,#1041,.T.);
#2626=EDGE_CURVE('',#2109,#2108,#1042,.T.);
#2627=EDGE_CURVE('',#2110,#2109,#1043,.T.);
#2628=EDGE_CURVE('',#2111,#2110,#1794,.T.);
#2629=EDGE_CURVE('',#2112,#2111,#1044,.T.);
#2630=EDGE_CURVE('',#2113,#2112,#1045,.T.);
#2631=EDGE_CURVE('',#2114,#2113,#1046,.T.);
#2632=EDGE_CURVE('',#2114,#2089,#1047,.T.);
#2633=EDGE_CURVE('',#2115,#2081,#1048,.T.);
#2634=EDGE_CURVE('',#2116,#2080,#1049,.T.);
#2635=EDGE_CURVE('',#2117,#2116,#1050,.T.);
#2636=EDGE_CURVE('',#2118,#2117,#1051,.T.);
#2637=EDGE_CURVE('',#2119,#2118,#1052,.T.);
#2638=EDGE_CURVE('',#2120,#2119,#1795,.T.);
#2639=EDGE_CURVE('',#2121,#2120,#1053,.T.);
#2640=EDGE_CURVE('',#2122,#2121,#1054,.T.);
#2641=EDGE_CURVE('',#2115,#2122,#1055,.T.);
#2642=EDGE_CURVE('',#2123,#2101,#1056,.T.);
#2643=EDGE_CURVE('',#2124,#2123,#1057,.T.);
#2644=EDGE_CURVE('',#2125,#2124,#1058,.T.);
#2645=EDGE_CURVE('',#2126,#2125,#1059,.T.);
#2646=EDGE_CURVE('',#2127,#2126,#1060,.T.);
#2647=EDGE_CURVE('',#2127,#2084,#1061,.T.);
#2648=EDGE_CURVE('',#2128,#2085,#1062,.T.);
#2649=EDGE_CURVE('',#2129,#2084,#1063,.T.);
#2650=EDGE_CURVE('',#2130,#2129,#1064,.T.);
#2651=EDGE_CURVE('',#2131,#2130,#1065,.T.);
#2652=EDGE_CURVE('',#2132,#2131,#1066,.T.);
#2653=EDGE_CURVE('',#2133,#2132,#1796,.T.);
#2654=EDGE_CURVE('',#2134,#2133,#1067,.T.);
#2655=EDGE_CURVE('',#2135,#2134,#1068,.T.);
#2656=EDGE_CURVE('',#2128,#2135,#1069,.T.);
#2657=EDGE_CURVE('',#2136,#1849,#1070,.T.);
#2658=EDGE_CURVE('',#2136,#1854,#1071,.T.);
#2659=EDGE_CURVE('',#2076,#2137,#1072,.T.);
#2660=EDGE_CURVE('',#2138,#2137,#1073,.T.);
#2661=EDGE_CURVE('',#2139,#2138,#1074,.T.);
#2662=EDGE_CURVE('',#2140,#2139,#1075,.T.);
#2663=EDGE_CURVE('',#2141,#2140,#1797,.T.);
#2664=EDGE_CURVE('',#2142,#2141,#1076,.T.);
#2665=EDGE_CURVE('',#2143,#2142,#1077,.T.);
#2666=EDGE_CURVE('',#2144,#2143,#1078,.T.);
#2667=EDGE_CURVE('',#2144,#2077,#1079,.T.);
#2668=EDGE_CURVE('',#2083,#2084,#1080,.T.);
#2669=EDGE_CURVE('',#2127,#2145,#1081,.T.);
#2670=EDGE_CURVE('',#2146,#2145,#1082,.T.);
#2671=EDGE_CURVE('',#2146,#2102,#1083,.T.);
#2672=EDGE_CURVE('',#2089,#2086,#1084,.T.);
#2673=EDGE_CURVE('',#2147,#2148,#1798,.T.);
#2674=EDGE_CURVE('',#2148,#2149,#1085,.T.);
#2675=EDGE_CURVE('',#2149,#2150,#1799,.T.);
#2676=EDGE_CURVE('',#2150,#2147,#1086,.T.);
#2677=EDGE_CURVE('',#2149,#2104,#1087,.T.);
#2678=EDGE_CURVE('',#2151,#2103,#1088,.T.);
#2679=EDGE_CURVE('',#2151,#2150,#1089,.T.);
#2680=EDGE_CURVE('',#2148,#2152,#1090,.T.);
#2681=EDGE_CURVE('',#2153,#2152,#1091,.T.);
#2682=EDGE_CURVE('',#2153,#2154,#1092,.T.);
#2683=EDGE_CURVE('',#2155,#2154,#1093,.T.);
#2684=EDGE_CURVE('',#2155,#2156,#1094,.T.);
#2685=EDGE_CURVE('',#2157,#2156,#1095,.T.);
#2686=EDGE_CURVE('',#2157,#2149,#1096,.T.);
#2687=EDGE_CURVE('',#2158,#2157,#1800,.T.);
#2688=EDGE_CURVE('',#2156,#2159,#1801,.T.);
#2689=EDGE_CURVE('',#2159,#2158,#1097,.T.);
#2690=EDGE_CURVE('',#2158,#2114,#1098,.T.);
#2691=EDGE_CURVE('',#2102,#2114,#1099,.T.);
#2692=EDGE_CURVE('',#2146,#2104,#1100,.T.);
#2693=EDGE_CURVE('',#2160,#1836,#1101,.T.);
#2694=EDGE_CURVE('',#2160,#2161,#1102,.T.);
#2695=EDGE_CURVE('',#2161,#2114,#1103,.T.);
#2696=EDGE_CURVE('',#2129,#2159,#1104,.T.);
#2697=EDGE_CURVE('',#2129,#2162,#1105,.T.);
#2698=EDGE_CURVE('',#2162,#2163,#1106,.T.);
#2699=EDGE_CURVE('',#1976,#2163,#1107,.T.);
#2700=EDGE_CURVE('',#1978,#1862,#1108,.T.);
#2701=EDGE_CURVE('',#1946,#2155,#1802,.T.);
#2702=EDGE_CURVE('',#2154,#1947,#1803,.T.);
#2703=EDGE_CURVE('',#2154,#2124,#1109,.T.);
#2704=EDGE_CURVE('',#1948,#2123,#1110,.T.);
#2705=EDGE_CURVE('',#2164,#2153,#1804,.T.);
#2706=EDGE_CURVE('',#2152,#2165,#1805,.T.);
#2707=EDGE_CURVE('',#2165,#2164,#1111,.T.);
#2708=EDGE_CURVE('',#2105,#2148,#1112,.T.);
#2709=EDGE_CURVE('',#2105,#2099,#1113,.T.);
#2710=EDGE_CURVE('',#2116,#2098,#1114,.T.);
#2711=EDGE_CURVE('',#2165,#2116,#1115,.T.);
#2712=EDGE_CURVE('',#2161,#2086,#1116,.T.);
#2713=EDGE_CURVE('',#2087,#2160,#1117,.T.);
#2714=EDGE_CURVE('',#2163,#2082,#1118,.T.);
#2715=EDGE_CURVE('',#2162,#2083,#1119,.T.);
#2716=EDGE_CURVE('',#1944,#2129,#1120,.T.);
#2717=EDGE_CURVE('',#1943,#2130,#1121,.T.);
#2718=EDGE_CURVE('',#2166,#2113,#1122,.T.);
#2719=EDGE_CURVE('',#2166,#2167,#1123,.T.);
#2720=EDGE_CURVE('',#2167,#2114,#1124,.T.);
#2721=EDGE_CURVE('',#2145,#2125,#1125,.T.);
#2722=EDGE_CURVE('',#2124,#2100,#1126,.T.);
#2723=EDGE_CURVE('',#2168,#2079,#1127,.T.);
#2724=EDGE_CURVE('',#2116,#2168,#1128,.T.);
#2725=EDGE_CURVE('',#2169,#2078,#1129,.T.);
#2726=EDGE_CURVE('',#2168,#2169,#1130,.T.);
#2727=EDGE_CURVE('',#2170,#2074,#1131,.T.);
#2728=EDGE_CURVE('',#2171,#2170,#1132,.T.);
#2729=EDGE_CURVE('',#2075,#2171,#1133,.T.);
#2730=EDGE_CURVE('',#2170,#2144,#1134,.T.);
#2731=EDGE_CURVE('',#1950,#2143,#1135,.T.);
#2732=EDGE_CURVE('',#1949,#2144,#1136,.T.);
#2733=EDGE_CURVE('',#1817,#2171,#1137,.T.);
#2734=EDGE_CURVE('',#2144,#2164,#1138,.T.);
#2735=EDGE_CURVE('',#2169,#1970,#1139,.T.);
#2736=EDGE_CURVE('',#1824,#1971,#1140,.T.);
#2737=EDGE_CURVE('',#2172,#2057,#1141,.T.);
#2738=EDGE_CURVE('',#2172,#2173,#1142,.T.);
#2739=EDGE_CURVE('',#2173,#2107,#1143,.T.);
#2740=EDGE_CURVE('',#1937,#2128,#1144,.T.);
#2741=EDGE_CURVE('',#1936,#2136,#1145,.T.);
#2742=EDGE_CURVE('',#1956,#2137,#1146,.T.);
#2743=EDGE_CURVE('',#2174,#2115,#1147,.T.);
#2744=EDGE_CURVE('',#2174,#2019,#1148,.T.);
#2745=EDGE_CURVE('',#1962,#2094,#1149,.T.);
#2746=EDGE_CURVE('',#1961,#2095,#1150,.T.);
#2747=EDGE_CURVE('',#1964,#2096,#1151,.T.);
#2748=EDGE_CURVE('',#1963,#2097,#1152,.T.);
#2749=EDGE_CURVE('',#1958,#2090,#1153,.T.);
#2750=EDGE_CURVE('',#1957,#2091,#1154,.T.);
#2751=EDGE_CURVE('',#1960,#2092,#1155,.T.);
#2752=EDGE_CURVE('',#1959,#2093,#1156,.T.);
#2753=EDGE_CURVE('',#2101,#2144,#1157,.T.);
#2754=EDGE_CURVE('',#1951,#2142,#1158,.T.);
#2755=EDGE_CURVE('',#1952,#2141,#1159,.T.);
#2756=EDGE_CURVE('',#1953,#2140,#1160,.T.);
#2757=EDGE_CURVE('',#1954,#2139,#1161,.T.);
#2758=EDGE_CURVE('',#1955,#2138,#1162,.T.);
#2759=EDGE_CURVE('',#1938,#2135,#1163,.T.);
#2760=EDGE_CURVE('',#1939,#2134,#1164,.T.);
#2761=EDGE_CURVE('',#1940,#2133,#1165,.T.);
#2762=EDGE_CURVE('',#1941,#2132,#1166,.T.);
#2763=EDGE_CURVE('',#1942,#2131,#1167,.T.);
#2764=EDGE_CURVE('',#2129,#2127,#1168,.T.);
#2765=EDGE_CURVE('',#1945,#2126,#1169,.T.);
#2766=EDGE_CURVE('',#2155,#2125,#1170,.T.);
#2767=EDGE_CURVE('',#2147,#2175,#1171,.T.);
#2768=EDGE_CURVE('',#2175,#2106,#1172,.T.);
#2769=EDGE_CURVE('',#2010,#2176,#1173,.T.);
#2770=EDGE_CURVE('',#2176,#2072,#1174,.T.);
#2771=EDGE_CURVE('',#2177,#2122,#1175,.T.);
#2772=EDGE_CURVE('',#2177,#2174,#1176,.T.);
#2773=EDGE_CURVE('',#2178,#2121,#1177,.T.);
#2774=EDGE_CURVE('',#2178,#2177,#1178,.T.);
#2775=EDGE_CURVE('',#2179,#2120,#1179,.T.);
#2776=EDGE_CURVE('',#2179,#2178,#1180,.T.);
#2777=EDGE_CURVE('',#2180,#2119,#1181,.T.);
#2778=EDGE_CURVE('',#2180,#2179,#1806,.T.);
#2779=EDGE_CURVE('',#2181,#2118,#1182,.T.);
#2780=EDGE_CURVE('',#2181,#2180,#1183,.T.);
#2781=EDGE_CURVE('',#2182,#2117,#1184,.T.);
#2782=EDGE_CURVE('',#2182,#2181,#1185,.T.);
#2783=EDGE_CURVE('',#2183,#2116,#1186,.T.);
#2784=EDGE_CURVE('',#2183,#2182,#1187,.T.);
#2785=EDGE_CURVE('',#2175,#2183,#1188,.T.);
#2786=EDGE_CURVE('',#2167,#2151,#1189,.T.);
#2787=EDGE_CURVE('',#2184,#2112,#1190,.T.);
#2788=EDGE_CURVE('',#2184,#2166,#1191,.T.);
#2789=EDGE_CURVE('',#2185,#2111,#1192,.T.);
#2790=EDGE_CURVE('',#2185,#2184,#1193,.T.);
#2791=EDGE_CURVE('',#2186,#2110,#1194,.T.);
#2792=EDGE_CURVE('',#2186,#2185,#1807,.T.);
#2793=EDGE_CURVE('',#2187,#2109,#1195,.T.);
#2794=EDGE_CURVE('',#2187,#2186,#1196,.T.);
#2795=EDGE_CURVE('',#2188,#2108,#1197,.T.);
#2796=EDGE_CURVE('',#2188,#2187,#1198,.T.);
#2797=EDGE_CURVE('',#2173,#2188,#1199,.T.);
#2798=EDGE_CURVE('',#2189,#2073,#1200,.T.);
#2799=EDGE_CURVE('',#2189,#2172,#1201,.T.);
#2800=EDGE_CURVE('',#2176,#2189,#1202,.T.);
#2801=ORIENTED_EDGE('',*,*,#2190,.T.);
#2802=ORIENTED_EDGE('',*,*,#2191,.T.);
#2803=ORIENTED_EDGE('',*,*,#2192,.T.);
#2804=ORIENTED_EDGE('',*,*,#2193,.T.);
#2805=ORIENTED_EDGE('',*,*,#2190,.F.);
#2806=ORIENTED_EDGE('',*,*,#2194,.T.);
#2807=ORIENTED_EDGE('',*,*,#2195,.T.);
#2808=ORIENTED_EDGE('',*,*,#2196,.F.);
#2809=ORIENTED_EDGE('',*,*,#2197,.F.);
#2810=ORIENTED_EDGE('',*,*,#2198,.T.);
#2811=ORIENTED_EDGE('',*,*,#2199,.F.);
#2812=ORIENTED_EDGE('',*,*,#2200,.F.);
#2813=ORIENTED_EDGE('',*,*,#2193,.F.);
#2814=ORIENTED_EDGE('',*,*,#2201,.F.);
#2815=ORIENTED_EDGE('',*,*,#2202,.F.);
#2816=ORIENTED_EDGE('',*,*,#2194,.F.);
#2817=ORIENTED_EDGE('',*,*,#2203,.T.);
#2818=ORIENTED_EDGE('',*,*,#2204,.T.);
#2819=ORIENTED_EDGE('',*,*,#2205,.T.);
#2820=ORIENTED_EDGE('',*,*,#2206,.T.);
#2821=ORIENTED_EDGE('',*,*,#2205,.F.);
#2822=ORIENTED_EDGE('',*,*,#2207,.T.);
#2823=ORIENTED_EDGE('',*,*,#2208,.F.);
#2824=ORIENTED_EDGE('',*,*,#2209,.F.);
#2825=ORIENTED_EDGE('',*,*,#2204,.F.);
#2826=ORIENTED_EDGE('',*,*,#2210,.F.);
#2827=ORIENTED_EDGE('',*,*,#2211,.F.);
#2828=ORIENTED_EDGE('',*,*,#2212,.F.);
#2829=ORIENTED_EDGE('',*,*,#2213,.T.);
#2830=ORIENTED_EDGE('',*,*,#2214,.T.);
#2831=ORIENTED_EDGE('',*,*,#2215,.T.);
#2832=ORIENTED_EDGE('',*,*,#2216,.T.);
#2833=ORIENTED_EDGE('',*,*,#2213,.F.);
#2834=ORIENTED_EDGE('',*,*,#2217,.T.);
#2835=ORIENTED_EDGE('',*,*,#2218,.T.);
#2836=ORIENTED_EDGE('',*,*,#2219,.F.);
#2837=ORIENTED_EDGE('',*,*,#2220,.T.);
#2838=ORIENTED_EDGE('',*,*,#2221,.F.);
#2839=ORIENTED_EDGE('',*,*,#2222,.F.);
#2840=ORIENTED_EDGE('',*,*,#2223,.T.);
#2841=ORIENTED_EDGE('',*,*,#2216,.F.);
#2842=ORIENTED_EDGE('',*,*,#2224,.T.);
#2843=ORIENTED_EDGE('',*,*,#2225,.T.);
#2844=ORIENTED_EDGE('',*,*,#2217,.F.);
#2845=ORIENTED_EDGE('',*,*,#2226,.T.);
#2846=ORIENTED_EDGE('',*,*,#2227,.T.);
#2847=ORIENTED_EDGE('',*,*,#2228,.T.);
#2848=ORIENTED_EDGE('',*,*,#2229,.T.);
#2849=ORIENTED_EDGE('',*,*,#2226,.F.);
#2850=ORIENTED_EDGE('',*,*,#2230,.T.);
#2851=ORIENTED_EDGE('',*,*,#2231,.F.);
#2852=ORIENTED_EDGE('',*,*,#2232,.F.);
#2853=ORIENTED_EDGE('',*,*,#2229,.F.);
#2854=ORIENTED_EDGE('',*,*,#2233,.F.);
#2855=ORIENTED_EDGE('',*,*,#2234,.T.);
#2856=ORIENTED_EDGE('',*,*,#2235,.T.);
#2857=ORIENTED_EDGE('',*,*,#2236,.T.);
#2858=ORIENTED_EDGE('',*,*,#2237,.T.);
#2859=ORIENTED_EDGE('',*,*,#2238,.T.);
#2860=ORIENTED_EDGE('',*,*,#2239,.T.);
#2861=ORIENTED_EDGE('',*,*,#2236,.F.);
#2862=ORIENTED_EDGE('',*,*,#2240,.F.);
#2863=ORIENTED_EDGE('',*,*,#2241,.T.);
#2864=ORIENTED_EDGE('',*,*,#2242,.F.);
#2865=ORIENTED_EDGE('',*,*,#2243,.T.);
#2866=ORIENTED_EDGE('',*,*,#2244,.T.);
#2867=ORIENTED_EDGE('',*,*,#2245,.F.);
#2868=ORIENTED_EDGE('',*,*,#2246,.F.);
#2869=ORIENTED_EDGE('',*,*,#2239,.F.);
#2870=ORIENTED_EDGE('',*,*,#2247,.T.);
#2871=ORIENTED_EDGE('',*,*,#2248,.T.);
#2872=ORIENTED_EDGE('',*,*,#2240,.T.);
#2873=ORIENTED_EDGE('',*,*,#2249,.T.);
#2874=ORIENTED_EDGE('',*,*,#2250,.T.);
#2875=ORIENTED_EDGE('',*,*,#2251,.T.);
#2876=ORIENTED_EDGE('',*,*,#2252,.T.);
#2877=ORIENTED_EDGE('',*,*,#2251,.F.);
#2878=ORIENTED_EDGE('',*,*,#2253,.F.);
#2879=ORIENTED_EDGE('',*,*,#2254,.F.);
#2880=ORIENTED_EDGE('',*,*,#2255,.T.);
#2881=ORIENTED_EDGE('',*,*,#2250,.F.);
#2882=ORIENTED_EDGE('',*,*,#2256,.F.);
#2883=ORIENTED_EDGE('',*,*,#2257,.T.);
#2884=ORIENTED_EDGE('',*,*,#2258,.T.);
#2885=ORIENTED_EDGE('',*,*,#2259,.F.);
#2886=ORIENTED_EDGE('',*,*,#2260,.F.);
#2887=ORIENTED_EDGE('',*,*,#2261,.F.);
#2888=ORIENTED_EDGE('',*,*,#2262,.F.);
#2889=ORIENTED_EDGE('',*,*,#2263,.F.);
#2890=ORIENTED_EDGE('',*,*,#2264,.F.);
#2891=ORIENTED_EDGE('',*,*,#2234,.F.);
#2892=ORIENTED_EDGE('',*,*,#2265,.T.);
#2893=ORIENTED_EDGE('',*,*,#2266,.F.);
#2894=ORIENTED_EDGE('',*,*,#2262,.T.);
#2895=ORIENTED_EDGE('',*,*,#2267,.F.);
#2896=ORIENTED_EDGE('',*,*,#2235,.F.);
#2897=ORIENTED_EDGE('',*,*,#2264,.T.);
#2898=ORIENTED_EDGE('',*,*,#2268,.F.);
#2899=ORIENTED_EDGE('',*,*,#2241,.F.);
#2900=ORIENTED_EDGE('',*,*,#2248,.F.);
#2901=ORIENTED_EDGE('',*,*,#2269,.T.);
#2902=ORIENTED_EDGE('',*,*,#2270,.T.);
#2903=ORIENTED_EDGE('',*,*,#2271,.F.);
#2904=ORIENTED_EDGE('',*,*,#2269,.F.);
#2905=ORIENTED_EDGE('',*,*,#2247,.F.);
#2906=ORIENTED_EDGE('',*,*,#2272,.F.);
#2907=ORIENTED_EDGE('',*,*,#2273,.F.);
#2908=ORIENTED_EDGE('',*,*,#2270,.F.);
#2909=ORIENTED_EDGE('',*,*,#2274,.F.);
#2910=ORIENTED_EDGE('',*,*,#2243,.F.);
#2911=ORIENTED_EDGE('',*,*,#2266,.T.);
#2912=ORIENTED_EDGE('',*,*,#2263,.T.);
#2913=ORIENTED_EDGE('',*,*,#2275,.T.);
#2914=ORIENTED_EDGE('',*,*,#2276,.F.);
#2915=ORIENTED_EDGE('',*,*,#2277,.F.);
#2916=ORIENTED_EDGE('',*,*,#2278,.F.);
#2917=ORIENTED_EDGE('',*,*,#2279,.F.);
#2918=ORIENTED_EDGE('',*,*,#2280,.F.);
#2919=ORIENTED_EDGE('',*,*,#2281,.F.);
#2920=ORIENTED_EDGE('',*,*,#2282,.F.);
#2921=ORIENTED_EDGE('',*,*,#2283,.F.);
#2922=ORIENTED_EDGE('',*,*,#2284,.F.);
#2923=ORIENTED_EDGE('',*,*,#2285,.F.);
#2924=ORIENTED_EDGE('',*,*,#2196,.T.);
#2925=ORIENTED_EDGE('',*,*,#2286,.T.);
#2926=ORIENTED_EDGE('',*,*,#2287,.T.);
#2927=ORIENTED_EDGE('',*,*,#2288,.F.);
#2928=ORIENTED_EDGE('',*,*,#2289,.T.);
#2929=ORIENTED_EDGE('',*,*,#2290,.T.);
#2930=ORIENTED_EDGE('',*,*,#2291,.T.);
#2931=ORIENTED_EDGE('',*,*,#2292,.F.);
#2932=ORIENTED_EDGE('',*,*,#2293,.F.);
#2933=ORIENTED_EDGE('',*,*,#2294,.F.);
#2934=ORIENTED_EDGE('',*,*,#2295,.F.);
#2935=ORIENTED_EDGE('',*,*,#2296,.F.);
#2936=ORIENTED_EDGE('',*,*,#2297,.F.);
#2937=ORIENTED_EDGE('',*,*,#2298,.F.);
#2938=ORIENTED_EDGE('',*,*,#2299,.F.);
#2939=ORIENTED_EDGE('',*,*,#2300,.F.);
#2940=ORIENTED_EDGE('',*,*,#2301,.F.);
#2941=ORIENTED_EDGE('',*,*,#2302,.F.);
#2942=ORIENTED_EDGE('',*,*,#2303,.F.);
#2943=ORIENTED_EDGE('',*,*,#2304,.F.);
#2944=ORIENTED_EDGE('',*,*,#2305,.F.);
#2945=ORIENTED_EDGE('',*,*,#2306,.F.);
#2946=ORIENTED_EDGE('',*,*,#2307,.F.);
#2947=ORIENTED_EDGE('',*,*,#2308,.F.);
#2948=ORIENTED_EDGE('',*,*,#2309,.F.);
#2949=ORIENTED_EDGE('',*,*,#2310,.F.);
#2950=ORIENTED_EDGE('',*,*,#2219,.T.);
#2951=ORIENTED_EDGE('',*,*,#2311,.T.);
#2952=ORIENTED_EDGE('',*,*,#2312,.T.);
#2953=ORIENTED_EDGE('',*,*,#2313,.F.);
#2954=ORIENTED_EDGE('',*,*,#2314,.T.);
#2955=ORIENTED_EDGE('',*,*,#2315,.T.);
#2956=ORIENTED_EDGE('',*,*,#2316,.T.);
#2957=ORIENTED_EDGE('',*,*,#2317,.F.);
#2958=ORIENTED_EDGE('',*,*,#2318,.F.);
#2959=ORIENTED_EDGE('',*,*,#2319,.F.);
#2960=ORIENTED_EDGE('',*,*,#2320,.F.);
#2961=ORIENTED_EDGE('',*,*,#2321,.F.);
#2962=ORIENTED_EDGE('',*,*,#2322,.F.);
#2963=ORIENTED_EDGE('',*,*,#2323,.F.);
#2964=ORIENTED_EDGE('',*,*,#2324,.F.);
#2965=ORIENTED_EDGE('',*,*,#2325,.F.);
#2966=ORIENTED_EDGE('',*,*,#2326,.F.);
#2967=ORIENTED_EDGE('',*,*,#2242,.T.);
#2968=ORIENTED_EDGE('',*,*,#2268,.T.);
#2969=ORIENTED_EDGE('',*,*,#2271,.T.);
#2970=ORIENTED_EDGE('',*,*,#2327,.F.);
#2971=ORIENTED_EDGE('',*,*,#2328,.T.);
#2972=ORIENTED_EDGE('',*,*,#2329,.T.);
#2973=ORIENTED_EDGE('',*,*,#2330,.T.);
#2974=ORIENTED_EDGE('',*,*,#2331,.T.);
#2975=ORIENTED_EDGE('',*,*,#2332,.T.);
#2976=ORIENTED_EDGE('',*,*,#2333,.T.);
#2977=ORIENTED_EDGE('',*,*,#2334,.T.);
#2978=ORIENTED_EDGE('',*,*,#2335,.T.);
#2979=ORIENTED_EDGE('',*,*,#2336,.T.);
#2980=ORIENTED_EDGE('',*,*,#2337,.T.);
#2981=ORIENTED_EDGE('',*,*,#2338,.T.);
#2982=ORIENTED_EDGE('',*,*,#2339,.T.);
#2983=ORIENTED_EDGE('',*,*,#2261,.T.);
#2984=ORIENTED_EDGE('',*,*,#2340,.F.);
#2985=ORIENTED_EDGE('',*,*,#2341,.T.);
#2986=ORIENTED_EDGE('',*,*,#2230,.F.);
#2987=ORIENTED_EDGE('',*,*,#2267,.T.);
#2988=ORIENTED_EDGE('',*,*,#2228,.F.);
#2989=ORIENTED_EDGE('',*,*,#2342,.F.);
#2990=ORIENTED_EDGE('',*,*,#2343,.T.);
#2991=ORIENTED_EDGE('',*,*,#2340,.T.);
#2992=ORIENTED_EDGE('',*,*,#2260,.T.);
#2993=ORIENTED_EDGE('',*,*,#2275,.F.);
#2994=ORIENTED_EDGE('',*,*,#2265,.F.);
#2995=ORIENTED_EDGE('',*,*,#2233,.T.);
#2996=ORIENTED_EDGE('',*,*,#2227,.F.);
#2997=ORIENTED_EDGE('',*,*,#2232,.T.);
#2998=ORIENTED_EDGE('',*,*,#2344,.T.);
#2999=ORIENTED_EDGE('',*,*,#2345,.T.);
#3000=ORIENTED_EDGE('',*,*,#2237,.F.);
#3001=ORIENTED_EDGE('',*,*,#2246,.T.);
#3002=ORIENTED_EDGE('',*,*,#2346,.T.);
#3003=ORIENTED_EDGE('',*,*,#2347,.T.);
#3004=ORIENTED_EDGE('',*,*,#2348,.T.);
#3005=ORIENTED_EDGE('',*,*,#2349,.T.);
#3006=ORIENTED_EDGE('',*,*,#2350,.T.);
#3007=ORIENTED_EDGE('',*,*,#2351,.T.);
#3008=ORIENTED_EDGE('',*,*,#2352,.T.);
#3009=ORIENTED_EDGE('',*,*,#2353,.T.);
#3010=ORIENTED_EDGE('',*,*,#2354,.T.);
#3011=ORIENTED_EDGE('',*,*,#2355,.T.);
#3012=ORIENTED_EDGE('',*,*,#2356,.F.);
#3013=ORIENTED_EDGE('',*,*,#2357,.T.);
#3014=ORIENTED_EDGE('',*,*,#2358,.T.);
#3015=ORIENTED_EDGE('',*,*,#2359,.T.);
#3016=ORIENTED_EDGE('',*,*,#2360,.T.);
#3017=ORIENTED_EDGE('',*,*,#2361,.T.);
#3018=ORIENTED_EDGE('',*,*,#2362,.T.);
#3019=ORIENTED_EDGE('',*,*,#2363,.T.);
#3020=ORIENTED_EDGE('',*,*,#2364,.T.);
#3021=ORIENTED_EDGE('',*,*,#2365,.T.);
#3022=ORIENTED_EDGE('',*,*,#2366,.T.);
#3023=ORIENTED_EDGE('',*,*,#2342,.T.);
#3024=ORIENTED_EDGE('',*,*,#2367,.T.);
#3025=ORIENTED_EDGE('',*,*,#2368,.T.);
#3026=ORIENTED_EDGE('',*,*,#2369,.T.);
#3027=ORIENTED_EDGE('',*,*,#2370,.T.);
#3028=ORIENTED_EDGE('',*,*,#2371,.T.);
#3029=ORIENTED_EDGE('',*,*,#2372,.T.);
#3030=ORIENTED_EDGE('',*,*,#2373,.T.);
#3031=ORIENTED_EDGE('',*,*,#2374,.T.);
#3032=ORIENTED_EDGE('',*,*,#2286,.F.);
#3033=ORIENTED_EDGE('',*,*,#2195,.F.);
#3034=ORIENTED_EDGE('',*,*,#2202,.T.);
#3035=ORIENTED_EDGE('',*,*,#2375,.T.);
#3036=ORIENTED_EDGE('',*,*,#2287,.F.);
#3037=ORIENTED_EDGE('',*,*,#2375,.F.);
#3038=ORIENTED_EDGE('',*,*,#2201,.T.);
#3039=ORIENTED_EDGE('',*,*,#2376,.F.);
#3040=ORIENTED_EDGE('',*,*,#2377,.F.);
#3041=ORIENTED_EDGE('',*,*,#2378,.F.);
#3042=ORIENTED_EDGE('',*,*,#2377,.T.);
#3043=ORIENTED_EDGE('',*,*,#2379,.F.);
#3044=ORIENTED_EDGE('',*,*,#2197,.T.);
#3045=ORIENTED_EDGE('',*,*,#2380,.F.);
#3046=ORIENTED_EDGE('',*,*,#2381,.F.);
#3047=ORIENTED_EDGE('',*,*,#2212,.T.);
#3048=ORIENTED_EDGE('',*,*,#2382,.T.);
#3049=ORIENTED_EDGE('',*,*,#2289,.F.);
#3050=ORIENTED_EDGE('',*,*,#2290,.F.);
#3051=ORIENTED_EDGE('',*,*,#2382,.F.);
#3052=ORIENTED_EDGE('',*,*,#2211,.T.);
#3053=ORIENTED_EDGE('',*,*,#2383,.T.);
#3054=ORIENTED_EDGE('',*,*,#2384,.F.);
#3055=ORIENTED_EDGE('',*,*,#2385,.T.);
#3056=ORIENTED_EDGE('',*,*,#2386,.F.);
#3057=ORIENTED_EDGE('',*,*,#2380,.T.);
#3058=ORIENTED_EDGE('',*,*,#2379,.T.);
#3059=ORIENTED_EDGE('',*,*,#2376,.T.);
#3060=ORIENTED_EDGE('',*,*,#2387,.F.);
#3061=ORIENTED_EDGE('',*,*,#2388,.T.);
#3062=ORIENTED_EDGE('',*,*,#2198,.F.);
#3063=ORIENTED_EDGE('',*,*,#2381,.T.);
#3064=ORIENTED_EDGE('',*,*,#2386,.T.);
#3065=ORIENTED_EDGE('',*,*,#2389,.F.);
#3066=ORIENTED_EDGE('',*,*,#2390,.T.);
#3067=ORIENTED_EDGE('',*,*,#2207,.F.);
#3068=ORIENTED_EDGE('',*,*,#2203,.F.);
#3069=ORIENTED_EDGE('',*,*,#2391,.F.);
#3070=ORIENTED_EDGE('',*,*,#2392,.T.);
#3071=ORIENTED_EDGE('',*,*,#2389,.T.);
#3072=ORIENTED_EDGE('',*,*,#2385,.F.);
#3073=ORIENTED_EDGE('',*,*,#2291,.F.);
#3074=ORIENTED_EDGE('',*,*,#2383,.F.);
#3075=ORIENTED_EDGE('',*,*,#2210,.T.);
#3076=ORIENTED_EDGE('',*,*,#2192,.F.);
#3077=ORIENTED_EDGE('',*,*,#2393,.F.);
#3078=ORIENTED_EDGE('',*,*,#2394,.T.);
#3079=ORIENTED_EDGE('',*,*,#2387,.T.);
#3080=ORIENTED_EDGE('',*,*,#2395,.F.);
#3081=ORIENTED_EDGE('',*,*,#2396,.F.);
#3082=ORIENTED_EDGE('',*,*,#2397,.F.);
#3083=ORIENTED_EDGE('',*,*,#2398,.F.);
#3084=ORIENTED_EDGE('',*,*,#2315,.F.);
#3085=ORIENTED_EDGE('',*,*,#2399,.F.);
#3086=ORIENTED_EDGE('',*,*,#2257,.F.);
#3087=ORIENTED_EDGE('',*,*,#2400,.T.);
#3088=ORIENTED_EDGE('',*,*,#2314,.F.);
#3089=ORIENTED_EDGE('',*,*,#2398,.T.);
#3090=ORIENTED_EDGE('',*,*,#2401,.F.);
#3091=ORIENTED_EDGE('',*,*,#2258,.F.);
#3092=ORIENTED_EDGE('',*,*,#2399,.T.);
#3093=ORIENTED_EDGE('',*,*,#2402,.F.);
#3094=ORIENTED_EDGE('',*,*,#2403,.F.);
#3095=ORIENTED_EDGE('',*,*,#2404,.F.);
#3096=ORIENTED_EDGE('',*,*,#2220,.F.);
#3097=ORIENTED_EDGE('',*,*,#2403,.T.);
#3098=ORIENTED_EDGE('',*,*,#2312,.F.);
#3099=ORIENTED_EDGE('',*,*,#2405,.F.);
#3100=ORIENTED_EDGE('',*,*,#2224,.F.);
#3101=ORIENTED_EDGE('',*,*,#2406,.F.);
#3102=ORIENTED_EDGE('',*,*,#2311,.F.);
#3103=ORIENTED_EDGE('',*,*,#2218,.F.);
#3104=ORIENTED_EDGE('',*,*,#2225,.F.);
#3105=ORIENTED_EDGE('',*,*,#2405,.T.);
#3106=ORIENTED_EDGE('',*,*,#2397,.T.);
#3107=ORIENTED_EDGE('',*,*,#2407,.T.);
#3108=ORIENTED_EDGE('',*,*,#2408,.T.);
#3109=ORIENTED_EDGE('',*,*,#2253,.T.);
#3110=ORIENTED_EDGE('',*,*,#2401,.T.);
#3111=ORIENTED_EDGE('',*,*,#2249,.F.);
#3112=ORIENTED_EDGE('',*,*,#2409,.T.);
#3113=ORIENTED_EDGE('',*,*,#2410,.T.);
#3114=ORIENTED_EDGE('',*,*,#2407,.F.);
#3115=ORIENTED_EDGE('',*,*,#2396,.T.);
#3116=ORIENTED_EDGE('',*,*,#2316,.F.);
#3117=ORIENTED_EDGE('',*,*,#2400,.F.);
#3118=ORIENTED_EDGE('',*,*,#2256,.T.);
#3119=ORIENTED_EDGE('',*,*,#2406,.T.);
#3120=ORIENTED_EDGE('',*,*,#2411,.T.);
#3121=ORIENTED_EDGE('',*,*,#2412,.T.);
#3122=ORIENTED_EDGE('',*,*,#2221,.T.);
#3123=ORIENTED_EDGE('',*,*,#2404,.T.);
#3124=ORIENTED_EDGE('',*,*,#2215,.F.);
#3125=ORIENTED_EDGE('',*,*,#2413,.T.);
#3126=ORIENTED_EDGE('',*,*,#2414,.T.);
#3127=ORIENTED_EDGE('',*,*,#2411,.F.);
#3128=ORIENTED_EDGE('',*,*,#2415,.F.);
#3129=ORIENTED_EDGE('',*,*,#2416,.F.);
#3130=ORIENTED_EDGE('',*,*,#2417,.F.);
#3131=ORIENTED_EDGE('',*,*,#2418,.F.);
#3132=ORIENTED_EDGE('',*,*,#2419,.F.);
#3133=ORIENTED_EDGE('',*,*,#2420,.F.);
#3134=ORIENTED_EDGE('',*,*,#2421,.F.);
#3135=ORIENTED_EDGE('',*,*,#2422,.F.);
#3136=ORIENTED_EDGE('',*,*,#2423,.F.);
#3137=ORIENTED_EDGE('',*,*,#2424,.F.);
#3138=ORIENTED_EDGE('',*,*,#2425,.F.);
#3139=ORIENTED_EDGE('',*,*,#2426,.F.);
#3140=ORIENTED_EDGE('',*,*,#2427,.F.);
#3141=ORIENTED_EDGE('',*,*,#2428,.T.);
#3142=ORIENTED_EDGE('',*,*,#2429,.T.);
#3143=ORIENTED_EDGE('',*,*,#2430,.F.);
#3144=ORIENTED_EDGE('',*,*,#2417,.T.);
#3145=ORIENTED_EDGE('',*,*,#2431,.F.);
#3146=ORIENTED_EDGE('',*,*,#2432,.T.);
#3147=ORIENTED_EDGE('',*,*,#2433,.T.);
#3148=ORIENTED_EDGE('',*,*,#2434,.T.);
#3149=ORIENTED_EDGE('',*,*,#2435,.T.);
#3150=ORIENTED_EDGE('',*,*,#2436,.F.);
#3151=ORIENTED_EDGE('',*,*,#2418,.T.);
#3152=ORIENTED_EDGE('',*,*,#2430,.T.);
#3153=ORIENTED_EDGE('',*,*,#2437,.T.);
#3154=ORIENTED_EDGE('',*,*,#2438,.F.);
#3155=ORIENTED_EDGE('',*,*,#2419,.T.);
#3156=ORIENTED_EDGE('',*,*,#2436,.T.);
#3157=ORIENTED_EDGE('',*,*,#2439,.T.);
#3158=ORIENTED_EDGE('',*,*,#2440,.F.);
#3159=ORIENTED_EDGE('',*,*,#2420,.T.);
#3160=ORIENTED_EDGE('',*,*,#2438,.T.);
#3161=ORIENTED_EDGE('',*,*,#2441,.T.);
#3162=ORIENTED_EDGE('',*,*,#2442,.F.);
#3163=ORIENTED_EDGE('',*,*,#2421,.T.);
#3164=ORIENTED_EDGE('',*,*,#2440,.T.);
#3165=ORIENTED_EDGE('',*,*,#2443,.T.);
#3166=ORIENTED_EDGE('',*,*,#2444,.F.);
#3167=ORIENTED_EDGE('',*,*,#2422,.T.);
#3168=ORIENTED_EDGE('',*,*,#2442,.T.);
#3169=ORIENTED_EDGE('',*,*,#2445,.T.);
#3170=ORIENTED_EDGE('',*,*,#2446,.F.);
#3171=ORIENTED_EDGE('',*,*,#2423,.T.);
#3172=ORIENTED_EDGE('',*,*,#2444,.T.);
#3173=ORIENTED_EDGE('',*,*,#2447,.T.);
#3174=ORIENTED_EDGE('',*,*,#2448,.F.);
#3175=ORIENTED_EDGE('',*,*,#2424,.T.);
#3176=ORIENTED_EDGE('',*,*,#2446,.T.);
#3177=ORIENTED_EDGE('',*,*,#2449,.T.);
#3178=ORIENTED_EDGE('',*,*,#2450,.F.);
#3179=ORIENTED_EDGE('',*,*,#2425,.T.);
#3180=ORIENTED_EDGE('',*,*,#2448,.T.);
#3181=ORIENTED_EDGE('',*,*,#2451,.T.);
#3182=ORIENTED_EDGE('',*,*,#2452,.F.);
#3183=ORIENTED_EDGE('',*,*,#2426,.T.);
#3184=ORIENTED_EDGE('',*,*,#2450,.T.);
#3185=ORIENTED_EDGE('',*,*,#2453,.T.);
#3186=ORIENTED_EDGE('',*,*,#2454,.F.);
#3187=ORIENTED_EDGE('',*,*,#2427,.T.);
#3188=ORIENTED_EDGE('',*,*,#2452,.T.);
#3189=ORIENTED_EDGE('',*,*,#2455,.T.);
#3190=ORIENTED_EDGE('',*,*,#2456,.F.);
#3191=ORIENTED_EDGE('',*,*,#2415,.T.);
#3192=ORIENTED_EDGE('',*,*,#2454,.T.);
#3193=ORIENTED_EDGE('',*,*,#2457,.T.);
#3194=ORIENTED_EDGE('',*,*,#2431,.T.);
#3195=ORIENTED_EDGE('',*,*,#2416,.T.);
#3196=ORIENTED_EDGE('',*,*,#2456,.T.);
#3197=ORIENTED_EDGE('',*,*,#2432,.F.);
#3198=ORIENTED_EDGE('',*,*,#2457,.F.);
#3199=ORIENTED_EDGE('',*,*,#2455,.F.);
#3200=ORIENTED_EDGE('',*,*,#2453,.F.);
#3201=ORIENTED_EDGE('',*,*,#2451,.F.);
#3202=ORIENTED_EDGE('',*,*,#2449,.F.);
#3203=ORIENTED_EDGE('',*,*,#2447,.F.);
#3204=ORIENTED_EDGE('',*,*,#2445,.F.);
#3205=ORIENTED_EDGE('',*,*,#2443,.F.);
#3206=ORIENTED_EDGE('',*,*,#2441,.F.);
#3207=ORIENTED_EDGE('',*,*,#2439,.F.);
#3208=ORIENTED_EDGE('',*,*,#2437,.F.);
#3209=ORIENTED_EDGE('',*,*,#2435,.F.);
#3210=ORIENTED_EDGE('',*,*,#2429,.F.);
#3211=ORIENTED_EDGE('',*,*,#2458,.F.);
#3212=ORIENTED_EDGE('',*,*,#2459,.T.);
#3213=ORIENTED_EDGE('',*,*,#2434,.F.);
#3214=ORIENTED_EDGE('',*,*,#2460,.T.);
#3215=ORIENTED_EDGE('',*,*,#2461,.F.);
#3216=ORIENTED_EDGE('',*,*,#2462,.F.);
#3217=ORIENTED_EDGE('',*,*,#2458,.T.);
#3218=ORIENTED_EDGE('',*,*,#2463,.T.);
#3219=ORIENTED_EDGE('',*,*,#2464,.F.);
#3220=ORIENTED_EDGE('',*,*,#2465,.T.);
#3221=ORIENTED_EDGE('',*,*,#2466,.T.);
#3222=ORIENTED_EDGE('',*,*,#2467,.F.);
#3223=ORIENTED_EDGE('',*,*,#2468,.F.);
#3224=ORIENTED_EDGE('',*,*,#2469,.T.);
#3225=ORIENTED_EDGE('',*,*,#2464,.T.);
#3226=ORIENTED_EDGE('',*,*,#2470,.T.);
#3227=ORIENTED_EDGE('',*,*,#2460,.F.);
#3228=ORIENTED_EDGE('',*,*,#2433,.F.);
#3229=ORIENTED_EDGE('',*,*,#2465,.F.);
#3230=ORIENTED_EDGE('',*,*,#2469,.F.);
#3231=ORIENTED_EDGE('',*,*,#2471,.F.);
#3232=ORIENTED_EDGE('',*,*,#2466,.F.);
#3233=ORIENTED_EDGE('',*,*,#2463,.F.);
#3234=ORIENTED_EDGE('',*,*,#2428,.F.);
#3235=ORIENTED_EDGE('',*,*,#2459,.F.);
#3236=ORIENTED_EDGE('',*,*,#2468,.T.);
#3237=ORIENTED_EDGE('',*,*,#2472,.T.);
#3238=ORIENTED_EDGE('',*,*,#2473,.F.);
#3239=ORIENTED_EDGE('',*,*,#2474,.F.);
#3240=ORIENTED_EDGE('',*,*,#2475,.T.);
#3241=ORIENTED_EDGE('',*,*,#2476,.T.);
#3242=ORIENTED_EDGE('',*,*,#2477,.T.);
#3243=ORIENTED_EDGE('',*,*,#2478,.T.);
#3244=ORIENTED_EDGE('',*,*,#2328,.F.);
#3245=ORIENTED_EDGE('',*,*,#2479,.F.);
#3246=ORIENTED_EDGE('',*,*,#2329,.F.);
#3247=ORIENTED_EDGE('',*,*,#2478,.F.);
#3248=ORIENTED_EDGE('',*,*,#2480,.T.);
#3249=ORIENTED_EDGE('',*,*,#2481,.F.);
#3250=ORIENTED_EDGE('',*,*,#2480,.F.);
#3251=ORIENTED_EDGE('',*,*,#2477,.F.);
#3252=ORIENTED_EDGE('',*,*,#2482,.T.);
#3253=ORIENTED_EDGE('',*,*,#2483,.F.);
#3254=ORIENTED_EDGE('',*,*,#2482,.F.);
#3255=ORIENTED_EDGE('',*,*,#2476,.F.);
#3256=ORIENTED_EDGE('',*,*,#2331,.F.);
#3257=ORIENTED_EDGE('',*,*,#2479,.T.);
#3258=ORIENTED_EDGE('',*,*,#2481,.T.);
#3259=ORIENTED_EDGE('',*,*,#2483,.T.);
#3260=ORIENTED_EDGE('',*,*,#2330,.F.);
#3261=ORIENTED_EDGE('',*,*,#2484,.T.);
#3262=ORIENTED_EDGE('',*,*,#2485,.T.);
#3263=ORIENTED_EDGE('',*,*,#2332,.F.);
#3264=ORIENTED_EDGE('',*,*,#2486,.T.);
#3265=ORIENTED_EDGE('',*,*,#2487,.F.);
#3266=ORIENTED_EDGE('',*,*,#2333,.F.);
#3267=ORIENTED_EDGE('',*,*,#2485,.F.);
#3268=ORIENTED_EDGE('',*,*,#2488,.T.);
#3269=ORIENTED_EDGE('',*,*,#2489,.F.);
#3270=ORIENTED_EDGE('',*,*,#2488,.F.);
#3271=ORIENTED_EDGE('',*,*,#2484,.F.);
#3272=ORIENTED_EDGE('',*,*,#2490,.T.);
#3273=ORIENTED_EDGE('',*,*,#2491,.F.);
#3274=ORIENTED_EDGE('',*,*,#2490,.F.);
#3275=ORIENTED_EDGE('',*,*,#2486,.F.);
#3276=ORIENTED_EDGE('',*,*,#2335,.F.);
#3277=ORIENTED_EDGE('',*,*,#2334,.F.);
#3278=ORIENTED_EDGE('',*,*,#2487,.T.);
#3279=ORIENTED_EDGE('',*,*,#2489,.T.);
#3280=ORIENTED_EDGE('',*,*,#2491,.T.);
#3281=ORIENTED_EDGE('',*,*,#2492,.T.);
#3282=ORIENTED_EDGE('',*,*,#2493,.T.);
#3283=ORIENTED_EDGE('',*,*,#2494,.T.);
#3284=ORIENTED_EDGE('',*,*,#2336,.F.);
#3285=ORIENTED_EDGE('',*,*,#2495,.F.);
#3286=ORIENTED_EDGE('',*,*,#2337,.F.);
#3287=ORIENTED_EDGE('',*,*,#2494,.F.);
#3288=ORIENTED_EDGE('',*,*,#2496,.T.);
#3289=ORIENTED_EDGE('',*,*,#2497,.F.);
#3290=ORIENTED_EDGE('',*,*,#2496,.F.);
#3291=ORIENTED_EDGE('',*,*,#2493,.F.);
#3292=ORIENTED_EDGE('',*,*,#2498,.T.);
#3293=ORIENTED_EDGE('',*,*,#2499,.F.);
#3294=ORIENTED_EDGE('',*,*,#2498,.F.);
#3295=ORIENTED_EDGE('',*,*,#2492,.F.);
#3296=ORIENTED_EDGE('',*,*,#2339,.F.);
#3297=ORIENTED_EDGE('',*,*,#2495,.T.);
#3298=ORIENTED_EDGE('',*,*,#2497,.T.);
#3299=ORIENTED_EDGE('',*,*,#2499,.T.);
#3300=ORIENTED_EDGE('',*,*,#2338,.F.);
#3301=ORIENTED_EDGE('',*,*,#2500,.T.);
#3302=ORIENTED_EDGE('',*,*,#2501,.T.);
#3303=ORIENTED_EDGE('',*,*,#2502,.T.);
#3304=ORIENTED_EDGE('',*,*,#2473,.T.);
#3305=ORIENTED_EDGE('',*,*,#2281,.T.);
#3306=ORIENTED_EDGE('',*,*,#2503,.F.);
#3307=ORIENTED_EDGE('',*,*,#2504,.F.);
#3308=ORIENTED_EDGE('',*,*,#2505,.T.);
#3309=ORIENTED_EDGE('',*,*,#2280,.T.);
#3310=ORIENTED_EDGE('',*,*,#2506,.F.);
#3311=ORIENTED_EDGE('',*,*,#2507,.F.);
#3312=ORIENTED_EDGE('',*,*,#2503,.T.);
#3313=ORIENTED_EDGE('',*,*,#2279,.T.);
#3314=ORIENTED_EDGE('',*,*,#2508,.F.);
#3315=ORIENTED_EDGE('',*,*,#2509,.F.);
#3316=ORIENTED_EDGE('',*,*,#2506,.T.);
#3317=ORIENTED_EDGE('',*,*,#2278,.T.);
#3318=ORIENTED_EDGE('',*,*,#2510,.F.);
#3319=ORIENTED_EDGE('',*,*,#2511,.F.);
#3320=ORIENTED_EDGE('',*,*,#2508,.T.);
#3321=ORIENTED_EDGE('',*,*,#2277,.T.);
#3322=ORIENTED_EDGE('',*,*,#2512,.F.);
#3323=ORIENTED_EDGE('',*,*,#2513,.F.);
#3324=ORIENTED_EDGE('',*,*,#2510,.T.);
#3325=ORIENTED_EDGE('',*,*,#2276,.T.);
#3326=ORIENTED_EDGE('',*,*,#2259,.T.);
#3327=ORIENTED_EDGE('',*,*,#2327,.T.);
#3328=ORIENTED_EDGE('',*,*,#2273,.T.);
#3329=ORIENTED_EDGE('',*,*,#2326,.T.);
#3330=ORIENTED_EDGE('',*,*,#2514,.F.);
#3331=ORIENTED_EDGE('',*,*,#2515,.F.);
#3332=ORIENTED_EDGE('',*,*,#2512,.T.);
#3333=ORIENTED_EDGE('',*,*,#2325,.T.);
#3334=ORIENTED_EDGE('',*,*,#2516,.F.);
#3335=ORIENTED_EDGE('',*,*,#2517,.F.);
#3336=ORIENTED_EDGE('',*,*,#2514,.T.);
#3337=ORIENTED_EDGE('',*,*,#2324,.T.);
#3338=ORIENTED_EDGE('',*,*,#2518,.F.);
#3339=ORIENTED_EDGE('',*,*,#2519,.F.);
#3340=ORIENTED_EDGE('',*,*,#2516,.T.);
#3341=ORIENTED_EDGE('',*,*,#2323,.T.);
#3342=ORIENTED_EDGE('',*,*,#2520,.F.);
#3343=ORIENTED_EDGE('',*,*,#2521,.F.);
#3344=ORIENTED_EDGE('',*,*,#2518,.T.);
#3345=ORIENTED_EDGE('',*,*,#2322,.T.);
#3346=ORIENTED_EDGE('',*,*,#2522,.F.);
#3347=ORIENTED_EDGE('',*,*,#2523,.F.);
#3348=ORIENTED_EDGE('',*,*,#2520,.T.);
#3349=ORIENTED_EDGE('',*,*,#2321,.T.);
#3350=ORIENTED_EDGE('',*,*,#2524,.F.);
#3351=ORIENTED_EDGE('',*,*,#2525,.F.);
#3352=ORIENTED_EDGE('',*,*,#2522,.T.);
#3353=ORIENTED_EDGE('',*,*,#2320,.T.);
#3354=ORIENTED_EDGE('',*,*,#2526,.F.);
#3355=ORIENTED_EDGE('',*,*,#2527,.F.);
#3356=ORIENTED_EDGE('',*,*,#2524,.T.);
#3357=ORIENTED_EDGE('',*,*,#2319,.T.);
#3358=ORIENTED_EDGE('',*,*,#2528,.F.);
#3359=ORIENTED_EDGE('',*,*,#2529,.F.);
#3360=ORIENTED_EDGE('',*,*,#2526,.T.);
#3361=ORIENTED_EDGE('',*,*,#2318,.T.);
#3362=ORIENTED_EDGE('',*,*,#2530,.F.);
#3363=ORIENTED_EDGE('',*,*,#2531,.F.);
#3364=ORIENTED_EDGE('',*,*,#2528,.T.);
#3365=ORIENTED_EDGE('',*,*,#2317,.T.);
#3366=ORIENTED_EDGE('',*,*,#2395,.T.);
#3367=ORIENTED_EDGE('',*,*,#2313,.T.);
#3368=ORIENTED_EDGE('',*,*,#2402,.T.);
#3369=ORIENTED_EDGE('',*,*,#2310,.T.);
#3370=ORIENTED_EDGE('',*,*,#2532,.F.);
#3371=ORIENTED_EDGE('',*,*,#2533,.F.);
#3372=ORIENTED_EDGE('',*,*,#2530,.T.);
#3373=ORIENTED_EDGE('',*,*,#2309,.T.);
#3374=ORIENTED_EDGE('',*,*,#2534,.F.);
#3375=ORIENTED_EDGE('',*,*,#2535,.F.);
#3376=ORIENTED_EDGE('',*,*,#2532,.T.);
#3377=ORIENTED_EDGE('',*,*,#2308,.T.);
#3378=ORIENTED_EDGE('',*,*,#2536,.F.);
#3379=ORIENTED_EDGE('',*,*,#2537,.F.);
#3380=ORIENTED_EDGE('',*,*,#2534,.T.);
#3381=ORIENTED_EDGE('',*,*,#2307,.T.);
#3382=ORIENTED_EDGE('',*,*,#2538,.F.);
#3383=ORIENTED_EDGE('',*,*,#2539,.F.);
#3384=ORIENTED_EDGE('',*,*,#2536,.T.);
#3385=ORIENTED_EDGE('',*,*,#2306,.T.);
#3386=ORIENTED_EDGE('',*,*,#2540,.F.);
#3387=ORIENTED_EDGE('',*,*,#2541,.F.);
#3388=ORIENTED_EDGE('',*,*,#2538,.T.);
#3389=ORIENTED_EDGE('',*,*,#2305,.T.);
#3390=ORIENTED_EDGE('',*,*,#2542,.F.);
#3391=ORIENTED_EDGE('',*,*,#2543,.F.);
#3392=ORIENTED_EDGE('',*,*,#2540,.T.);
#3393=ORIENTED_EDGE('',*,*,#2304,.T.);
#3394=ORIENTED_EDGE('',*,*,#2544,.F.);
#3395=ORIENTED_EDGE('',*,*,#2545,.F.);
#3396=ORIENTED_EDGE('',*,*,#2542,.T.);
#3397=ORIENTED_EDGE('',*,*,#2303,.T.);
#3398=ORIENTED_EDGE('',*,*,#2546,.F.);
#3399=ORIENTED_EDGE('',*,*,#2547,.F.);
#3400=ORIENTED_EDGE('',*,*,#2548,.F.);
#3401=ORIENTED_EDGE('',*,*,#2544,.T.);
#3402=ORIENTED_EDGE('',*,*,#2302,.T.);
#3403=ORIENTED_EDGE('',*,*,#2549,.F.);
#3404=ORIENTED_EDGE('',*,*,#2550,.F.);
#3405=ORIENTED_EDGE('',*,*,#2551,.F.);
#3406=ORIENTED_EDGE('',*,*,#2546,.T.);
#3407=ORIENTED_EDGE('',*,*,#2301,.T.);
#3408=ORIENTED_EDGE('',*,*,#2552,.F.);
#3409=ORIENTED_EDGE('',*,*,#2553,.F.);
#3410=ORIENTED_EDGE('',*,*,#2549,.T.);
#3411=ORIENTED_EDGE('',*,*,#2300,.T.);
#3412=ORIENTED_EDGE('',*,*,#2554,.F.);
#3413=ORIENTED_EDGE('',*,*,#2501,.F.);
#3414=ORIENTED_EDGE('',*,*,#2555,.F.);
#3415=ORIENTED_EDGE('',*,*,#2552,.T.);
#3416=ORIENTED_EDGE('',*,*,#2299,.T.);
#3417=ORIENTED_EDGE('',*,*,#2556,.F.);
#3418=ORIENTED_EDGE('',*,*,#2557,.F.);
#3419=ORIENTED_EDGE('',*,*,#2502,.F.);
#3420=ORIENTED_EDGE('',*,*,#2554,.T.);
#3421=ORIENTED_EDGE('',*,*,#2298,.T.);
#3422=ORIENTED_EDGE('',*,*,#2558,.F.);
#3423=ORIENTED_EDGE('',*,*,#2559,.F.);
#3424=ORIENTED_EDGE('',*,*,#2556,.T.);
#3425=ORIENTED_EDGE('',*,*,#2297,.T.);
#3426=ORIENTED_EDGE('',*,*,#2560,.F.);
#3427=ORIENTED_EDGE('',*,*,#2561,.F.);
#3428=ORIENTED_EDGE('',*,*,#2558,.T.);
#3429=ORIENTED_EDGE('',*,*,#2296,.T.);
#3430=ORIENTED_EDGE('',*,*,#2562,.F.);
#3431=ORIENTED_EDGE('',*,*,#2563,.F.);
#3432=ORIENTED_EDGE('',*,*,#2560,.T.);
#3433=ORIENTED_EDGE('',*,*,#2295,.T.);
#3434=ORIENTED_EDGE('',*,*,#2564,.F.);
#3435=ORIENTED_EDGE('',*,*,#2565,.F.);
#3436=ORIENTED_EDGE('',*,*,#2562,.T.);
#3437=ORIENTED_EDGE('',*,*,#2294,.T.);
#3438=ORIENTED_EDGE('',*,*,#2566,.F.);
#3439=ORIENTED_EDGE('',*,*,#2567,.F.);
#3440=ORIENTED_EDGE('',*,*,#2564,.T.);
#3441=ORIENTED_EDGE('',*,*,#2293,.T.);
#3442=ORIENTED_EDGE('',*,*,#2568,.F.);
#3443=ORIENTED_EDGE('',*,*,#2569,.F.);
#3444=ORIENTED_EDGE('',*,*,#2566,.T.);
#3445=ORIENTED_EDGE('',*,*,#2292,.T.);
#3446=ORIENTED_EDGE('',*,*,#2384,.T.);
#3447=ORIENTED_EDGE('',*,*,#2288,.T.);
#3448=ORIENTED_EDGE('',*,*,#2378,.T.);
#3449=ORIENTED_EDGE('',*,*,#2285,.T.);
#3450=ORIENTED_EDGE('',*,*,#2570,.F.);
#3451=ORIENTED_EDGE('',*,*,#2571,.F.);
#3452=ORIENTED_EDGE('',*,*,#2568,.T.);
#3453=ORIENTED_EDGE('',*,*,#2284,.T.);
#3454=ORIENTED_EDGE('',*,*,#2572,.F.);
#3455=ORIENTED_EDGE('',*,*,#2573,.F.);
#3456=ORIENTED_EDGE('',*,*,#2570,.T.);
#3457=ORIENTED_EDGE('',*,*,#2283,.T.);
#3458=ORIENTED_EDGE('',*,*,#2574,.F.);
#3459=ORIENTED_EDGE('',*,*,#2575,.F.);
#3460=ORIENTED_EDGE('',*,*,#2572,.T.);
#3461=ORIENTED_EDGE('',*,*,#2282,.T.);
#3462=ORIENTED_EDGE('',*,*,#2505,.F.);
#3463=ORIENTED_EDGE('',*,*,#2576,.F.);
#3464=ORIENTED_EDGE('',*,*,#2574,.T.);
#3465=ORIENTED_EDGE('',*,*,#2577,.F.);
#3466=ORIENTED_EDGE('',*,*,#2547,.T.);
#3467=ORIENTED_EDGE('',*,*,#2551,.T.);
#3468=ORIENTED_EDGE('',*,*,#2578,.T.);
#3469=ORIENTED_EDGE('',*,*,#2550,.T.);
#3470=ORIENTED_EDGE('',*,*,#2553,.T.);
#3471=ORIENTED_EDGE('',*,*,#2555,.T.);
#3472=ORIENTED_EDGE('',*,*,#2579,.T.);
#3473=ORIENTED_EDGE('',*,*,#2462,.T.);
#3474=ORIENTED_EDGE('',*,*,#2580,.F.);
#3475=ORIENTED_EDGE('',*,*,#2581,.F.);
#3476=ORIENTED_EDGE('',*,*,#2582,.F.);
#3477=ORIENTED_EDGE('',*,*,#2578,.F.);
#3478=ORIENTED_EDGE('',*,*,#2579,.F.);
#3479=ORIENTED_EDGE('',*,*,#2500,.F.);
#3480=ORIENTED_EDGE('',*,*,#2472,.F.);
#3481=ORIENTED_EDGE('',*,*,#2467,.T.);
#3482=ORIENTED_EDGE('',*,*,#2471,.T.);
#3483=ORIENTED_EDGE('',*,*,#2583,.T.);
#3484=ORIENTED_EDGE('',*,*,#2584,.F.);
#3485=ORIENTED_EDGE('',*,*,#2585,.F.);
#3486=ORIENTED_EDGE('',*,*,#2586,.T.);
#3487=ORIENTED_EDGE('',*,*,#2587,.T.);
#3488=ORIENTED_EDGE('',*,*,#2588,.T.);
#3489=ORIENTED_EDGE('',*,*,#2589,.F.);
#3490=ORIENTED_EDGE('',*,*,#2590,.F.);
#3491=ORIENTED_EDGE('',*,*,#2591,.T.);
#3492=ORIENTED_EDGE('',*,*,#2592,.T.);
#3493=ORIENTED_EDGE('',*,*,#2593,.F.);
#3494=ORIENTED_EDGE('',*,*,#2594,.F.);
#3495=ORIENTED_EDGE('',*,*,#2595,.T.);
#3496=ORIENTED_EDGE('',*,*,#2596,.F.);
#3497=ORIENTED_EDGE('',*,*,#2597,.F.);
#3498=ORIENTED_EDGE('',*,*,#2598,.T.);
#3499=ORIENTED_EDGE('',*,*,#2599,.T.);
#3500=ORIENTED_EDGE('',*,*,#2600,.T.);
#3501=ORIENTED_EDGE('',*,*,#2601,.T.);
#3502=ORIENTED_EDGE('',*,*,#2602,.T.);
#3503=ORIENTED_EDGE('',*,*,#2603,.T.);
#3504=ORIENTED_EDGE('',*,*,#2604,.T.);
#3505=ORIENTED_EDGE('',*,*,#2605,.T.);
#3506=ORIENTED_EDGE('',*,*,#2606,.T.);
#3507=ORIENTED_EDGE('',*,*,#2607,.F.);
#3508=ORIENTED_EDGE('',*,*,#2592,.F.);
#3509=ORIENTED_EDGE('',*,*,#2608,.F.);
#3510=ORIENTED_EDGE('',*,*,#2598,.F.);
#3511=ORIENTED_EDGE('',*,*,#2609,.F.);
#3512=ORIENTED_EDGE('',*,*,#2588,.F.);
#3513=ORIENTED_EDGE('',*,*,#2610,.F.);
#3514=ORIENTED_EDGE('',*,*,#2586,.F.);
#3515=ORIENTED_EDGE('',*,*,#2610,.T.);
#3516=ORIENTED_EDGE('',*,*,#2611,.T.);
#3517=ORIENTED_EDGE('',*,*,#2612,.F.);
#3518=ORIENTED_EDGE('',*,*,#2613,.F.);
#3519=ORIENTED_EDGE('',*,*,#2614,.F.);
#3520=ORIENTED_EDGE('',*,*,#2615,.F.);
#3521=ORIENTED_EDGE('',*,*,#2616,.F.);
#3522=ORIENTED_EDGE('',*,*,#2617,.T.);
#3523=ORIENTED_EDGE('',*,*,#2609,.T.);
#3524=ORIENTED_EDGE('',*,*,#2618,.T.);
#3525=ORIENTED_EDGE('',*,*,#2619,.F.);
#3526=ORIENTED_EDGE('',*,*,#2620,.F.);
#3527=ORIENTED_EDGE('',*,*,#2621,.T.);
#3528=ORIENTED_EDGE('',*,*,#2622,.F.);
#3529=ORIENTED_EDGE('',*,*,#2623,.F.);
#3530=ORIENTED_EDGE('',*,*,#2612,.T.);
#3531=ORIENTED_EDGE('',*,*,#2624,.T.);
#3532=ORIENTED_EDGE('',*,*,#2625,.F.);
#3533=ORIENTED_EDGE('',*,*,#2626,.F.);
#3534=ORIENTED_EDGE('',*,*,#2627,.F.);
#3535=ORIENTED_EDGE('',*,*,#2628,.F.);
#3536=ORIENTED_EDGE('',*,*,#2629,.F.);
#3537=ORIENTED_EDGE('',*,*,#2630,.F.);
#3538=ORIENTED_EDGE('',*,*,#2631,.F.);
#3539=ORIENTED_EDGE('',*,*,#2632,.T.);
#3540=ORIENTED_EDGE('',*,*,#2597,.T.);
#3541=ORIENTED_EDGE('',*,*,#2633,.T.);
#3542=ORIENTED_EDGE('',*,*,#2589,.T.);
#3543=ORIENTED_EDGE('',*,*,#2634,.F.);
#3544=ORIENTED_EDGE('',*,*,#2635,.F.);
#3545=ORIENTED_EDGE('',*,*,#2636,.F.);
#3546=ORIENTED_EDGE('',*,*,#2637,.F.);
#3547=ORIENTED_EDGE('',*,*,#2638,.F.);
#3548=ORIENTED_EDGE('',*,*,#2639,.F.);
#3549=ORIENTED_EDGE('',*,*,#2640,.F.);
#3550=ORIENTED_EDGE('',*,*,#2641,.F.);
#3551=ORIENTED_EDGE('',*,*,#2607,.T.);
#3552=ORIENTED_EDGE('',*,*,#2616,.T.);
#3553=ORIENTED_EDGE('',*,*,#2642,.F.);
#3554=ORIENTED_EDGE('',*,*,#2643,.F.);
#3555=ORIENTED_EDGE('',*,*,#2644,.F.);
#3556=ORIENTED_EDGE('',*,*,#2645,.F.);
#3557=ORIENTED_EDGE('',*,*,#2646,.F.);
#3558=ORIENTED_EDGE('',*,*,#2647,.T.);
#3559=ORIENTED_EDGE('',*,*,#2648,.T.);
#3560=ORIENTED_EDGE('',*,*,#2593,.T.);
#3561=ORIENTED_EDGE('',*,*,#2649,.F.);
#3562=ORIENTED_EDGE('',*,*,#2650,.F.);
#3563=ORIENTED_EDGE('',*,*,#2651,.F.);
#3564=ORIENTED_EDGE('',*,*,#2652,.F.);
#3565=ORIENTED_EDGE('',*,*,#2653,.F.);
#3566=ORIENTED_EDGE('',*,*,#2654,.F.);
#3567=ORIENTED_EDGE('',*,*,#2655,.F.);
#3568=ORIENTED_EDGE('',*,*,#2656,.F.);
#3569=ORIENTED_EDGE('',*,*,#2272,.T.);
#3570=ORIENTED_EDGE('',*,*,#2657,.F.);
#3571=ORIENTED_EDGE('',*,*,#2658,.T.);
#3572=ORIENTED_EDGE('',*,*,#2244,.F.);
#3573=ORIENTED_EDGE('',*,*,#2274,.T.);
#3574=ORIENTED_EDGE('',*,*,#2659,.T.);
#3575=ORIENTED_EDGE('',*,*,#2660,.F.);
#3576=ORIENTED_EDGE('',*,*,#2661,.F.);
#3577=ORIENTED_EDGE('',*,*,#2662,.F.);
#3578=ORIENTED_EDGE('',*,*,#2663,.F.);
#3579=ORIENTED_EDGE('',*,*,#2664,.F.);
#3580=ORIENTED_EDGE('',*,*,#2665,.F.);
#3581=ORIENTED_EDGE('',*,*,#2666,.F.);
#3582=ORIENTED_EDGE('',*,*,#2667,.T.);
#3583=ORIENTED_EDGE('',*,*,#2585,.T.);
#3584=ORIENTED_EDGE('',*,*,#2608,.T.);
#3585=ORIENTED_EDGE('',*,*,#2668,.T.);
#3586=ORIENTED_EDGE('',*,*,#2647,.F.);
#3587=ORIENTED_EDGE('',*,*,#2669,.T.);
#3588=ORIENTED_EDGE('',*,*,#2670,.F.);
#3589=ORIENTED_EDGE('',*,*,#2671,.T.);
#3590=ORIENTED_EDGE('',*,*,#2618,.F.);
#3591=ORIENTED_EDGE('',*,*,#2672,.T.);
#3592=ORIENTED_EDGE('',*,*,#2673,.T.);
#3593=ORIENTED_EDGE('',*,*,#2674,.T.);
#3594=ORIENTED_EDGE('',*,*,#2675,.T.);
#3595=ORIENTED_EDGE('',*,*,#2676,.T.);
#3596=ORIENTED_EDGE('',*,*,#2675,.F.);
#3597=ORIENTED_EDGE('',*,*,#2677,.T.);
#3598=ORIENTED_EDGE('',*,*,#2620,.T.);
#3599=ORIENTED_EDGE('',*,*,#2678,.F.);
#3600=ORIENTED_EDGE('',*,*,#2679,.T.);
#3601=ORIENTED_EDGE('',*,*,#2674,.F.);
#3602=ORIENTED_EDGE('',*,*,#2680,.T.);
#3603=ORIENTED_EDGE('',*,*,#2681,.F.);
#3604=ORIENTED_EDGE('',*,*,#2682,.T.);
#3605=ORIENTED_EDGE('',*,*,#2683,.F.);
#3606=ORIENTED_EDGE('',*,*,#2684,.T.);
#3607=ORIENTED_EDGE('',*,*,#2685,.F.);
#3608=ORIENTED_EDGE('',*,*,#2686,.T.);
#3609=ORIENTED_EDGE('',*,*,#2687,.T.);
#3610=ORIENTED_EDGE('',*,*,#2685,.T.);
#3611=ORIENTED_EDGE('',*,*,#2688,.T.);
#3612=ORIENTED_EDGE('',*,*,#2689,.T.);
#3613=ORIENTED_EDGE('',*,*,#2687,.F.);
#3614=ORIENTED_EDGE('',*,*,#2690,.T.);
#3615=ORIENTED_EDGE('',*,*,#2691,.F.);
#3616=ORIENTED_EDGE('',*,*,#2671,.F.);
#3617=ORIENTED_EDGE('',*,*,#2692,.T.);
#3618=ORIENTED_EDGE('',*,*,#2677,.F.);
#3619=ORIENTED_EDGE('',*,*,#2686,.F.);
#3620=ORIENTED_EDGE('',*,*,#2214,.F.);
#3621=ORIENTED_EDGE('',*,*,#2223,.F.);
#3622=ORIENTED_EDGE('',*,*,#2693,.F.);
#3623=ORIENTED_EDGE('',*,*,#2694,.T.);
#3624=ORIENTED_EDGE('',*,*,#2695,.T.);
#3625=ORIENTED_EDGE('',*,*,#2690,.F.);
#3626=ORIENTED_EDGE('',*,*,#2689,.F.);
#3627=ORIENTED_EDGE('',*,*,#2696,.F.);
#3628=ORIENTED_EDGE('',*,*,#2697,.T.);
#3629=ORIENTED_EDGE('',*,*,#2698,.T.);
#3630=ORIENTED_EDGE('',*,*,#2699,.F.);
#3631=ORIENTED_EDGE('',*,*,#2409,.F.);
#3632=ORIENTED_EDGE('',*,*,#2252,.F.);
#3633=ORIENTED_EDGE('',*,*,#2255,.F.);
#3634=ORIENTED_EDGE('',*,*,#2700,.F.);
#3635=ORIENTED_EDGE('',*,*,#2413,.F.);
#3636=ORIENTED_EDGE('',*,*,#2701,.T.);
#3637=ORIENTED_EDGE('',*,*,#2683,.T.);
#3638=ORIENTED_EDGE('',*,*,#2702,.T.);
#3639=ORIENTED_EDGE('',*,*,#2356,.T.);
#3640=ORIENTED_EDGE('',*,*,#2702,.F.);
#3641=ORIENTED_EDGE('',*,*,#2703,.T.);
#3642=ORIENTED_EDGE('',*,*,#2643,.T.);
#3643=ORIENTED_EDGE('',*,*,#2704,.F.);
#3644=ORIENTED_EDGE('',*,*,#2357,.F.);
#3645=ORIENTED_EDGE('',*,*,#2705,.T.);
#3646=ORIENTED_EDGE('',*,*,#2681,.T.);
#3647=ORIENTED_EDGE('',*,*,#2706,.T.);
#3648=ORIENTED_EDGE('',*,*,#2707,.T.);
#3649=ORIENTED_EDGE('',*,*,#2706,.F.);
#3650=ORIENTED_EDGE('',*,*,#2680,.F.);
#3651=ORIENTED_EDGE('',*,*,#2708,.F.);
#3652=ORIENTED_EDGE('',*,*,#2709,.T.);
#3653=ORIENTED_EDGE('',*,*,#2613,.T.);
#3654=ORIENTED_EDGE('',*,*,#2710,.F.);
#3655=ORIENTED_EDGE('',*,*,#2711,.F.);
#3656=ORIENTED_EDGE('',*,*,#2672,.F.);
#3657=ORIENTED_EDGE('',*,*,#2632,.F.);
#3658=ORIENTED_EDGE('',*,*,#2695,.F.);
#3659=ORIENTED_EDGE('',*,*,#2712,.T.);
#3660=ORIENTED_EDGE('',*,*,#2595,.F.);
#3661=ORIENTED_EDGE('',*,*,#2712,.F.);
#3662=ORIENTED_EDGE('',*,*,#2694,.F.);
#3663=ORIENTED_EDGE('',*,*,#2713,.F.);
#3664=ORIENTED_EDGE('',*,*,#2591,.F.);
#3665=ORIENTED_EDGE('',*,*,#2714,.F.);
#3666=ORIENTED_EDGE('',*,*,#2698,.F.);
#3667=ORIENTED_EDGE('',*,*,#2715,.T.);
#3668=ORIENTED_EDGE('',*,*,#2668,.F.);
#3669=ORIENTED_EDGE('',*,*,#2715,.F.);
#3670=ORIENTED_EDGE('',*,*,#2697,.F.);
#3671=ORIENTED_EDGE('',*,*,#2649,.T.);
#3672=ORIENTED_EDGE('',*,*,#2650,.T.);
#3673=ORIENTED_EDGE('',*,*,#2716,.F.);
#3674=ORIENTED_EDGE('',*,*,#2353,.F.);
#3675=ORIENTED_EDGE('',*,*,#2717,.T.);
#3676=ORIENTED_EDGE('',*,*,#2631,.T.);
#3677=ORIENTED_EDGE('',*,*,#2718,.F.);
#3678=ORIENTED_EDGE('',*,*,#2719,.T.);
#3679=ORIENTED_EDGE('',*,*,#2720,.T.);
#3680=ORIENTED_EDGE('',*,*,#2670,.T.);
#3681=ORIENTED_EDGE('',*,*,#2721,.T.);
#3682=ORIENTED_EDGE('',*,*,#2644,.T.);
#3683=ORIENTED_EDGE('',*,*,#2722,.T.);
#3684=ORIENTED_EDGE('',*,*,#2614,.T.);
#3685=ORIENTED_EDGE('',*,*,#2709,.F.);
#3686=ORIENTED_EDGE('',*,*,#2621,.F.);
#3687=ORIENTED_EDGE('',*,*,#2692,.F.);
#3688=ORIENTED_EDGE('',*,*,#2611,.F.);
#3689=ORIENTED_EDGE('',*,*,#2723,.F.);
#3690=ORIENTED_EDGE('',*,*,#2724,.F.);
#3691=ORIENTED_EDGE('',*,*,#2634,.T.);
#3692=ORIENTED_EDGE('',*,*,#2587,.F.);
#3693=ORIENTED_EDGE('',*,*,#2725,.F.);
#3694=ORIENTED_EDGE('',*,*,#2726,.F.);
#3695=ORIENTED_EDGE('',*,*,#2723,.T.);
#3696=ORIENTED_EDGE('',*,*,#2583,.F.);
#3697=ORIENTED_EDGE('',*,*,#2727,.F.);
#3698=ORIENTED_EDGE('',*,*,#2728,.F.);
#3699=ORIENTED_EDGE('',*,*,#2729,.F.);
#3700=ORIENTED_EDGE('',*,*,#2617,.F.);
#3701=ORIENTED_EDGE('',*,*,#2667,.F.);
#3702=ORIENTED_EDGE('',*,*,#2730,.F.);
#3703=ORIENTED_EDGE('',*,*,#2727,.T.);
#3704=ORIENTED_EDGE('',*,*,#2666,.T.);
#3705=ORIENTED_EDGE('',*,*,#2731,.F.);
#3706=ORIENTED_EDGE('',*,*,#2359,.F.);
#3707=ORIENTED_EDGE('',*,*,#2732,.T.);
#3708=ORIENTED_EDGE('',*,*,#2191,.F.);
#3709=ORIENTED_EDGE('',*,*,#2200,.T.);
#3710=ORIENTED_EDGE('',*,*,#2733,.T.);
#3711=ORIENTED_EDGE('',*,*,#2728,.T.);
#3712=ORIENTED_EDGE('',*,*,#2730,.T.);
#3713=ORIENTED_EDGE('',*,*,#2734,.T.);
#3714=ORIENTED_EDGE('',*,*,#2707,.F.);
#3715=ORIENTED_EDGE('',*,*,#2711,.T.);
#3716=ORIENTED_EDGE('',*,*,#2724,.T.);
#3717=ORIENTED_EDGE('',*,*,#2726,.T.);
#3718=ORIENTED_EDGE('',*,*,#2735,.T.);
#3719=ORIENTED_EDGE('',*,*,#2391,.T.);
#3720=ORIENTED_EDGE('',*,*,#2206,.F.);
#3721=ORIENTED_EDGE('',*,*,#2209,.T.);
#3722=ORIENTED_EDGE('',*,*,#2736,.T.);
#3723=ORIENTED_EDGE('',*,*,#2393,.T.);
#3724=ORIENTED_EDGE('',*,*,#2548,.T.);
#3725=ORIENTED_EDGE('',*,*,#2737,.F.);
#3726=ORIENTED_EDGE('',*,*,#2738,.T.);
#3727=ORIENTED_EDGE('',*,*,#2739,.T.);
#3728=ORIENTED_EDGE('',*,*,#2624,.F.);
#3729=ORIENTED_EDGE('',*,*,#2596,.T.);
#3730=ORIENTED_EDGE('',*,*,#2713,.T.);
#3731=ORIENTED_EDGE('',*,*,#2693,.T.);
#3732=ORIENTED_EDGE('',*,*,#2222,.T.);
#3733=ORIENTED_EDGE('',*,*,#2412,.F.);
#3734=ORIENTED_EDGE('',*,*,#2414,.F.);
#3735=ORIENTED_EDGE('',*,*,#2700,.T.);
#3736=ORIENTED_EDGE('',*,*,#2254,.T.);
#3737=ORIENTED_EDGE('',*,*,#2408,.F.);
#3738=ORIENTED_EDGE('',*,*,#2410,.F.);
#3739=ORIENTED_EDGE('',*,*,#2699,.T.);
#3740=ORIENTED_EDGE('',*,*,#2714,.T.);
#3741=ORIENTED_EDGE('',*,*,#2594,.T.);
#3742=ORIENTED_EDGE('',*,*,#2648,.F.);
#3743=ORIENTED_EDGE('',*,*,#2740,.F.);
#3744=ORIENTED_EDGE('',*,*,#2346,.F.);
#3745=ORIENTED_EDGE('',*,*,#2245,.T.);
#3746=ORIENTED_EDGE('',*,*,#2658,.F.);
#3747=ORIENTED_EDGE('',*,*,#2741,.F.);
#3748=ORIENTED_EDGE('',*,*,#2344,.F.);
#3749=ORIENTED_EDGE('',*,*,#2231,.T.);
#3750=ORIENTED_EDGE('',*,*,#2341,.F.);
#3751=ORIENTED_EDGE('',*,*,#2343,.F.);
#3752=ORIENTED_EDGE('',*,*,#2366,.F.);
#3753=ORIENTED_EDGE('',*,*,#2742,.T.);
#3754=ORIENTED_EDGE('',*,*,#2659,.F.);
#3755=ORIENTED_EDGE('',*,*,#2584,.T.);
#3756=ORIENTED_EDGE('',*,*,#2729,.T.);
#3757=ORIENTED_EDGE('',*,*,#2733,.F.);
#3758=ORIENTED_EDGE('',*,*,#2199,.T.);
#3759=ORIENTED_EDGE('',*,*,#2388,.F.);
#3760=ORIENTED_EDGE('',*,*,#2394,.F.);
#3761=ORIENTED_EDGE('',*,*,#2736,.F.);
#3762=ORIENTED_EDGE('',*,*,#2208,.T.);
#3763=ORIENTED_EDGE('',*,*,#2390,.F.);
#3764=ORIENTED_EDGE('',*,*,#2392,.F.);
#3765=ORIENTED_EDGE('',*,*,#2735,.F.);
#3766=ORIENTED_EDGE('',*,*,#2725,.T.);
#3767=ORIENTED_EDGE('',*,*,#2590,.T.);
#3768=ORIENTED_EDGE('',*,*,#2633,.F.);
#3769=ORIENTED_EDGE('',*,*,#2743,.F.);
#3770=ORIENTED_EDGE('',*,*,#2744,.T.);
#3771=ORIENTED_EDGE('',*,*,#2474,.T.);
#3772=ORIENTED_EDGE('',*,*,#2557,.T.);
#3773=ORIENTED_EDGE('',*,*,#2559,.T.);
#3774=ORIENTED_EDGE('',*,*,#2561,.T.);
#3775=ORIENTED_EDGE('',*,*,#2563,.T.);
#3776=ORIENTED_EDGE('',*,*,#2565,.T.);
#3777=ORIENTED_EDGE('',*,*,#2567,.T.);
#3778=ORIENTED_EDGE('',*,*,#2569,.T.);
#3779=ORIENTED_EDGE('',*,*,#2571,.T.);
#3780=ORIENTED_EDGE('',*,*,#2573,.T.);
#3781=ORIENTED_EDGE('',*,*,#2575,.T.);
#3782=ORIENTED_EDGE('',*,*,#2576,.T.);
#3783=ORIENTED_EDGE('',*,*,#2504,.T.);
#3784=ORIENTED_EDGE('',*,*,#2507,.T.);
#3785=ORIENTED_EDGE('',*,*,#2509,.T.);
#3786=ORIENTED_EDGE('',*,*,#2511,.T.);
#3787=ORIENTED_EDGE('',*,*,#2513,.T.);
#3788=ORIENTED_EDGE('',*,*,#2515,.T.);
#3789=ORIENTED_EDGE('',*,*,#2517,.T.);
#3790=ORIENTED_EDGE('',*,*,#2519,.T.);
#3791=ORIENTED_EDGE('',*,*,#2521,.T.);
#3792=ORIENTED_EDGE('',*,*,#2523,.T.);
#3793=ORIENTED_EDGE('',*,*,#2525,.T.);
#3794=ORIENTED_EDGE('',*,*,#2527,.T.);
#3795=ORIENTED_EDGE('',*,*,#2529,.T.);
#3796=ORIENTED_EDGE('',*,*,#2531,.T.);
#3797=ORIENTED_EDGE('',*,*,#2533,.T.);
#3798=ORIENTED_EDGE('',*,*,#2535,.T.);
#3799=ORIENTED_EDGE('',*,*,#2537,.T.);
#3800=ORIENTED_EDGE('',*,*,#2539,.T.);
#3801=ORIENTED_EDGE('',*,*,#2541,.T.);
#3802=ORIENTED_EDGE('',*,*,#2543,.T.);
#3803=ORIENTED_EDGE('',*,*,#2545,.T.);
#3804=ORIENTED_EDGE('',*,*,#2603,.F.);
#3805=ORIENTED_EDGE('',*,*,#2745,.F.);
#3806=ORIENTED_EDGE('',*,*,#2371,.F.);
#3807=ORIENTED_EDGE('',*,*,#2746,.T.);
#3808=ORIENTED_EDGE('',*,*,#2604,.F.);
#3809=ORIENTED_EDGE('',*,*,#2746,.F.);
#3810=ORIENTED_EDGE('',*,*,#2374,.F.);
#3811=ORIENTED_EDGE('',*,*,#2747,.T.);
#3812=ORIENTED_EDGE('',*,*,#2605,.F.);
#3813=ORIENTED_EDGE('',*,*,#2747,.F.);
#3814=ORIENTED_EDGE('',*,*,#2373,.F.);
#3815=ORIENTED_EDGE('',*,*,#2748,.T.);
#3816=ORIENTED_EDGE('',*,*,#2606,.F.);
#3817=ORIENTED_EDGE('',*,*,#2748,.F.);
#3818=ORIENTED_EDGE('',*,*,#2372,.F.);
#3819=ORIENTED_EDGE('',*,*,#2745,.T.);
#3820=ORIENTED_EDGE('',*,*,#2599,.F.);
#3821=ORIENTED_EDGE('',*,*,#2749,.F.);
#3822=ORIENTED_EDGE('',*,*,#2367,.F.);
#3823=ORIENTED_EDGE('',*,*,#2750,.T.);
#3824=ORIENTED_EDGE('',*,*,#2600,.F.);
#3825=ORIENTED_EDGE('',*,*,#2750,.F.);
#3826=ORIENTED_EDGE('',*,*,#2370,.F.);
#3827=ORIENTED_EDGE('',*,*,#2751,.T.);
#3828=ORIENTED_EDGE('',*,*,#2601,.F.);
#3829=ORIENTED_EDGE('',*,*,#2751,.F.);
#3830=ORIENTED_EDGE('',*,*,#2369,.F.);
#3831=ORIENTED_EDGE('',*,*,#2752,.T.);
#3832=ORIENTED_EDGE('',*,*,#2602,.F.);
#3833=ORIENTED_EDGE('',*,*,#2752,.F.);
#3834=ORIENTED_EDGE('',*,*,#2368,.F.);
#3835=ORIENTED_EDGE('',*,*,#2749,.T.);
#3836=ORIENTED_EDGE('',*,*,#2642,.T.);
#3837=ORIENTED_EDGE('',*,*,#2753,.T.);
#3838=ORIENTED_EDGE('',*,*,#2732,.F.);
#3839=ORIENTED_EDGE('',*,*,#2358,.F.);
#3840=ORIENTED_EDGE('',*,*,#2704,.T.);
#3841=ORIENTED_EDGE('',*,*,#2665,.T.);
#3842=ORIENTED_EDGE('',*,*,#2754,.F.);
#3843=ORIENTED_EDGE('',*,*,#2360,.F.);
#3844=ORIENTED_EDGE('',*,*,#2731,.T.);
#3845=ORIENTED_EDGE('',*,*,#2664,.T.);
#3846=ORIENTED_EDGE('',*,*,#2755,.F.);
#3847=ORIENTED_EDGE('',*,*,#2361,.F.);
#3848=ORIENTED_EDGE('',*,*,#2754,.T.);
#3849=ORIENTED_EDGE('',*,*,#2663,.T.);
#3850=ORIENTED_EDGE('',*,*,#2756,.F.);
#3851=ORIENTED_EDGE('',*,*,#2362,.F.);
#3852=ORIENTED_EDGE('',*,*,#2755,.T.);
#3853=ORIENTED_EDGE('',*,*,#2662,.T.);
#3854=ORIENTED_EDGE('',*,*,#2757,.F.);
#3855=ORIENTED_EDGE('',*,*,#2363,.F.);
#3856=ORIENTED_EDGE('',*,*,#2756,.T.);
#3857=ORIENTED_EDGE('',*,*,#2661,.T.);
#3858=ORIENTED_EDGE('',*,*,#2758,.F.);
#3859=ORIENTED_EDGE('',*,*,#2364,.F.);
#3860=ORIENTED_EDGE('',*,*,#2757,.T.);
#3861=ORIENTED_EDGE('',*,*,#2660,.T.);
#3862=ORIENTED_EDGE('',*,*,#2742,.F.);
#3863=ORIENTED_EDGE('',*,*,#2365,.F.);
#3864=ORIENTED_EDGE('',*,*,#2758,.T.);
#3865=ORIENTED_EDGE('',*,*,#2656,.T.);
#3866=ORIENTED_EDGE('',*,*,#2759,.F.);
#3867=ORIENTED_EDGE('',*,*,#2347,.F.);
#3868=ORIENTED_EDGE('',*,*,#2740,.T.);
#3869=ORIENTED_EDGE('',*,*,#2655,.T.);
#3870=ORIENTED_EDGE('',*,*,#2760,.F.);
#3871=ORIENTED_EDGE('',*,*,#2348,.F.);
#3872=ORIENTED_EDGE('',*,*,#2759,.T.);
#3873=ORIENTED_EDGE('',*,*,#2654,.T.);
#3874=ORIENTED_EDGE('',*,*,#2761,.F.);
#3875=ORIENTED_EDGE('',*,*,#2349,.F.);
#3876=ORIENTED_EDGE('',*,*,#2760,.T.);
#3877=ORIENTED_EDGE('',*,*,#2653,.T.);
#3878=ORIENTED_EDGE('',*,*,#2762,.F.);
#3879=ORIENTED_EDGE('',*,*,#2350,.F.);
#3880=ORIENTED_EDGE('',*,*,#2761,.T.);
#3881=ORIENTED_EDGE('',*,*,#2652,.T.);
#3882=ORIENTED_EDGE('',*,*,#2763,.F.);
#3883=ORIENTED_EDGE('',*,*,#2351,.F.);
#3884=ORIENTED_EDGE('',*,*,#2762,.T.);
#3885=ORIENTED_EDGE('',*,*,#2651,.T.);
#3886=ORIENTED_EDGE('',*,*,#2717,.F.);
#3887=ORIENTED_EDGE('',*,*,#2352,.F.);
#3888=ORIENTED_EDGE('',*,*,#2763,.T.);
#3889=ORIENTED_EDGE('',*,*,#2764,.T.);
#3890=ORIENTED_EDGE('',*,*,#2646,.T.);
#3891=ORIENTED_EDGE('',*,*,#2765,.F.);
#3892=ORIENTED_EDGE('',*,*,#2354,.F.);
#3893=ORIENTED_EDGE('',*,*,#2716,.T.);
#3894=ORIENTED_EDGE('',*,*,#2238,.F.);
#3895=ORIENTED_EDGE('',*,*,#2345,.F.);
#3896=ORIENTED_EDGE('',*,*,#2741,.T.);
#3897=ORIENTED_EDGE('',*,*,#2657,.T.);
#3898=ORIENTED_EDGE('',*,*,#2688,.F.);
#3899=ORIENTED_EDGE('',*,*,#2684,.F.);
#3900=ORIENTED_EDGE('',*,*,#2766,.T.);
#3901=ORIENTED_EDGE('',*,*,#2721,.F.);
#3902=ORIENTED_EDGE('',*,*,#2669,.F.);
#3903=ORIENTED_EDGE('',*,*,#2764,.F.);
#3904=ORIENTED_EDGE('',*,*,#2696,.T.);
#3905=ORIENTED_EDGE('',*,*,#2701,.F.);
#3906=ORIENTED_EDGE('',*,*,#2355,.F.);
#3907=ORIENTED_EDGE('',*,*,#2765,.T.);
#3908=ORIENTED_EDGE('',*,*,#2645,.T.);
#3909=ORIENTED_EDGE('',*,*,#2766,.F.);
#3910=ORIENTED_EDGE('',*,*,#2705,.F.);
#3911=ORIENTED_EDGE('',*,*,#2734,.F.);
#3912=ORIENTED_EDGE('',*,*,#2753,.F.);
#3913=ORIENTED_EDGE('',*,*,#2615,.T.);
#3914=ORIENTED_EDGE('',*,*,#2722,.F.);
#3915=ORIENTED_EDGE('',*,*,#2703,.F.);
#3916=ORIENTED_EDGE('',*,*,#2682,.F.);
#3917=ORIENTED_EDGE('',*,*,#2673,.F.);
#3918=ORIENTED_EDGE('',*,*,#2767,.T.);
#3919=ORIENTED_EDGE('',*,*,#2768,.T.);
#3920=ORIENTED_EDGE('',*,*,#2622,.T.);
#3921=ORIENTED_EDGE('',*,*,#2708,.T.);
#3922=ORIENTED_EDGE('',*,*,#2461,.T.);
#3923=ORIENTED_EDGE('',*,*,#2769,.T.);
#3924=ORIENTED_EDGE('',*,*,#2770,.T.);
#3925=ORIENTED_EDGE('',*,*,#2580,.T.);
#3926=ORIENTED_EDGE('',*,*,#2641,.T.);
#3927=ORIENTED_EDGE('',*,*,#2771,.F.);
#3928=ORIENTED_EDGE('',*,*,#2772,.T.);
#3929=ORIENTED_EDGE('',*,*,#2743,.T.);
#3930=ORIENTED_EDGE('',*,*,#2640,.T.);
#3931=ORIENTED_EDGE('',*,*,#2773,.F.);
#3932=ORIENTED_EDGE('',*,*,#2774,.T.);
#3933=ORIENTED_EDGE('',*,*,#2771,.T.);
#3934=ORIENTED_EDGE('',*,*,#2639,.T.);
#3935=ORIENTED_EDGE('',*,*,#2775,.F.);
#3936=ORIENTED_EDGE('',*,*,#2776,.T.);
#3937=ORIENTED_EDGE('',*,*,#2773,.T.);
#3938=ORIENTED_EDGE('',*,*,#2638,.T.);
#3939=ORIENTED_EDGE('',*,*,#2777,.F.);
#3940=ORIENTED_EDGE('',*,*,#2778,.T.);
#3941=ORIENTED_EDGE('',*,*,#2775,.T.);
#3942=ORIENTED_EDGE('',*,*,#2637,.T.);
#3943=ORIENTED_EDGE('',*,*,#2779,.F.);
#3944=ORIENTED_EDGE('',*,*,#2780,.T.);
#3945=ORIENTED_EDGE('',*,*,#2777,.T.);
#3946=ORIENTED_EDGE('',*,*,#2636,.T.);
#3947=ORIENTED_EDGE('',*,*,#2781,.F.);
#3948=ORIENTED_EDGE('',*,*,#2782,.T.);
#3949=ORIENTED_EDGE('',*,*,#2779,.T.);
#3950=ORIENTED_EDGE('',*,*,#2635,.T.);
#3951=ORIENTED_EDGE('',*,*,#2783,.F.);
#3952=ORIENTED_EDGE('',*,*,#2784,.T.);
#3953=ORIENTED_EDGE('',*,*,#2781,.T.);
#3954=ORIENTED_EDGE('',*,*,#2710,.T.);
#3955=ORIENTED_EDGE('',*,*,#2623,.T.);
#3956=ORIENTED_EDGE('',*,*,#2768,.F.);
#3957=ORIENTED_EDGE('',*,*,#2785,.T.);
#3958=ORIENTED_EDGE('',*,*,#2783,.T.);
#3959=ORIENTED_EDGE('',*,*,#2619,.T.);
#3960=ORIENTED_EDGE('',*,*,#2691,.T.);
#3961=ORIENTED_EDGE('',*,*,#2720,.F.);
#3962=ORIENTED_EDGE('',*,*,#2786,.T.);
#3963=ORIENTED_EDGE('',*,*,#2678,.T.);
#3964=ORIENTED_EDGE('',*,*,#2630,.T.);
#3965=ORIENTED_EDGE('',*,*,#2787,.F.);
#3966=ORIENTED_EDGE('',*,*,#2788,.T.);
#3967=ORIENTED_EDGE('',*,*,#2718,.T.);
#3968=ORIENTED_EDGE('',*,*,#2629,.T.);
#3969=ORIENTED_EDGE('',*,*,#2789,.F.);
#3970=ORIENTED_EDGE('',*,*,#2790,.T.);
#3971=ORIENTED_EDGE('',*,*,#2787,.T.);
#3972=ORIENTED_EDGE('',*,*,#2628,.T.);
#3973=ORIENTED_EDGE('',*,*,#2791,.F.);
#3974=ORIENTED_EDGE('',*,*,#2792,.T.);
#3975=ORIENTED_EDGE('',*,*,#2789,.T.);
#3976=ORIENTED_EDGE('',*,*,#2627,.T.);
#3977=ORIENTED_EDGE('',*,*,#2793,.F.);
#3978=ORIENTED_EDGE('',*,*,#2794,.T.);
#3979=ORIENTED_EDGE('',*,*,#2791,.T.);
#3980=ORIENTED_EDGE('',*,*,#2626,.T.);
#3981=ORIENTED_EDGE('',*,*,#2795,.F.);
#3982=ORIENTED_EDGE('',*,*,#2796,.T.);
#3983=ORIENTED_EDGE('',*,*,#2793,.T.);
#3984=ORIENTED_EDGE('',*,*,#2625,.T.);
#3985=ORIENTED_EDGE('',*,*,#2739,.F.);
#3986=ORIENTED_EDGE('',*,*,#2797,.T.);
#3987=ORIENTED_EDGE('',*,*,#2795,.T.);
#3988=ORIENTED_EDGE('',*,*,#2582,.T.);
#3989=ORIENTED_EDGE('',*,*,#2798,.F.);
#3990=ORIENTED_EDGE('',*,*,#2799,.T.);
#3991=ORIENTED_EDGE('',*,*,#2737,.T.);
#3992=ORIENTED_EDGE('',*,*,#2577,.T.);
#3993=ORIENTED_EDGE('',*,*,#2581,.T.);
#3994=ORIENTED_EDGE('',*,*,#2770,.F.);
#3995=ORIENTED_EDGE('',*,*,#2800,.T.);
#3996=ORIENTED_EDGE('',*,*,#2798,.T.);
#3997=ORIENTED_EDGE('',*,*,#2676,.F.);
#3998=ORIENTED_EDGE('',*,*,#2679,.F.);
#3999=ORIENTED_EDGE('',*,*,#2786,.F.);
#4000=ORIENTED_EDGE('',*,*,#2719,.F.);
#4001=ORIENTED_EDGE('',*,*,#2788,.F.);
#4002=ORIENTED_EDGE('',*,*,#2790,.F.);
#4003=ORIENTED_EDGE('',*,*,#2792,.F.);
#4004=ORIENTED_EDGE('',*,*,#2794,.F.);
#4005=ORIENTED_EDGE('',*,*,#2796,.F.);
#4006=ORIENTED_EDGE('',*,*,#2797,.F.);
#4007=ORIENTED_EDGE('',*,*,#2738,.F.);
#4008=ORIENTED_EDGE('',*,*,#2799,.F.);
#4009=ORIENTED_EDGE('',*,*,#2800,.F.);
#4010=ORIENTED_EDGE('',*,*,#2769,.F.);
#4011=ORIENTED_EDGE('',*,*,#2470,.F.);
#4012=ORIENTED_EDGE('',*,*,#2475,.F.);
#4013=ORIENTED_EDGE('',*,*,#2744,.F.);
#4014=ORIENTED_EDGE('',*,*,#2772,.F.);
#4015=ORIENTED_EDGE('',*,*,#2774,.F.);
#4016=ORIENTED_EDGE('',*,*,#2776,.F.);
#4017=ORIENTED_EDGE('',*,*,#2778,.F.);
#4018=ORIENTED_EDGE('',*,*,#2780,.F.);
#4019=ORIENTED_EDGE('',*,*,#2782,.F.);
#4020=ORIENTED_EDGE('',*,*,#2784,.F.);
#4021=ORIENTED_EDGE('',*,*,#2785,.F.);
#4022=ORIENTED_EDGE('',*,*,#2767,.F.);
#4023=CYLINDRICAL_SURFACE('',#4276,0.5);
#4024=CYLINDRICAL_SURFACE('',#4282,0.5);
#4025=CYLINDRICAL_SURFACE('',#4288,0.5);
#4026=CYLINDRICAL_SURFACE('',#4294,0.5);
#4027=CYLINDRICAL_SURFACE('',#4300,0.5);
#4028=CYLINDRICAL_SURFACE('',#4306,0.5);
#4029=CYLINDRICAL_SURFACE('',#4313,0.3);
#4030=CYLINDRICAL_SURFACE('',#4316,0.3);
#4031=CYLINDRICAL_SURFACE('',#4330,0.299999999999997);
#4032=CYLINDRICAL_SURFACE('',#4334,0.3);
#4033=CYLINDRICAL_SURFACE('',#4341,0.299999999999997);
#4034=CYLINDRICAL_SURFACE('',#4345,0.3);
#4035=CYLINDRICAL_SURFACE('',#4374,0.25);
#4036=CYLINDRICAL_SURFACE('',#4381,0.25);
#4037=CYLINDRICAL_SURFACE('',#4388,0.25);
#4038=CYLINDRICAL_SURFACE('',#4452,0.5);
#4039=CYLINDRICAL_SURFACE('',#4457,0.5);
#4040=CYLINDRICAL_SURFACE('',#4462,0.5);
#4041=CYLINDRICAL_SURFACE('',#4466,0.5);
#4042=CYLINDRICAL_SURFACE('',#4495,0.4);
#4043=CYLINDRICAL_SURFACE('',#4502,0.4);
#4044=CYLINDRICAL_SURFACE('',#4515,0.4);
#4045=CYLINDRICAL_SURFACE('',#4524,0.4);
#4046=ADVANCED_FACE('',(#207),#4023,.T.);
#4047=ADVANCED_FACE('',(#208),#20,.T.);
#4048=ADVANCED_FACE('',(#209),#21,.T.);
#4049=ADVANCED_FACE('',(#210),#4024,.T.);
#4050=ADVANCED_FACE('',(#211),#22,.T.);
#4051=ADVANCED_FACE('',(#212),#23,.T.);
#4052=ADVANCED_FACE('',(#213),#4025,.T.);
#4053=ADVANCED_FACE('',(#214),#24,.F.);
#4054=ADVANCED_FACE('',(#215),#25,.F.);
#4055=ADVANCED_FACE('',(#216),#4026,.T.);
#4056=ADVANCED_FACE('',(#217),#26,.T.);
#4057=ADVANCED_FACE('',(#218),#27,.F.);
#4058=ADVANCED_FACE('',(#219),#4027,.T.);
#4059=ADVANCED_FACE('',(#220),#28,.T.);
#4060=ADVANCED_FACE('',(#221),#29,.F.);
#4061=ADVANCED_FACE('',(#222),#4028,.T.);
#4062=ADVANCED_FACE('',(#223),#30,.F.);
#4063=ADVANCED_FACE('',(#224),#31,.F.);
#4064=ADVANCED_FACE('',(#225),#32,.T.);
#4065=ADVANCED_FACE('',(#226),#4029,.T.);
#4066=ADVANCED_FACE('',(#227),#33,.T.);
#4067=ADVANCED_FACE('',(#228),#4030,.T.);
#4068=ADVANCED_FACE('',(#229),#34,.T.);
#4069=ADVANCED_FACE('',(#230),#35,.T.);
#4070=ADVANCED_FACE('',(#231,#15,#16,#17),#36,.F.);
#4071=ADVANCED_FACE('',(#232),#37,.F.);
#4072=ADVANCED_FACE('',(#233),#38,.T.);
#4073=ADVANCED_FACE('',(#234,#18,#19),#39,.T.);
#4074=ADVANCED_FACE('',(#235),#4031,.T.);
#4075=ADVANCED_FACE('',(#236),#40,.F.);
#4076=ADVANCED_FACE('',(#237),#41,.F.);
#4077=ADVANCED_FACE('',(#238),#42,.F.);
#4078=ADVANCED_FACE('',(#239),#4032,.T.);
#4079=ADVANCED_FACE('',(#240),#43,.F.);
#4080=ADVANCED_FACE('',(#241),#44,.F.);
#4081=ADVANCED_FACE('',(#242),#45,.F.);
#4082=ADVANCED_FACE('',(#243),#46,.T.);
#4083=ADVANCED_FACE('',(#244),#47,.T.);
#4084=ADVANCED_FACE('',(#245),#48,.T.);
#4085=ADVANCED_FACE('',(#246),#4033,.T.);
#4086=ADVANCED_FACE('',(#247),#49,.T.);
#4087=ADVANCED_FACE('',(#248),#50,.T.);
#4088=ADVANCED_FACE('',(#249),#51,.T.);
#4089=ADVANCED_FACE('',(#250),#4034,.T.);
#4090=ADVANCED_FACE('',(#251),#52,.T.);
#4091=ADVANCED_FACE('',(#252),#53,.F.);
#4092=ADVANCED_FACE('',(#253),#54,.T.);
#4093=ADVANCED_FACE('',(#254),#55,.F.);
#4094=ADVANCED_FACE('',(#255),#56,.T.);
#4095=ADVANCED_FACE('',(#256),#57,.T.);
#4096=ADVANCED_FACE('',(#257),#58,.T.);
#4097=ADVANCED_FACE('',(#258),#59,.T.);
#4098=ADVANCED_FACE('',(#259),#60,.T.);
#4099=ADVANCED_FACE('',(#260),#61,.T.);
#4100=ADVANCED_FACE('',(#261),#62,.T.);
#4101=ADVANCED_FACE('',(#262),#63,.T.);
#4102=ADVANCED_FACE('',(#263),#64,.T.);
#4103=ADVANCED_FACE('',(#264),#65,.T.);
#4104=ADVANCED_FACE('',(#265),#66,.T.);
#4105=ADVANCED_FACE('',(#266),#67,.T.);
#4106=ADVANCED_FACE('',(#267),#68,.T.);
#4107=ADVANCED_FACE('',(#268),#69,.T.);
#4108=ADVANCED_FACE('',(#269),#70,.F.);
#4109=ADVANCED_FACE('',(#270),#71,.T.);
#4110=ADVANCED_FACE('',(#271),#72,.T.);
#4111=ADVANCED_FACE('',(#272),#73,.T.);
#4112=ADVANCED_FACE('',(#273),#74,.T.);
#4113=ADVANCED_FACE('',(#274),#75,.F.);
#4114=ADVANCED_FACE('',(#275),#76,.T.);
#4115=ADVANCED_FACE('',(#276),#77,.T.);
#4116=ADVANCED_FACE('',(#277),#78,.F.);
#4117=ADVANCED_FACE('',(#278),#4035,.T.);
#4118=ADVANCED_FACE('',(#279),#79,.F.);
#4119=ADVANCED_FACE('',(#280),#80,.F.);
#4120=ADVANCED_FACE('',(#281),#81,.T.);
#4121=ADVANCED_FACE('',(#282),#82,.F.);
#4122=ADVANCED_FACE('',(#283),#4036,.T.);
#4123=ADVANCED_FACE('',(#284),#83,.F.);
#4124=ADVANCED_FACE('',(#285),#84,.F.);
#4125=ADVANCED_FACE('',(#286),#85,.T.);
#4126=ADVANCED_FACE('',(#287),#86,.F.);
#4127=ADVANCED_FACE('',(#288),#4037,.T.);
#4128=ADVANCED_FACE('',(#289),#87,.F.);
#4129=ADVANCED_FACE('',(#290),#88,.F.);
#4130=ADVANCED_FACE('',(#291),#89,.T.);
#4131=ADVANCED_FACE('',(#292),#90,.T.);
#4132=ADVANCED_FACE('',(#293),#91,.T.);
#4133=ADVANCED_FACE('',(#294),#92,.T.);
#4134=ADVANCED_FACE('',(#295),#93,.T.);
#4135=ADVANCED_FACE('',(#296),#94,.T.);
#4136=ADVANCED_FACE('',(#297),#95,.T.);
#4137=ADVANCED_FACE('',(#298),#96,.T.);
#4138=ADVANCED_FACE('',(#299),#97,.T.);
#4139=ADVANCED_FACE('',(#300),#98,.T.);
#4140=ADVANCED_FACE('',(#301),#99,.T.);
#4141=ADVANCED_FACE('',(#302),#100,.T.);
#4142=ADVANCED_FACE('',(#303),#101,.T.);
#4143=ADVANCED_FACE('',(#304),#102,.T.);
#4144=ADVANCED_FACE('',(#305),#103,.T.);
#4145=ADVANCED_FACE('',(#306),#104,.T.);
#4146=ADVANCED_FACE('',(#307),#105,.T.);
#4147=ADVANCED_FACE('',(#308),#106,.T.);
#4148=ADVANCED_FACE('',(#309),#107,.T.);
#4149=ADVANCED_FACE('',(#310),#108,.T.);
#4150=ADVANCED_FACE('',(#311),#109,.T.);
#4151=ADVANCED_FACE('',(#312),#110,.T.);
#4152=ADVANCED_FACE('',(#313),#111,.T.);
#4153=ADVANCED_FACE('',(#314),#112,.T.);
#4154=ADVANCED_FACE('',(#315),#113,.T.);
#4155=ADVANCED_FACE('',(#316),#114,.T.);
#4156=ADVANCED_FACE('',(#317),#115,.T.);
#4157=ADVANCED_FACE('',(#318),#116,.T.);
#4158=ADVANCED_FACE('',(#319),#117,.T.);
#4159=ADVANCED_FACE('',(#320),#118,.T.);
#4160=ADVANCED_FACE('',(#321),#119,.T.);
#4161=ADVANCED_FACE('',(#322),#120,.T.);
#4162=ADVANCED_FACE('',(#323),#121,.T.);
#4163=ADVANCED_FACE('',(#324),#122,.T.);
#4164=ADVANCED_FACE('',(#325),#123,.T.);
#4165=ADVANCED_FACE('',(#326),#124,.T.);
#4166=ADVANCED_FACE('',(#327),#125,.T.);
#4167=ADVANCED_FACE('',(#328),#126,.T.);
#4168=ADVANCED_FACE('',(#329),#127,.T.);
#4169=ADVANCED_FACE('',(#330),#128,.T.);
#4170=ADVANCED_FACE('',(#331),#129,.T.);
#4171=ADVANCED_FACE('',(#332),#130,.T.);
#4172=ADVANCED_FACE('',(#333),#131,.T.);
#4173=ADVANCED_FACE('',(#334),#132,.T.);
#4174=ADVANCED_FACE('',(#335),#133,.T.);
#4175=ADVANCED_FACE('',(#336),#134,.T.);
#4176=ADVANCED_FACE('',(#337),#135,.T.);
#4177=ADVANCED_FACE('',(#338),#136,.F.);
#4178=ADVANCED_FACE('',(#339),#137,.T.);
#4179=ADVANCED_FACE('',(#340),#138,.T.);
#4180=ADVANCED_FACE('',(#341),#139,.T.);
#4181=ADVANCED_FACE('',(#342),#140,.F.);
#4182=ADVANCED_FACE('',(#343),#141,.F.);
#4183=ADVANCED_FACE('',(#344),#142,.F.);
#4184=ADVANCED_FACE('',(#345),#143,.F.);
#4185=ADVANCED_FACE('',(#346),#144,.T.);
#4186=ADVANCED_FACE('',(#347),#4038,.T.);
#4187=ADVANCED_FACE('',(#348),#145,.T.);
#4188=ADVANCED_FACE('',(#349),#146,.T.);
#4189=ADVANCED_FACE('',(#350),#4039,.T.);
#4190=ADVANCED_FACE('',(#351),#147,.T.);
#4191=ADVANCED_FACE('',(#352),#148,.T.);
#4192=ADVANCED_FACE('',(#353),#4040,.T.);
#4193=ADVANCED_FACE('',(#354),#149,.F.);
#4194=ADVANCED_FACE('',(#355),#4041,.T.);
#4195=ADVANCED_FACE('',(#356),#150,.T.);
#4196=ADVANCED_FACE('',(#357),#151,.T.);
#4197=ADVANCED_FACE('',(#358),#152,.T.);
#4198=ADVANCED_FACE('',(#359),#153,.T.);
#4199=ADVANCED_FACE('',(#360),#154,.T.);
#4200=ADVANCED_FACE('',(#361),#155,.T.);
#4201=ADVANCED_FACE('',(#362),#156,.T.);
#4202=ADVANCED_FACE('',(#363),#157,.F.);
#4203=ADVANCED_FACE('',(#364),#158,.F.);
#4204=ADVANCED_FACE('',(#365),#159,.F.);
#4205=ADVANCED_FACE('',(#366),#160,.F.);
#4206=ADVANCED_FACE('',(#367),#161,.F.);
#4207=ADVANCED_FACE('',(#368),#162,.T.);
#4208=ADVANCED_FACE('',(#369),#163,.T.);
#4209=ADVANCED_FACE('',(#370),#164,.T.);
#4210=ADVANCED_FACE('',(#371),#165,.F.);
#4211=ADVANCED_FACE('',(#372),#166,.F.);
#4212=ADVANCED_FACE('',(#373),#167,.F.);
#4213=ADVANCED_FACE('',(#374),#168,.F.);
#4214=ADVANCED_FACE('',(#375),#169,.F.);
#4215=ADVANCED_FACE('',(#376),#170,.F.);
#4216=ADVANCED_FACE('',(#377),#171,.F.);
#4217=ADVANCED_FACE('',(#378),#172,.F.);
#4218=ADVANCED_FACE('',(#379),#173,.T.);
#4219=ADVANCED_FACE('',(#380),#174,.T.);
#4220=ADVANCED_FACE('',(#381),#175,.T.);
#4221=ADVANCED_FACE('',(#382),#4042,.T.);
#4222=ADVANCED_FACE('',(#383),#176,.T.);
#4223=ADVANCED_FACE('',(#384),#177,.T.);
#4224=ADVANCED_FACE('',(#385),#178,.T.);
#4225=ADVANCED_FACE('',(#386),#179,.T.);
#4226=ADVANCED_FACE('',(#387),#180,.T.);
#4227=ADVANCED_FACE('',(#388),#181,.T.);
#4228=ADVANCED_FACE('',(#389),#4043,.T.);
#4229=ADVANCED_FACE('',(#390),#182,.T.);
#4230=ADVANCED_FACE('',(#391),#183,.T.);
#4231=ADVANCED_FACE('',(#392),#184,.T.);
#4232=ADVANCED_FACE('',(#393),#185,.T.);
#4233=ADVANCED_FACE('',(#394),#186,.F.);
#4234=ADVANCED_FACE('',(#395),#187,.F.);
#4235=ADVANCED_FACE('',(#396),#188,.F.);
#4236=ADVANCED_FACE('',(#397),#189,.T.);
#4237=ADVANCED_FACE('',(#398),#190,.T.);
#4238=ADVANCED_FACE('',(#399),#191,.T.);
#4239=ADVANCED_FACE('',(#400),#192,.T.);
#4240=ADVANCED_FACE('',(#401),#193,.T.);
#4241=ADVANCED_FACE('',(#402),#4044,.T.);
#4242=ADVANCED_FACE('',(#403),#194,.T.);
#4243=ADVANCED_FACE('',(#404),#195,.T.);
#4244=ADVANCED_FACE('',(#405),#196,.T.);
#4245=ADVANCED_FACE('',(#406),#197,.T.);
#4246=ADVANCED_FACE('',(#407),#198,.T.);
#4247=ADVANCED_FACE('',(#408),#199,.T.);
#4248=ADVANCED_FACE('',(#409),#200,.T.);
#4249=ADVANCED_FACE('',(#410),#4045,.T.);
#4250=ADVANCED_FACE('',(#411),#201,.T.);
#4251=ADVANCED_FACE('',(#412),#202,.T.);
#4252=ADVANCED_FACE('',(#413),#203,.T.);
#4253=ADVANCED_FACE('',(#414),#204,.T.);
#4254=ADVANCED_FACE('',(#415),#205,.T.);
#4255=ADVANCED_FACE('',(#416),#206,.F.);
#4256=CLOSED_SHELL('',(#4046,#4047,#4048,#4049,#4050,#4051,#4052,#4053,
#4054,#4055,#4056,#4057,#4058,#4059,#4060,#4061,#4062,#4063,#4064,#4065,
#4066,#4067,#4068,#4069,#4070,#4071,#4072,#4073,#4074,#4075,#4076,#4077,
#4078,#4079,#4080,#4081,#4082,#4083,#4084,#4085,#4086,#4087,#4088,#4089,
#4090,#4091,#4092,#4093,#4094,#4095,#4096,#4097,#4098,#4099,#4100,#4101,
#4102,#4103,#4104,#4105,#4106,#4107,#4108,#4109,#4110,#4111,#4112,#4113,
#4114,#4115,#4116,#4117,#4118,#4119,#4120,#4121,#4122,#4123,#4124,#4125,
#4126,#4127,#4128,#4129,#4130,#4131,#4132,#4133,#4134,#4135,#4136,#4137,
#4138,#4139,#4140,#4141,#4142,#4143,#4144,#4145,#4146,#4147,#4148,#4149,
#4150,#4151,#4152,#4153,#4154,#4155,#4156,#4157,#4158,#4159,#4160,#4161,
#4162,#4163,#4164,#4165,#4166,#4167,#4168,#4169,#4170,#4171,#4172,#4173,
#4174,#4175,#4176,#4177,#4178,#4179,#4180,#4181,#4182,#4183,#4184,#4185,
#4186,#4187,#4188,#4189,#4190,#4191,#4192,#4193,#4194,#4195,#4196,#4197,
#4198,#4199,#4200,#4201,#4202,#4203,#4204,#4205,#4206,#4207,#4208,#4209,
#4210,#4211,#4212,#4213,#4214,#4215,#4216,#4217,#4218,#4219,#4220,#4221,
#4222,#4223,#4224,#4225,#4226,#4227,#4228,#4229,#4230,#4231,#4232,#4233,
#4234,#4235,#4236,#4237,#4238,#4239,#4240,#4241,#4242,#4243,#4244,#4245,
#4246,#4247,#4248,#4249,#4250,#4251,#4252,#4253,#4254,#4255));
#4257=DERIVED_UNIT_ELEMENT(#4259,1.);
#4258=DERIVED_UNIT_ELEMENT(#6820,3.);
#4259=(
MASS_UNIT()
NAMED_UNIT(*)
SI_UNIT($,.GRAM.)
);
#4260=DERIVED_UNIT((#4257,#4258));
#4261=MEASURE_REPRESENTATION_ITEM('density measure',
POSITIVE_RATIO_MEASURE(1.),#4260);
#4262=PROPERTY_DEFINITION_REPRESENTATION(#4267,#4264);
#4263=PROPERTY_DEFINITION_REPRESENTATION(#4268,#4265);
#4264=REPRESENTATION('material name',(#4266),#6817);
#4265=REPRESENTATION('density',(#4261),#6817);
#4266=DESCRIPTIVE_REPRESENTATION_ITEM('Generic','Generic');
#4267=PROPERTY_DEFINITION('material property','material name',#6827);
#4268=PROPERTY_DEFINITION('material property','density of part',#6827);
#4269=DATE_TIME_ROLE('creation_date');
#4270=APPLIED_DATE_AND_TIME_ASSIGNMENT(#4271,#4269,(#6827));
#4271=DATE_AND_TIME(#4272,#4273);
#4272=CALENDAR_DATE(2013,7,8);
#4273=LOCAL_TIME(15,12,7.,#4274);
#4274=COORDINATED_UNIVERSAL_TIME_OFFSET(0,0,.BEHIND.);
#4275=AXIS2_PLACEMENT_3D('placement',#5611,#4532,#4533);
#4276=AXIS2_PLACEMENT_3D('',#5612,#4534,#4535);
#4277=AXIS2_PLACEMENT_3D('',#5615,#4536,#4537);
#4278=AXIS2_PLACEMENT_3D('',#5619,#4539,#4540);
#4279=AXIS2_PLACEMENT_3D('',#5621,#4542,#4543);
#4280=AXIS2_PLACEMENT_3D('',#5635,#4551,#4552);
#4281=AXIS2_PLACEMENT_3D('',#5638,#4554,#4555);
#4282=AXIS2_PLACEMENT_3D('',#5639,#4556,#4557);
#4283=AXIS2_PLACEMENT_3D('',#5642,#4558,#4559);
#4284=AXIS2_PLACEMENT_3D('',#5646,#4561,#4562);
#4285=AXIS2_PLACEMENT_3D('',#5648,#4564,#4565);
#4286=AXIS2_PLACEMENT_3D('',#5654,#4569,#4570);
#4287=AXIS2_PLACEMENT_3D('',#5658,#4572,#4573);
#4288=AXIS2_PLACEMENT_3D('',#5660,#4575,#4576);
#4289=AXIS2_PLACEMENT_3D('',#5663,#4577,#4578);
#4290=AXIS2_PLACEMENT_3D('',#5667,#4580,#4581);
#4291=AXIS2_PLACEMENT_3D('',#5669,#4583,#4584);
#4292=AXIS2_PLACEMENT_3D('',#5683,#4592,#4593);
#4293=AXIS2_PLACEMENT_3D('',#5686,#4595,#4596);
#4294=AXIS2_PLACEMENT_3D('',#5687,#4597,#4598);
#4295=AXIS2_PLACEMENT_3D('',#5690,#4599,#4600);
#4296=AXIS2_PLACEMENT_3D('',#5694,#4602,#4603);
#4297=AXIS2_PLACEMENT_3D('',#5696,#4605,#4606);
#4298=AXIS2_PLACEMENT_3D('',#5702,#4610,#4611);
#4299=AXIS2_PLACEMENT_3D('',#5706,#4613,#4614);
#4300=AXIS2_PLACEMENT_3D('',#5708,#4616,#4617);
#4301=AXIS2_PLACEMENT_3D('',#5711,#4618,#4619);
#4302=AXIS2_PLACEMENT_3D('',#5715,#4621,#4622);
#4303=AXIS2_PLACEMENT_3D('',#5717,#4624,#4625);
#4304=AXIS2_PLACEMENT_3D('',#5731,#4633,#4634);
#4305=AXIS2_PLACEMENT_3D('',#5734,#4636,#4637);
#4306=AXIS2_PLACEMENT_3D('',#5735,#4638,#4639);
#4307=AXIS2_PLACEMENT_3D('',#5738,#4640,#4641);
#4308=AXIS2_PLACEMENT_3D('',#5742,#4643,#4644);
#4309=AXIS2_PLACEMENT_3D('',#5744,#4646,#4647);
#4310=AXIS2_PLACEMENT_3D('',#5750,#4651,#4652);
#4311=AXIS2_PLACEMENT_3D('',#5754,#4654,#4655);
#4312=AXIS2_PLACEMENT_3D('',#5756,#4657,#4658);
#4313=AXIS2_PLACEMENT_3D('',#5765,#4663,#4664);
#4314=AXIS2_PLACEMENT_3D('',#5768,#4665,#4666);
#4315=AXIS2_PLACEMENT_3D('',#5771,#4669,#4670);
#4316=AXIS2_PLACEMENT_3D('',#5774,#4673,#4674);
#4317=AXIS2_PLACEMENT_3D('',#5776,#4675,#4676);
#4318=AXIS2_PLACEMENT_3D('',#5778,#4678,#4679);
#4319=AXIS2_PLACEMENT_3D('',#5784,#4683,#4684);
#4320=AXIS2_PLACEMENT_3D('',#5787,#4687,#4688);
#4321=AXIS2_PLACEMENT_3D('',#5809,#4700,#4701);
#4322=AXIS2_PLACEMENT_3D('',#5817,#4705,#4706);
#4323=AXIS2_PLACEMENT_3D('',#5858,#4727,#4728);
#4324=AXIS2_PLACEMENT_3D('',#5866,#4732,#4733);
#4325=AXIS2_PLACEMENT_3D('',#5913,#4758,#4759);
#4326=AXIS2_PLACEMENT_3D('',#5917,#4762,#4763);
#4327=AXIS2_PLACEMENT_3D('',#5921,#4766,#4767);
#4328=AXIS2_PLACEMENT_3D('',#5934,#4774,#4775);
#4329=AXIS2_PLACEMENT_3D('',#5958,#4787,#4788);
#4330=AXIS2_PLACEMENT_3D('',#5982,#4801,#4802);
#4331=AXIS2_PLACEMENT_3D('',#5984,#4804,#4805);
#4332=AXIS2_PLACEMENT_3D('',#5988,#4808,#4809);
#4333=AXIS2_PLACEMENT_3D('',#5991,#4812,#4813);
#4334=AXIS2_PLACEMENT_3D('',#5996,#4817,#4818);
#4335=AXIS2_PLACEMENT_3D('',#5998,#4820,#4821);
#4336=AXIS2_PLACEMENT_3D('',#6003,#4825,#4826);
#4337=AXIS2_PLACEMENT_3D('',#6007,#4829,#4830);
#4338=AXIS2_PLACEMENT_3D('',#6011,#4833,#4834);
#4339=AXIS2_PLACEMENT_3D('',#6015,#4837,#4838);
#4340=AXIS2_PLACEMENT_3D('',#6019,#4841,#4842);
#4341=AXIS2_PLACEMENT_3D('',#6026,#4847,#4848);
#4342=AXIS2_PLACEMENT_3D('',#6029,#4851,#4852);
#4343=AXIS2_PLACEMENT_3D('',#6031,#4854,#4855);
#4344=AXIS2_PLACEMENT_3D('',#6036,#4859,#4860);
#4345=AXIS2_PLACEMENT_3D('',#6039,#4863,#4864);
#4346=AXIS2_PLACEMENT_3D('',#6040,#4865,#4866);
#4347=AXIS2_PLACEMENT_3D('',#6044,#4869,#4870);
#4348=AXIS2_PLACEMENT_3D('',#6048,#4873,#4874);
#4349=AXIS2_PLACEMENT_3D('',#6052,#4877,#4878);
#4350=AXIS2_PLACEMENT_3D('',#6056,#4881,#4882);
#4351=AXIS2_PLACEMENT_3D('',#6083,#4896,#4897);
#4352=AXIS2_PLACEMENT_3D('',#6097,#4905,#4906);
#4353=AXIS2_PLACEMENT_3D('',#6101,#4909,#4910);
#4354=AXIS2_PLACEMENT_3D('',#6105,#4913,#4914);
#4355=AXIS2_PLACEMENT_3D('',#6109,#4917,#4918);
#4356=AXIS2_PLACEMENT_3D('',#6113,#4921,#4922);
#4357=AXIS2_PLACEMENT_3D('',#6117,#4925,#4926);
#4358=AXIS2_PLACEMENT_3D('',#6121,#4929,#4930);
#4359=AXIS2_PLACEMENT_3D('',#6125,#4933,#4934);
#4360=AXIS2_PLACEMENT_3D('',#6129,#4937,#4938);
#4361=AXIS2_PLACEMENT_3D('',#6133,#4941,#4942);
#4362=AXIS2_PLACEMENT_3D('',#6137,#4945,#4946);
#4363=AXIS2_PLACEMENT_3D('',#6141,#4949,#4950);
#4364=AXIS2_PLACEMENT_3D('',#6143,#4952,#4953);
#4365=AXIS2_PLACEMENT_3D('',#6145,#4955,#4956);
#4366=AXIS2_PLACEMENT_3D('',#6153,#4961,#4962);
#4367=AXIS2_PLACEMENT_3D('',#6159,#4966,#4967);
#4368=AXIS2_PLACEMENT_3D('',#6167,#4972,#4973);
#4369=AXIS2_PLACEMENT_3D('',#6169,#4975,#4976);
#4370=AXIS2_PLACEMENT_3D('',#6171,#4978,#4979);
#4371=AXIS2_PLACEMENT_3D('',#6179,#4984,#4985);
#4372=AXIS2_PLACEMENT_3D('',#6183,#4987,#4988);
#4373=AXIS2_PLACEMENT_3D('',#6185,#4990,#4991);
#4374=AXIS2_PLACEMENT_3D('',#6189,#4994,#4995);
#4375=AXIS2_PLACEMENT_3D('',#6191,#4996,#4997);
#4376=AXIS2_PLACEMENT_3D('',#6193,#4999,#5000);
#4377=AXIS2_PLACEMENT_3D('',#6195,#5002,#5003);
#4378=AXIS2_PLACEMENT_3D('',#6196,#5004,#5005);
#4379=AXIS2_PLACEMENT_3D('',#6199,#5006,#5007);
#4380=AXIS2_PLACEMENT_3D('',#6202,#5010,#5011);
#4381=AXIS2_PLACEMENT_3D('',#6206,#5014,#5015);
#4382=AXIS2_PLACEMENT_3D('',#6208,#5016,#5017);
#4383=AXIS2_PLACEMENT_3D('',#6210,#5019,#5020);
#4384=AXIS2_PLACEMENT_3D('',#6212,#5022,#5023);
#4385=AXIS2_PLACEMENT_3D('',#6213,#5024,#5025);
#4386=AXIS2_PLACEMENT_3D('',#6217,#5027,#5028);
#4387=AXIS2_PLACEMENT_3D('',#6219,#5030,#5031);
#4388=AXIS2_PLACEMENT_3D('',#6223,#5034,#5035);
#4389=AXIS2_PLACEMENT_3D('',#6225,#5036,#5037);
#4390=AXIS2_PLACEMENT_3D('',#6227,#5039,#5040);
#4391=AXIS2_PLACEMENT_3D('',#6229,#5042,#5043);
#4392=AXIS2_PLACEMENT_3D('',#6230,#5044,#5045);
#4393=AXIS2_PLACEMENT_3D('',#6236,#5049,#5050);
#4394=AXIS2_PLACEMENT_3D('',#6242,#5054,#5055);
#4395=AXIS2_PLACEMENT_3D('',#6246,#5058,#5059);
#4396=AXIS2_PLACEMENT_3D('',#6250,#5062,#5063);
#4397=AXIS2_PLACEMENT_3D('',#6254,#5066,#5067);
#4398=AXIS2_PLACEMENT_3D('',#6258,#5070,#5071);
#4399=AXIS2_PLACEMENT_3D('',#6262,#5074,#5075);
#4400=AXIS2_PLACEMENT_3D('',#6266,#5078,#5079);
#4401=AXIS2_PLACEMENT_3D('',#6270,#5082,#5083);
#4402=AXIS2_PLACEMENT_3D('',#6274,#5086,#5087);
#4403=AXIS2_PLACEMENT_3D('',#6278,#5090,#5091);
#4404=AXIS2_PLACEMENT_3D('',#6282,#5094,#5095);
#4405=AXIS2_PLACEMENT_3D('',#6286,#5098,#5099);
#4406=AXIS2_PLACEMENT_3D('',#6290,#5102,#5103);
#4407=AXIS2_PLACEMENT_3D('',#6294,#5106,#5107);
#4408=AXIS2_PLACEMENT_3D('',#6298,#5110,#5111);
#4409=AXIS2_PLACEMENT_3D('',#6302,#5114,#5115);
#4410=AXIS2_PLACEMENT_3D('',#6306,#5118,#5119);
#4411=AXIS2_PLACEMENT_3D('',#6310,#5122,#5123);
#4412=AXIS2_PLACEMENT_3D('',#6314,#5126,#5127);
#4413=AXIS2_PLACEMENT_3D('',#6318,#5130,#5131);
#4414=AXIS2_PLACEMENT_3D('',#6322,#5134,#5135);
#4415=AXIS2_PLACEMENT_3D('',#6328,#5139,#5140);
#4416=AXIS2_PLACEMENT_3D('',#6334,#5144,#5145);
#4417=AXIS2_PLACEMENT_3D('',#6338,#5148,#5149);
#4418=AXIS2_PLACEMENT_3D('',#6341,#5152,#5153);
#4419=AXIS2_PLACEMENT_3D('',#6345,#5156,#5157);
#4420=AXIS2_PLACEMENT_3D('',#6349,#5160,#5161);
#4421=AXIS2_PLACEMENT_3D('',#6353,#5164,#5165);
#4422=AXIS2_PLACEMENT_3D('',#6357,#5168,#5169);
#4423=AXIS2_PLACEMENT_3D('',#6361,#5172,#5173);
#4424=AXIS2_PLACEMENT_3D('',#6365,#5176,#5177);
#4425=AXIS2_PLACEMENT_3D('',#6369,#5180,#5181);
#4426=AXIS2_PLACEMENT_3D('',#6373,#5184,#5185);
#4427=AXIS2_PLACEMENT_3D('',#6377,#5188,#5189);
#4428=AXIS2_PLACEMENT_3D('',#6381,#5192,#5193);
#4429=AXIS2_PLACEMENT_3D('',#6383,#5195,#5196);
#4430=AXIS2_PLACEMENT_3D('',#6387,#5199,#5200);
#4431=AXIS2_PLACEMENT_3D('',#6389,#5202,#5203);
#4432=AXIS2_PLACEMENT_3D('',#6395,#5207,#5208);
#4433=AXIS2_PLACEMENT_3D('',#6404,#5213,#5214);
#4434=AXIS2_PLACEMENT_3D('',#6413,#5219,#5220);
#4435=AXIS2_PLACEMENT_3D('',#6422,#5225,#5226);
#4436=AXIS2_PLACEMENT_3D('',#6431,#5231,#5232);
#4437=AXIS2_PLACEMENT_3D('',#6440,#5237,#5238);
#4438=AXIS2_PLACEMENT_3D('',#6449,#5243,#5244);
#4439=AXIS2_PLACEMENT_3D('',#6454,#5249,#5250);
#4440=AXIS2_PLACEMENT_3D('',#6466,#5258,#5259);
#4441=AXIS2_PLACEMENT_3D('',#6478,#5266,#5267);
#4442=AXIS2_PLACEMENT_3D('',#6488,#5272,#5273);
#4443=AXIS2_PLACEMENT_3D('',#6496,#5278,#5279);
#4444=AXIS2_PLACEMENT_3D('',#6508,#5285,#5286);
#4445=AXIS2_PLACEMENT_3D('',#6514,#5290,#5291);
#4446=AXIS2_PLACEMENT_3D('',#6526,#5298,#5299);
#4447=AXIS2_PLACEMENT_3D('',#6538,#5305,#5306);
#4448=AXIS2_PLACEMENT_3D('',#6544,#5310,#5311);
#4449=AXIS2_PLACEMENT_3D('',#6548,#5314,#5315);
#4450=AXIS2_PLACEMENT_3D('',#6558,#5320,#5321);
#4451=AXIS2_PLACEMENT_3D('',#6566,#5326,#5327);
#4452=AXIS2_PLACEMENT_3D('',#6574,#5333,#5334);
#4453=AXIS2_PLACEMENT_3D('',#6577,#5335,#5336);
#4454=AXIS2_PLACEMENT_3D('',#6581,#5338,#5339);
#4455=AXIS2_PLACEMENT_3D('',#6583,#5341,#5342);
#4456=AXIS2_PLACEMENT_3D('',#6588,#5346,#5347);
#4457=AXIS2_PLACEMENT_3D('',#6602,#5355,#5356);
#4458=AXIS2_PLACEMENT_3D('',#6604,#5357,#5358);
#4459=AXIS2_PLACEMENT_3D('',#6606,#5359,#5360);
#4460=AXIS2_PLACEMENT_3D('',#6608,#5362,#5363);
#4461=AXIS2_PLACEMENT_3D('',#6612,#5367,#5368);
#4462=AXIS2_PLACEMENT_3D('',#6625,#5377,#5378);
#4463=AXIS2_PLACEMENT_3D('',#6626,#5379,#5380);
#4464=AXIS2_PLACEMENT_3D('',#6627,#5381,#5382);
#4465=AXIS2_PLACEMENT_3D('',#6628,#5383,#5384);
#4466=AXIS2_PLACEMENT_3D('',#6631,#5387,#5388);
#4467=AXIS2_PLACEMENT_3D('',#6633,#5389,#5390);
#4468=AXIS2_PLACEMENT_3D('',#6635,#5391,#5392);
#4469=AXIS2_PLACEMENT_3D('',#6637,#5394,#5395);
#4470=AXIS2_PLACEMENT_3D('',#6642,#5400,#5401);
#4471=AXIS2_PLACEMENT_3D('',#6644,#5403,#5404);
#4472=AXIS2_PLACEMENT_3D('',#6646,#5406,#5407);
#4473=AXIS2_PLACEMENT_3D('',#6649,#5410,#5411);
#4474=AXIS2_PLACEMENT_3D('',#6650,#5412,#5413);
#4475=AXIS2_PLACEMENT_3D('',#6653,#5416,#5417);
#4476=AXIS2_PLACEMENT_3D('',#6659,#5421,#5422);
#4477=AXIS2_PLACEMENT_3D('',#6662,#5425,#5426);
#4478=AXIS2_PLACEMENT_3D('',#6666,#5429,#5430);
#4479=AXIS2_PLACEMENT_3D('',#6670,#5433,#5434);
#4480=AXIS2_PLACEMENT_3D('',#6676,#5438,#5439);
#4481=AXIS2_PLACEMENT_3D('',#6678,#5441,#5442);
#4482=AXIS2_PLACEMENT_3D('',#6681,#5445,#5446);
#4483=AXIS2_PLACEMENT_3D('',#6686,#5451,#5452);
#4484=AXIS2_PLACEMENT_3D('',#6698,#5461,#5462);
#4485=AXIS2_PLACEMENT_3D('',#6701,#5465,#5466);
#4486=AXIS2_PLACEMENT_3D('',#6703,#5468,#5469);
#4487=AXIS2_PLACEMENT_3D('',#6705,#5471,#5472);
#4488=AXIS2_PLACEMENT_3D('',#6706,#5473,#5474);
#4489=AXIS2_PLACEMENT_3D('',#6709,#5477,#5478);
#4490=AXIS2_PLACEMENT_3D('',#6711,#5480,#5481);
#4491=AXIS2_PLACEMENT_3D('',#6713,#5483,#5484);
#4492=AXIS2_PLACEMENT_3D('',#6714,#5485,#5486);
#4493=AXIS2_PLACEMENT_3D('',#6716,#5488,#5489);
#4494=AXIS2_PLACEMENT_3D('',#6718,#5491,#5492);
#4495=AXIS2_PLACEMENT_3D('',#6720,#5494,#5495);
#4496=AXIS2_PLACEMENT_3D('',#6722,#5497,#5498);
#4497=AXIS2_PLACEMENT_3D('',#6724,#5500,#5501);
#4498=AXIS2_PLACEMENT_3D('',#6726,#5503,#5504);
#4499=AXIS2_PLACEMENT_3D('',#6727,#5505,#5506);
#4500=AXIS2_PLACEMENT_3D('',#6729,#5508,#5509);
#4501=AXIS2_PLACEMENT_3D('',#6731,#5511,#5512);
#4502=AXIS2_PLACEMENT_3D('',#6733,#5514,#5515);
#4503=AXIS2_PLACEMENT_3D('',#6735,#5517,#5518);
#4504=AXIS2_PLACEMENT_3D('',#6737,#5520,#5521);
#4505=AXIS2_PLACEMENT_3D('',#6738,#5522,#5523);
#4506=AXIS2_PLACEMENT_3D('',#6741,#5526,#5527);
#4507=AXIS2_PLACEMENT_3D('',#6742,#5528,#5529);
#4508=AXIS2_PLACEMENT_3D('',#6744,#5531,#5532);
#4509=AXIS2_PLACEMENT_3D('',#6745,#5533,#5534);
#4510=AXIS2_PLACEMENT_3D('',#6746,#5535,#5536);
#4511=AXIS2_PLACEMENT_3D('',#6750,#5539,#5540);
#4512=AXIS2_PLACEMENT_3D('',#6754,#5543,#5544);
#4513=AXIS2_PLACEMENT_3D('',#6758,#5547,#5548);
#4514=AXIS2_PLACEMENT_3D('',#6762,#5551,#5552);
#4515=AXIS2_PLACEMENT_3D('',#6766,#5555,#5556);
#4516=AXIS2_PLACEMENT_3D('',#6769,#5558,#5559);
#4517=AXIS2_PLACEMENT_3D('',#6770,#5560,#5561);
#4518=AXIS2_PLACEMENT_3D('',#6774,#5564,#5565);
#4519=AXIS2_PLACEMENT_3D('',#6778,#5568,#5569);
#4520=AXIS2_PLACEMENT_3D('',#6782,#5572,#5573);
#4521=AXIS2_PLACEMENT_3D('',#6784,#5575,#5576);
#4522=AXIS2_PLACEMENT_3D('',#6786,#5578,#5579);
#4523=AXIS2_PLACEMENT_3D('',#6790,#5582,#5583);
#4524=AXIS2_PLACEMENT_3D('',#6794,#5586,#5587);
#4525=AXIS2_PLACEMENT_3D('',#6797,#5589,#5590);
#4526=AXIS2_PLACEMENT_3D('',#6798,#5591,#5592);
#4527=AXIS2_PLACEMENT_3D('',#6802,#5595,#5596);
#4528=AXIS2_PLACEMENT_3D('',#6806,#5599,#5600);
#4529=AXIS2_PLACEMENT_3D('',#6808,#5602,#5603);
#4530=AXIS2_PLACEMENT_3D('',#6812,#5606,#5607);
#4531=AXIS2_PLACEMENT_3D('',#6814,#5609,#5610);
#4532=DIRECTION('axis',(0.,0.,1.));
#4533=DIRECTION('refdir',(1.,0.,0.));
#4534=DIRECTION('center_axis',(2.320765E-32,1.,-1.567769E-16));
#4535=DIRECTION('ref_axis',(0.707106781186548,-1.10858009123405E-16,-0.707106781186547));
#4536=DIRECTION('center_axis',(-2.775558E-16,-1.,2.775558E-16));
#4537=DIRECTION('ref_axis',(0.707106781186548,-3.92523176675314E-16,-0.707106781186547));
#4538=DIRECTION('',(0.,-1.,0.));
#4539=DIRECTION('center_axis',(0.,0.98424581286946,0.176805485913011));
#4540=DIRECTION('ref_axis',(6.829577E-16,0.176805485913011,-0.98424581286946));
#4541=DIRECTION('',(0.,1.,0.));
#4542=DIRECTION('center_axis',(0.,1.,0.));
#4543=DIRECTION('ref_axis',(0.,0.,1.));
#4544=DIRECTION('',(-1.,0.,0.));
#4545=DIRECTION('',(0.,0.,1.));
#4546=DIRECTION('',(-1.,0.,0.));
#4547=DIRECTION('',(-1.,0.,0.));
#4548=DIRECTION('',(0.,0.,1.));
#4549=DIRECTION('',(-1.,0.,0.));
#4550=DIRECTION('',(0.,0.,1.));
#4551=DIRECTION('center_axis',(0.,0.,-1.));
#4552=DIRECTION('ref_axis',(-1.,0.,0.));
#4553=DIRECTION('',(0.984245812869458,-0.176805485913019,0.));
#4554=DIRECTION('center_axis',(0.,0.,1.));
#4555=DIRECTION('ref_axis',(0.,1.,0.));
#4556=DIRECTION('center_axis',(2.320765E-32,1.,-1.567769E-16));
#4557=DIRECTION('ref_axis',(0.707106781186548,-1.10858009123405E-16,-0.707106781186547));
#4558=DIRECTION('center_axis',(2.775558E-16,1.,-2.775558E-16));
#4559=DIRECTION('ref_axis',(0.707106781186548,-3.92523176675314E-16,-0.707106781186547));
#4560=DIRECTION('',(0.,1.,0.));
#4561=DIRECTION('center_axis',(-2.46519E-32,-0.98424581286946,0.17680548591301));
#4562=DIRECTION('ref_axis',(6.829577E-16,-0.17680548591301,-0.98424581286946));
#4563=DIRECTION('',(0.,-1.,0.));
#4564=DIRECTION('center_axis',(0.,0.98424581286946,-0.17680548591301));
#4565=DIRECTION('ref_axis',(0.,0.17680548591301,0.98424581286946));
#4566=DIRECTION('',(0.,0.17680548591301,0.98424581286946));
#4567=DIRECTION('',(-1.,0.,0.));
#4568=DIRECTION('',(0.,0.17680548591301,0.98424581286946));
#4569=DIRECTION('center_axis',(0.,0.,-1.));
#4570=DIRECTION('ref_axis',(-1.,0.,0.));
#4571=DIRECTION('',(1.,0.,0.));
#4572=DIRECTION('center_axis',(-2.728233E-17,1.518761E-16,1.));
#4573=DIRECTION('ref_axis',(-0.17680548591301,0.98424581286946,-1.54307081112433E-16));
#4574=DIRECTION('',(-0.98424581286946,-0.17680548591301,0.));
#4575=DIRECTION('center_axis',(2.320765E-32,-1.,1.567769E-16));
#4576=DIRECTION('ref_axis',(-0.707106781186549,-1.10858009123405E-16,-0.707106781186546));
#4577=DIRECTION('center_axis',(-2.775558E-16,1.,-2.775558E-16));
#4578=DIRECTION('ref_axis',(-0.707106781186549,-3.92523176675314E-16,-0.707106781186546));
#4579=DIRECTION('',(0.,1.,0.));
#4580=DIRECTION('center_axis',(0.,-0.98424581286946,0.17680548591301));
#4581=DIRECTION('ref_axis',(-2.048873E-16,-0.17680548591301,-0.98424581286946));
#4582=DIRECTION('',(0.,-1.,0.));
#4583=DIRECTION('center_axis',(0.,1.,0.));
#4584=DIRECTION('ref_axis',(0.,0.,-1.));
#4585=DIRECTION('',(1.,0.,0.));
#4586=DIRECTION('',(0.,0.,1.));
#4587=DIRECTION('',(1.,0.,0.));
#4588=DIRECTION('',(-1.,0.,0.));
#4589=DIRECTION('',(0.,0.,-1.));
#4590=DIRECTION('',(1.,0.,0.));
#4591=DIRECTION('',(0.,0.,-1.));
#4592=DIRECTION('center_axis',(0.,0.,1.));
#4593=DIRECTION('ref_axis',(1.,0.,0.));
#4594=DIRECTION('',(0.98424581286946,-0.17680548591301,0.));
#4595=DIRECTION('center_axis',(-2.728233E-17,-1.518761E-16,-1.));
#4596=DIRECTION('ref_axis',(0.17680548591301,0.98424581286946,-1.54307081112433E-16));
#4597=DIRECTION('center_axis',(-1.,-1.609019E-16,2.960595E-16));
#4598=DIRECTION('ref_axis',(-3.23120504680498E-16,0.707106781186548,-0.707106781186547));
#4599=DIRECTION('center_axis',(0.98424581286946,2.731831E-16,0.176805485913011));
#4600=DIRECTION('ref_axis',(0.176805485913011,-1.980577E-15,-0.98424581286946));
#4601=DIRECTION('',(1.,0.,0.));
#4602=DIRECTION('center_axis',(-1.,0.,0.));
#4603=DIRECTION('ref_axis',(0.,0.707106781186548,-0.707106781186547));
#4604=DIRECTION('',(-1.,0.,0.));
#4605=DIRECTION('center_axis',(-0.98424581286946,-2.731831E-16,-0.176805485913011));
#4606=DIRECTION('ref_axis',(-0.176805485913011,0.,0.98424581286946));
#4607=DIRECTION('',(-0.176805485913011,0.,0.98424581286946));
#4608=DIRECTION('',(0.,-1.,0.));
#4609=DIRECTION('',(-0.176805485913011,0.,0.98424581286946));
#4610=DIRECTION('center_axis',(0.,0.,1.));
#4611=DIRECTION('ref_axis',(1.,0.,0.));
#4612=DIRECTION('',(0.,1.,0.));
#4613=DIRECTION('center_axis',(0.,0.,-1.));
#4614=DIRECTION('ref_axis',(1.,0.,0.));
#4615=DIRECTION('',(-0.176805485913011,0.98424581286946,0.));
#4616=DIRECTION('center_axis',(-1.,-1.609019E-16,2.960595E-16));
#4617=DIRECTION('ref_axis',(-3.23120504680498E-16,0.707106781186548,-0.707106781186547));
#4618=DIRECTION('center_axis',(1.,0.,0.));
#4619=DIRECTION('ref_axis',(0.,0.707106781186548,-0.707106781186547));
#4620=DIRECTION('',(1.,0.,0.));
#4621=DIRECTION('center_axis',(-0.98424581286946,-2.46519E-32,0.176805485913009));
#4622=DIRECTION('ref_axis',(-0.176805485913009,6.829577E-16,-0.98424581286946));
#4623=DIRECTION('',(-1.,0.,0.));
#4624=DIRECTION('center_axis',(-1.,0.,0.));
#4625=DIRECTION('ref_axis',(0.,0.,1.));
#4626=DIRECTION('',(0.,1.,0.));
#4627=DIRECTION('',(0.,0.,1.));
#4628=DIRECTION('',(0.,-1.,0.));
#4629=DIRECTION('',(0.,1.,0.));
#4630=DIRECTION('',(0.,0.,1.));
#4631=DIRECTION('',(0.,-1.,0.));
#4632=DIRECTION('',(0.,0.,1.));
#4633=DIRECTION('center_axis',(0.,0.,1.));
#4634=DIRECTION('ref_axis',(1.,0.,0.));
#4635=DIRECTION('',(-0.176805485913012,-0.98424581286946,0.));
#4636=DIRECTION('center_axis',(-2.868046E-16,5.152029E-17,-1.));
#4637=DIRECTION('ref_axis',(0.98424581286946,-0.176805485913012,-2.9139529656953E-16));
#4638=DIRECTION('center_axis',(2.320765E-32,-1.,1.567769E-16));
#4639=DIRECTION('ref_axis',(-0.707106781186549,-1.10858009123405E-16,-0.707106781186546));
#4640=DIRECTION('center_axis',(2.775558E-16,-1.,2.775558E-16));
#4641=DIRECTION('ref_axis',(-0.707106781186549,-3.92523176675314E-16,-0.707106781186546));
#4642=DIRECTION('',(0.,-1.,0.));
#4643=DIRECTION('center_axis',(-9.860761E-32,0.98424581286946,0.17680548591301));
#4644=DIRECTION('ref_axis',(-2.800127E-15,0.17680548591301,-0.98424581286946));
#4645=DIRECTION('',(0.,1.,0.));
#4646=DIRECTION('center_axis',(0.,0.98424581286946,0.176805485913011));
#4647=DIRECTION('ref_axis',(0.,0.176805485913011,-0.98424581286946));
#4648=DIRECTION('',(0.,0.176805485913011,-0.98424581286946));
#4649=DIRECTION('',(1.,0.,0.));
#4650=DIRECTION('',(0.,0.17680548591301,-0.98424581286946));
#4651=DIRECTION('center_axis',(0.,0.,1.));
#4652=DIRECTION('ref_axis',(1.,0.,0.));
#4653=DIRECTION('',(-1.,0.,0.));
#4654=DIRECTION('center_axis',(0.,0.,-1.));
#4655=DIRECTION('ref_axis',(0.,1.,0.));
#4656=DIRECTION('',(-0.984245812869458,-0.176805485913019,0.));
#4657=DIRECTION('center_axis',(0.,0.,1.));
#4658=DIRECTION('ref_axis',(1.,0.,0.));
#4659=DIRECTION('',(-1.,-1.2213E-11,0.));
#4660=DIRECTION('',(0.,-1.,0.));
#4661=DIRECTION('',(1.,0.,0.));
#4662=DIRECTION('',(-0.176805485912935,0.984245812869474,0.));
#4663=DIRECTION('center_axis',(2.775558E-16,0.,1.));
#4664=DIRECTION('ref_axis',(1.,0.,-2.775558E-16));
#4665=DIRECTION('center_axis',(0.,0.,1.));
#4666=DIRECTION('ref_axis',(1.,0.,0.));
#4667=DIRECTION('',(0.,0.,1.));
#4668=DIRECTION('',(0.,0.,1.));
#4669=DIRECTION('center_axis',(-0.98424581286946,-0.176805485913011,2.731831E-16));
#4670=DIRECTION('ref_axis',(2.68879322321699E-16,4.83002707387227E-17,1.));
#4671=DIRECTION('',(0.176805485913011,-0.98424581286946,0.));
#4672=DIRECTION('',(0.,0.,1.));
#4673=DIRECTION('center_axis',(2.775558E-16,0.,1.));
#4674=DIRECTION('ref_axis',(0.98424581286946,-0.176805485913012,-2.73183133987633E-16));
#4675=DIRECTION('center_axis',(2.688793E-16,-4.830027E-17,1.));
#4676=DIRECTION('ref_axis',(0.98424581286946,-0.176805485913012,-2.73183077899351E-16));
#4677=DIRECTION('',(0.,0.,1.));
#4678=DIRECTION('center_axis',(0.98424581286946,-0.176805485913012,-2.731831E-16));
#4679=DIRECTION('ref_axis',(-2.68879322321699E-16,4.83002707387229E-17,
-1.));
#4680=DIRECTION('',(-0.176805485913035,-0.984245812869456,0.));
#4681=DIRECTION('',(0.176805485913012,0.98424581286946,0.));
#4682=DIRECTION('',(0.,0.,-1.));
#4683=DIRECTION('center_axis',(0.,0.,1.));
#4684=DIRECTION('ref_axis',(1.,0.,0.));
#4685=DIRECTION('',(-1.,-1.221179E-11,0.));
#4686=DIRECTION('',(1.,0.,0.));
#4687=DIRECTION('center_axis',(0.,0.,1.));
#4688=DIRECTION('ref_axis',(1.,0.,0.));
#4689=DIRECTION('',(0.,1.,0.));
#4690=DIRECTION('',(-1.,-1.220357E-11,0.));
#4691=DIRECTION('',(1.221245E-11,-1.,0.));
#4692=DIRECTION('',(-1.,-1.221287E-11,0.));
#4693=DIRECTION('',(-1.221245E-11,1.,0.));
#4694=DIRECTION('',(-1.,-1.221245E-11,0.));
#4695=DIRECTION('',(-1.24345E-11,1.,0.));
#4696=DIRECTION('',(-1.,-1.221245E-11,0.));
#4697=DIRECTION('',(-1.221245E-11,1.,0.));
#4698=DIRECTION('',(1.,1.221245E-11,0.));
#4699=DIRECTION('',(-1.220357E-11,1.,0.));
#4700=DIRECTION('center_axis',(0.,0.,1.));
#4701=DIRECTION('ref_axis',(0.,1.,0.));
#4702=DIRECTION('',(0.984245812869458,-0.176805485913019,0.));
#4703=DIRECTION('',(-1.221254E-11,1.,0.));
#4704=DIRECTION('',(-0.98424581286946,-0.17680548591301,0.));
#4705=DIRECTION('center_axis',(0.,0.,1.));
#4706=DIRECTION('ref_axis',(-0.17680548591301,0.98424581286946,0.));
#4707=DIRECTION('',(1.,0.,0.));
#4708=DIRECTION('',(-1.222134E-11,1.,0.));
#4709=DIRECTION('',(-1.,-1.221245E-11,0.));
#4710=DIRECTION('',(-1.221245E-11,1.,0.));
#4711=DIRECTION('',(1.,1.221245E-11,0.));
#4712=DIRECTION('',(-1.24345E-11,1.,0.));
#4713=DIRECTION('',(1.,1.221245E-11,0.));
#4714=DIRECTION('',(-1.221245E-11,1.,0.));
#4715=DIRECTION('',(1.,1.221245E-11,0.));
#4716=DIRECTION('',(1.221245E-11,-1.,0.));
#4717=DIRECTION('',(1.,1.221233E-11,0.));
#4718=DIRECTION('',(-1.221245E-11,1.,0.));
#4719=DIRECTION('',(1.,6.01976E-12,0.));
#4720=DIRECTION('',(0.,-1.,0.));
#4721=DIRECTION('',(1.,0.,0.));
#4722=DIRECTION('',(0.,-1.,0.));
#4723=DIRECTION('',(1.,0.,0.));
#4724=DIRECTION('',(0.,-1.,0.));
#4725=DIRECTION('',(-1.,-1.221245E-11,0.));
#4726=DIRECTION('',(1.222134E-11,-1.,0.));
#4727=DIRECTION('center_axis',(0.,0.,1.));
#4728=DIRECTION('ref_axis',(0.17680548591301,0.98424581286946,0.));
#4729=DIRECTION('',(-0.98424581286946,0.17680548591301,0.));
#4730=DIRECTION('',(1.221254E-11,-1.,0.));
#4731=DIRECTION('',(0.984245812869459,0.176805485913019,0.));
#4732=DIRECTION('center_axis',(0.,0.,1.));
#4733=DIRECTION('ref_axis',(0.,1.,0.));
#4734=DIRECTION('',(-1.,0.,0.));
#4735=DIRECTION('',(1.220357E-11,-1.,0.));
#4736=DIRECTION('',(1.,1.221245E-11,0.));
#4737=DIRECTION('',(1.221245E-11,-1.,0.));
#4738=DIRECTION('',(-1.,-1.221245E-11,0.));
#4739=DIRECTION('',(1.154632E-11,-1.,0.));
#4740=DIRECTION('',(-1.,-1.221245E-11,0.));
#4741=DIRECTION('',(1.221245E-11,-1.,0.));
#4742=DIRECTION('',(-1.,-1.221239E-11,0.));
#4743=DIRECTION('',(-1.221245E-11,1.,0.));
#4744=DIRECTION('',(-1.,-1.222134E-11,0.));
#4745=DIRECTION('',(-1.,-1.221168E-11,0.));
#4746=DIRECTION('',(-1.,0.,0.));
#4747=DIRECTION('',(0.,-1.,0.));
#4748=DIRECTION('',(1.,0.,0.));
#4749=DIRECTION('',(0.,1.,0.));
#4750=DIRECTION('',(-1.,0.,0.));
#4751=DIRECTION('',(0.,-1.,0.));
#4752=DIRECTION('',(1.,0.,0.));
#4753=DIRECTION('',(0.,1.,0.));
#4754=DIRECTION('',(-1.,0.,0.));
#4755=DIRECTION('',(0.,-1.,0.));
#4756=DIRECTION('',(1.,0.,0.));
#4757=DIRECTION('',(0.,1.,0.));
#4758=DIRECTION('center_axis',(0.,1.,0.));
#4759=DIRECTION('ref_axis',(0.,0.,1.));
#4760=DIRECTION('',(0.,0.,-1.));
#4761=DIRECTION('',(-1.,0.,0.));
#4762=DIRECTION('center_axis',(1.,0.,0.));
#4763=DIRECTION('ref_axis',(0.,0.,-1.));
#4764=DIRECTION('',(0.,0.,-1.));
#4765=DIRECTION('',(0.,-1.,0.));
#4766=DIRECTION('center_axis',(0.,1.,0.));
#4767=DIRECTION('ref_axis',(0.,0.,1.));
#4768=DIRECTION('',(-1.,0.,0.));
#4769=DIRECTION('',(-0.176805485913009,0.,-0.98424581286946));
#4770=DIRECTION('',(-1.,0.,0.));
#4771=DIRECTION('',(0.,0.,-1.));
#4772=DIRECTION('',(-1.,0.,0.));
#4773=DIRECTION('',(0.,0.,-1.));
#4774=DIRECTION('center_axis',(0.,1.,0.));
#4775=DIRECTION('ref_axis',(1.,0.,0.));
#4776=DIRECTION('',(0.,0.,1.));
#4777=DIRECTION('',(-1.,0.,0.));
#4778=DIRECTION('',(0.,0.,1.));
#4779=DIRECTION('',(0.919145030018058,0.,0.393919298579167));
#4780=DIRECTION('',(0.,0.,1.));
#4781=DIRECTION('',(-1.,0.,0.));
#4782=DIRECTION('',(0.,0.,-1.));
#4783=DIRECTION('',(0.919145030018058,0.,-0.393919298579167));
#4784=DIRECTION('',(0.,0.,-1.));
#4785=DIRECTION('',(-1.,0.,0.));
#4786=DIRECTION('',(0.,0.,-1.));
#4787=DIRECTION('center_axis',(0.,1.,0.));
#4788=DIRECTION('ref_axis',(1.,0.,0.));
#4789=DIRECTION('',(0.,0.,1.));
#4790=DIRECTION('',(-1.,0.,0.));
#4791=DIRECTION('',(0.,0.,1.));
#4792=DIRECTION('',(-1.,0.,0.));
#4793=DIRECTION('',(-1.,0.,0.));
#4794=DIRECTION('',(0.,0.,-1.));
#4795=DIRECTION('',(1.,0.,0.));
#4796=DIRECTION('',(0.,0.,1.));
#4797=DIRECTION('',(0.,0.,-1.));
#4798=DIRECTION('',(1.,0.,0.));
#4799=DIRECTION('',(0.,0.,1.));
#4800=DIRECTION('',(-1.,0.,0.));
#4801=DIRECTION('center_axis',(0.,0.,-1.));
#4802=DIRECTION('ref_axis',(0.,1.,0.));
#4803=DIRECTION('',(0.,0.,1.));
#4804=DIRECTION('center_axis',(0.176805485913019,0.984245812869459,0.));
#4805=DIRECTION('ref_axis',(0.,0.,-1.));
#4806=DIRECTION('',(0.,0.,-1.));
#4807=DIRECTION('',(0.98424581286944,-0.17680548591312,0.));
#4808=DIRECTION('center_axis',(0.,0.,-1.));
#4809=DIRECTION('ref_axis',(-1.,0.,0.));
#4810=DIRECTION('',(-1.2213E-11,1.,0.));
#4811=DIRECTION('',(0.,-1.,0.));
#4812=DIRECTION('center_axis',(0.17680548591301,-0.98424581286946,0.));
#4813=DIRECTION('ref_axis',(0.,0.,1.));
#4814=DIRECTION('',(-0.984245812869442,-0.176805485913113,0.));
#4815=DIRECTION('',(0.,0.,1.));
#4816=DIRECTION('',(0.,0.,1.));
#4817=DIRECTION('center_axis',(0.,0.,-1.));
#4818=DIRECTION('ref_axis',(-0.17680548591301,0.98424581286946,0.));
#4819=DIRECTION('',(0.,0.,1.));
#4820=DIRECTION('center_axis',(0.,0.,-1.));
#4821=DIRECTION('ref_axis',(-1.,0.,0.));
#4822=DIRECTION('',(-1.221179E-11,1.,0.));
#4823=DIRECTION('',(1.,0.,0.));
#4824=DIRECTION('',(0.,-1.,0.));
#4825=DIRECTION('center_axis',(1.,0.,0.));
#4826=DIRECTION('ref_axis',(0.,0.,-1.));
#4827=DIRECTION('',(0.,0.176805485913011,-0.98424581286946));
#4828=DIRECTION('',(0.,1.,0.));
#4829=DIRECTION('center_axis',(1.,0.,0.));
#4830=DIRECTION('ref_axis',(0.,0.,-1.));
#4831=DIRECTION('',(0.,0.,-1.));
#4832=DIRECTION('',(0.,1.,0.));
#4833=DIRECTION('center_axis',(0.,-1.,0.));
#4834=DIRECTION('ref_axis',(0.,0.,-1.));
#4835=DIRECTION('',(0.,0.,-1.));
#4836=DIRECTION('',(-1.,0.,0.));
#4837=DIRECTION('center_axis',(0.,-0.98424581286946,-0.176805485913011));
#4838=DIRECTION('ref_axis',(0.,0.176805485913011,-0.98424581286946));
#4839=DIRECTION('',(0.,0.176805485913011,-0.98424581286946));
#4840=DIRECTION('',(-1.,0.,0.));
#4841=DIRECTION('center_axis',(0.,0.,1.));
#4842=DIRECTION('ref_axis',(1.,0.,0.));
#4843=DIRECTION('',(1.2213E-11,-1.,0.));
#4844=DIRECTION('',(1.,0.,0.));
#4845=DIRECTION('',(0.,1.,0.));
#4846=DIRECTION('',(-0.984245812869459,-0.176805485913019,0.));
#4847=DIRECTION('center_axis',(0.,0.,1.));
#4848=DIRECTION('ref_axis',(0.,1.,0.));
#4849=DIRECTION('',(0.,0.,1.));
#4850=DIRECTION('',(0.,0.,1.));
#4851=DIRECTION('center_axis',(0.176805485913019,-0.984245812869459,0.));
#4852=DIRECTION('ref_axis',(0.,0.,-1.));
#4853=DIRECTION('',(0.,0.,1.));
#4854=DIRECTION('center_axis',(0.,0.,1.));
#4855=DIRECTION('ref_axis',(1.,0.,0.));
#4856=DIRECTION('',(1.221179E-11,-1.,0.));
#4857=DIRECTION('',(0.984245812869457,-0.176805485913027,0.));
#4858=DIRECTION('',(0.,1.,0.));
#4859=DIRECTION('center_axis',(0.17680548591301,0.98424581286946,0.));
#4860=DIRECTION('ref_axis',(0.,0.,1.));
#4861=DIRECTION('',(0.,0.,1.));
#4862=DIRECTION('',(0.,0.,-1.));
#4863=DIRECTION('center_axis',(0.,0.,1.));
#4864=DIRECTION('ref_axis',(0.17680548591301,0.98424581286946,0.));
#4865=DIRECTION('center_axis',(1.,0.,0.));
#4866=DIRECTION('ref_axis',(0.,0.,-1.));
#4867=DIRECTION('',(0.,0.,1.));
#4868=DIRECTION('',(0.,-1.,0.));
#4869=DIRECTION('center_axis',(0.,-1.,0.));
#4870=DIRECTION('ref_axis',(0.,0.,1.));
#4871=DIRECTION('',(0.,0.,1.));
#4872=DIRECTION('',(1.,0.,0.));
#4873=DIRECTION('center_axis',(1.,0.,0.));
#4874=DIRECTION('ref_axis',(0.,0.,-1.));
#4875=DIRECTION('',(0.,0.17680548591301,0.98424581286946));
#4876=DIRECTION('',(0.,-1.,0.));
#4877=DIRECTION('center_axis',(0.,-0.98424581286946,0.17680548591301));
#4878=DIRECTION('ref_axis',(0.,0.17680548591301,0.98424581286946));
#4879=DIRECTION('',(0.,0.17680548591301,0.98424581286946));
#4880=DIRECTION('',(1.,0.,0.));
#4881=DIRECTION('center_axis',(0.,0.,1.));
#4882=DIRECTION('ref_axis',(1.,0.,0.));
#4883=DIRECTION('',(-0.707106781186548,-0.707106781186547,0.));
#4884=DIRECTION('',(0.,-1.,0.));
#4885=DIRECTION('',(1.,0.,0.));
#4886=DIRECTION('',(0.,1.,0.));
#4887=DIRECTION('',(-0.707106781186548,0.707106781186547,0.));
#4888=DIRECTION('',(-0.707106781186547,-0.707106781186548,0.));
#4889=DIRECTION('',(-0.707106781186548,0.707106781186547,0.));
#4890=DIRECTION('',(-0.707106781186547,-0.707106781186548,0.));
#4891=DIRECTION('',(-0.707106781186548,0.707106781186547,0.));
#4892=DIRECTION('',(-0.707106781186548,-0.707106781186547,0.));
#4893=DIRECTION('',(-0.707106781186548,0.707106781186547,0.));
#4894=DIRECTION('',(-0.707106781186548,-0.707106781186547,0.));
#4895=DIRECTION('',(-0.707106781186547,0.707106781186548,0.));
#4896=DIRECTION('center_axis',(0.,1.,0.));
#4897=DIRECTION('ref_axis',(0.,0.,1.));
#4898=DIRECTION('',(0.,0.,-1.));
#4899=DIRECTION('',(-1.,0.,0.));
#4900=DIRECTION('',(0.,0.,-1.));
#4901=DIRECTION('',(0.,0.,1.));
#4902=DIRECTION('',(-1.,0.,0.));
#4903=DIRECTION('',(0.,0.,1.));
#4904=DIRECTION('',(-1.,0.,0.));
#4905=DIRECTION('center_axis',(-1.,0.,0.));
#4906=DIRECTION('ref_axis',(0.,0.,1.));
#4907=DIRECTION('',(0.,-1.,0.));
#4908=DIRECTION('',(0.,0.,-1.));
#4909=DIRECTION('center_axis',(-0.707106781186547,-0.707106781186548,0.));
#4910=DIRECTION('ref_axis',(0.,0.,1.));
#4911=DIRECTION('',(0.707106781186548,-0.707106781186547,0.));
#4912=DIRECTION('',(0.,0.,-1.));
#4913=DIRECTION('center_axis',(0.707106781186548,-0.707106781186547,0.));
#4914=DIRECTION('ref_axis',(0.,0.,-1.));
#4915=DIRECTION('',(0.707106781186547,0.707106781186548,0.));
#4916=DIRECTION('',(0.,0.,-1.));
#4917=DIRECTION('center_axis',(-0.707106781186547,-0.707106781186548,0.));
#4918=DIRECTION('ref_axis',(0.,0.,1.));
#4919=DIRECTION('',(0.707106781186548,-0.707106781186547,0.));
#4920=DIRECTION('',(0.,0.,-1.));
#4921=DIRECTION('center_axis',(0.707106781186548,-0.707106781186547,0.));
#4922=DIRECTION('ref_axis',(0.,0.,-1.));
#4923=DIRECTION('',(0.707106781186547,0.707106781186548,0.));
#4924=DIRECTION('',(0.,0.,-1.));
#4925=DIRECTION('center_axis',(-0.707106781186548,-0.707106781186548,0.));
#4926=DIRECTION('ref_axis',(0.,0.,1.));
#4927=DIRECTION('',(0.707106781186548,-0.707106781186547,0.));
#4928=DIRECTION('',(0.,0.,-1.));
#4929=DIRECTION('center_axis',(0.707106781186548,-0.707106781186548,0.));
#4930=DIRECTION('ref_axis',(0.,0.,-1.));
#4931=DIRECTION('',(0.707106781186548,0.707106781186547,0.));
#4932=DIRECTION('',(0.,0.,-1.));
#4933=DIRECTION('center_axis',(-0.707106781186548,-0.707106781186548,0.));
#4934=DIRECTION('ref_axis',(0.,0.,1.));
#4935=DIRECTION('',(0.707106781186548,-0.707106781186547,0.));
#4936=DIRECTION('',(0.,0.,-1.));
#4937=DIRECTION('center_axis',(0.707106781186548,-0.707106781186548,0.));
#4938=DIRECTION('ref_axis',(0.,0.,-1.));
#4939=DIRECTION('',(0.707106781186548,0.707106781186547,0.));
#4940=DIRECTION('',(0.,0.,-1.));
#4941=DIRECTION('center_axis',(-0.707106781186548,-0.707106781186547,0.));
#4942=DIRECTION('ref_axis',(0.,0.,1.));
#4943=DIRECTION('',(0.707106781186547,-0.707106781186548,0.));
#4944=DIRECTION('',(0.,0.,-1.));
#4945=DIRECTION('center_axis',(0.707106781186548,-0.707106781186548,0.));
#4946=DIRECTION('ref_axis',(0.,0.,-1.));
#4947=DIRECTION('',(0.707106781186548,0.707106781186547,0.));
#4948=DIRECTION('',(0.,0.,-1.));
#4949=DIRECTION('center_axis',(1.,0.,0.));
#4950=DIRECTION('ref_axis',(0.,0.,-1.));
#4951=DIRECTION('',(0.,1.,0.));
#4952=DIRECTION('center_axis',(0.,0.,1.));
#4953=DIRECTION('ref_axis',(1.,0.,0.));
#4954=DIRECTION('',(-1.,0.,0.));
#4955=DIRECTION('center_axis',(0.,0.,1.));
#4956=DIRECTION('ref_axis',(1.,0.,0.));
#4957=DIRECTION('',(0.,-1.,0.));
#4958=DIRECTION('',(0.,1.,0.));
#4959=DIRECTION('',(0.,-1.,0.));
#4960=DIRECTION('',(1.,0.,0.));
#4961=DIRECTION('center_axis',(0.,-1.,0.));
#4962=DIRECTION('ref_axis',(0.,0.,-1.));
#4963=DIRECTION('',(0.,0.,-1.));
#4964=DIRECTION('',(-1.,0.,0.));
#4965=DIRECTION('',(0.,0.,1.));
#4966=DIRECTION('center_axis',(0.,0.,-1.));
#4967=DIRECTION('ref_axis',(-1.,0.,0.));
#4968=DIRECTION('',(0.,1.,0.));
#4969=DIRECTION('',(-1.,0.,0.));
#4970=DIRECTION('',(0.,1.,0.));
#4971=DIRECTION('',(0.,-1.,0.));
#4972=DIRECTION('center_axis',(1.,0.,0.));
#4973=DIRECTION('ref_axis',(0.,0.,-1.));
#4974=DIRECTION('',(0.,0.,1.));
#4975=DIRECTION('center_axis',(1.,0.,0.));
#4976=DIRECTION('ref_axis',(0.,0.,-1.));
#4977=DIRECTION('',(0.,0.,1.));
#4978=DIRECTION('center_axis',(-1.,0.,0.));
#4979=DIRECTION('ref_axis',(0.,0.,1.));
#4980=DIRECTION('',(0.,0.,-1.));
#4981=DIRECTION('',(0.,1.,0.));
#4982=DIRECTION('',(0.,1.,0.));
#4983=DIRECTION('',(0.,0.,1.));
#4984=DIRECTION('center_axis',(0.,1.,0.));
#4985=DIRECTION('ref_axis',(0.,0.,1.));
#4986=DIRECTION('',(0.,0.,-1.));
#4987=DIRECTION('center_axis',(0.,1.,0.));
#4988=DIRECTION('ref_axis',(1.,0.,0.));
#4989=DIRECTION('',(0.,0.,1.));
#4990=DIRECTION('center_axis',(1.,0.,0.));
#4991=DIRECTION('ref_axis',(0.,0.,1.));
#4992=DIRECTION('',(0.,0.,-1.));
#4993=DIRECTION('',(0.,-1.,0.));
#4994=DIRECTION('center_axis',(-1.483314E-16,1.,0.));
#4995=DIRECTION('ref_axis',(1.,1.483314E-16,0.));
#4996=DIRECTION('center_axis',(0.,-1.,0.));
#4997=DIRECTION('ref_axis',(1.,0.,0.));
#4998=DIRECTION('',(0.,-1.,0.));
#4999=DIRECTION('center_axis',(-1.,0.,0.));
#5000=DIRECTION('ref_axis',(0.,0.,-1.));
#5001=DIRECTION('',(0.,0.,1.));
#5002=DIRECTION('center_axis',(0.,1.,0.));
#5003=DIRECTION('ref_axis',(0.,0.,1.));
#5004=DIRECTION('center_axis',(0.,1.,0.));
#5005=DIRECTION('ref_axis',(0.,0.,1.));
#5006=DIRECTION('center_axis',(0.,1.,0.));
#5007=DIRECTION('ref_axis',(1.,0.,0.));
#5008=DIRECTION('',(0.,0.,1.));
#5009=DIRECTION('',(0.,0.,-1.));
#5010=DIRECTION('center_axis',(1.,0.,0.));
#5011=DIRECTION('ref_axis',(0.,0.,1.));
#5012=DIRECTION('',(0.,0.,-1.));
#5013=DIRECTION('',(0.,-1.,0.));
#5014=DIRECTION('center_axis',(-3.218038E-16,1.,0.));
#5015=DIRECTION('ref_axis',(1.,3.218038E-16,0.));
#5016=DIRECTION('center_axis',(0.,-1.,0.));
#5017=DIRECTION('ref_axis',(1.,0.,0.));
#5018=DIRECTION('',(0.,-1.,0.));
#5019=DIRECTION('center_axis',(-1.,0.,0.));
#5020=DIRECTION('ref_axis',(0.,0.,-1.));
#5021=DIRECTION('',(0.,0.,1.));
#5022=DIRECTION('center_axis',(0.,1.,0.));
#5023=DIRECTION('ref_axis',(0.,0.,1.));
#5024=DIRECTION('center_axis',(0.,1.,0.));
#5025=DIRECTION('ref_axis',(0.,0.,1.));
#5026=DIRECTION('',(0.,0.,-1.));
#5027=DIRECTION('center_axis',(0.,1.,0.));
#5028=DIRECTION('ref_axis',(1.,0.,0.));
#5029=DIRECTION('',(0.,0.,1.));
#5030=DIRECTION('center_axis',(1.,0.,0.));
#5031=DIRECTION('ref_axis',(0.,0.,1.));
#5032=DIRECTION('',(0.,0.,-1.));
#5033=DIRECTION('',(0.,-1.,0.));
#5034=DIRECTION('center_axis',(-3.218038E-16,1.,0.));
#5035=DIRECTION('ref_axis',(1.,3.218038E-16,0.));
#5036=DIRECTION('center_axis',(0.,-1.,0.));
#5037=DIRECTION('ref_axis',(1.,0.,0.));
#5038=DIRECTION('',(0.,-1.,0.));
#5039=DIRECTION('center_axis',(-1.,0.,0.));
#5040=DIRECTION('ref_axis',(0.,0.,-1.));
#5041=DIRECTION('',(0.,0.,1.));
#5042=DIRECTION('center_axis',(0.,1.,0.));
#5043=DIRECTION('ref_axis',(0.,0.,1.));
#5044=DIRECTION('center_axis',(0.,0.,1.));
#5045=DIRECTION('ref_axis',(1.,0.,0.));
#5046=DIRECTION('',(-1.,0.,0.));
#5047=DIRECTION('',(1.221245E-11,-1.,0.));
#5048=DIRECTION('',(1.,1.221242E-11,0.));
#5049=DIRECTION('center_axis',(1.,1.221245E-11,0.));
#5050=DIRECTION('ref_axis',(0.,0.,-1.));
#5051=DIRECTION('',(0.,0.,-1.));
#5052=DIRECTION('',(-1.24345E-11,1.,0.));
#5053=DIRECTION('',(0.,0.,-1.));
#5054=DIRECTION('center_axis',(-1.221245E-11,1.,0.));
#5055=DIRECTION('ref_axis',(0.,0.,1.));
#5056=DIRECTION('',(0.,0.,-1.));
#5057=DIRECTION('',(-1.,-1.221245E-11,0.));
#5058=DIRECTION('center_axis',(1.,1.221245E-11,0.));
#5059=DIRECTION('ref_axis',(0.,0.,-1.));
#5060=DIRECTION('',(0.,0.,-1.));
#5061=DIRECTION('',(-1.221245E-11,1.,0.));
#5062=DIRECTION('center_axis',(-1.221275E-11,1.,0.));
#5063=DIRECTION('ref_axis',(0.,0.,1.));
#5064=DIRECTION('',(0.,0.,-1.));
#5065=DIRECTION('',(-1.,-1.221263E-11,0.));
#5066=DIRECTION('center_axis',(-1.,-1.221245E-11,0.));
#5067=DIRECTION('ref_axis',(0.,0.,1.));
#5068=DIRECTION('',(0.,0.,-1.));
#5069=DIRECTION('',(1.221245E-11,-1.,0.));
#5070=DIRECTION('center_axis',(-1.221203E-11,1.,0.));
#5071=DIRECTION('ref_axis',(0.,0.,1.));
#5072=DIRECTION('',(0.,0.,-1.));
#5073=DIRECTION('',(-1.,-1.221177E-11,0.));
#5074=DIRECTION('center_axis',(1.,1.221245E-11,0.));
#5075=DIRECTION('ref_axis',(0.,0.,-1.));
#5076=DIRECTION('',(0.,0.,-1.));
#5077=DIRECTION('',(-1.221245E-11,1.,0.));
#5078=DIRECTION('center_axis',(-1.221245E-11,1.,0.));
#5079=DIRECTION('ref_axis',(0.,0.,1.));
#5080=DIRECTION('',(0.,0.,-1.));
#5081=DIRECTION('',(-1.,-1.221239E-11,0.));
#5082=DIRECTION('center_axis',(-1.,-1.221245E-11,0.));
#5083=DIRECTION('ref_axis',(0.,0.,1.));
#5084=DIRECTION('',(0.,0.,-1.));
#5085=DIRECTION('',(1.221245E-11,-1.,0.));
#5086=DIRECTION('center_axis',(-1.221245E-11,1.,0.));
#5087=DIRECTION('ref_axis',(0.,0.,1.));
#5088=DIRECTION('',(0.,0.,-1.));
#5089=DIRECTION('',(-1.,-1.221245E-11,0.));
#5090=DIRECTION('center_axis',(-1.,-1.110223E-11,0.));
#5091=DIRECTION('ref_axis',(0.,0.,1.));
#5092=DIRECTION('',(0.,0.,-1.));
#5093=DIRECTION('',(1.154632E-11,-1.,0.));
#5094=DIRECTION('center_axis',(-1.221245E-11,1.,0.));
#5095=DIRECTION('ref_axis',(0.,0.,1.));
#5096=DIRECTION('',(0.,0.,-1.));
#5097=DIRECTION('',(-1.,-1.221245E-11,0.));
#5098=DIRECTION('center_axis',(-1.,-1.221245E-11,0.));
#5099=DIRECTION('ref_axis',(0.,0.,1.));
#5100=DIRECTION('',(0.,0.,-1.));
#5101=DIRECTION('',(1.221245E-11,-1.,0.));
#5102=DIRECTION('center_axis',(1.221245E-11,-1.,0.));
#5103=DIRECTION('ref_axis',(0.,0.,-1.));
#5104=DIRECTION('',(0.,0.,-1.));
#5105=DIRECTION('',(1.,1.221245E-11,0.));
#5106=DIRECTION('center_axis',(-1.,-1.221245E-11,0.));
#5107=DIRECTION('ref_axis',(0.,0.,1.));
#5108=DIRECTION('',(0.,0.,-1.));
#5109=DIRECTION('',(1.221245E-11,-1.,0.));
#5110=DIRECTION('center_axis',(-1.221245E-11,1.,0.));
#5111=DIRECTION('ref_axis',(0.,0.,1.));
#5112=DIRECTION('',(0.,0.,-1.));
#5113=DIRECTION('',(-1.,-1.221245E-11,0.));
#5114=DIRECTION('center_axis',(-1.,0.,0.));
#5115=DIRECTION('ref_axis',(0.,0.,1.));
#5116=DIRECTION('',(0.,0.,-1.));
#5117=DIRECTION('',(0.,-1.,0.));
#5118=DIRECTION('center_axis',(0.,-1.,0.));
#5119=DIRECTION('ref_axis',(0.,0.,-1.));
#5120=DIRECTION('',(0.,0.,-1.));
#5121=DIRECTION('',(1.,0.,0.));
#5122=DIRECTION('center_axis',(-1.,0.,0.));
#5123=DIRECTION('ref_axis',(0.,0.,1.));
#5124=DIRECTION('',(0.,0.,-1.));
#5125=DIRECTION('',(0.,-1.,0.));
#5126=DIRECTION('center_axis',(0.,-1.,0.));
#5127=DIRECTION('ref_axis',(0.,0.,-1.));
#5128=DIRECTION('',(0.,0.,-1.));
#5129=DIRECTION('',(1.,0.,0.));
#5130=DIRECTION('center_axis',(-1.,0.,0.));
#5131=DIRECTION('ref_axis',(0.,0.,1.));
#5132=DIRECTION('',(0.,0.,-1.));
#5133=DIRECTION('',(0.,-1.,0.));
#5134=DIRECTION('center_axis',(6.01976E-12,-1.,0.));
#5135=DIRECTION('ref_axis',(0.,0.,-1.));
#5136=DIRECTION('',(0.,0.,-1.));
#5137=DIRECTION('',(1.,0.,0.));
#5138=DIRECTION('',(1.,6.01976E-12,0.));
#5139=DIRECTION('center_axis',(1.,1.221245E-11,0.));
#5140=DIRECTION('ref_axis',(0.,0.,-1.));
#5141=DIRECTION('',(0.,0.,-1.));
#5142=DIRECTION('',(-1.221245E-11,1.,0.));
#5143=DIRECTION('',(-1.221245E-11,1.,0.));
#5144=DIRECTION('center_axis',(1.221235E-11,-1.,0.));
#5145=DIRECTION('ref_axis',(0.,0.,-1.));
#5146=DIRECTION('',(0.,0.,-1.));
#5147=DIRECTION('',(1.,1.221233E-11,0.));
#5148=DIRECTION('center_axis',(-1.,-1.221245E-11,0.));
#5149=DIRECTION('ref_axis',(0.,0.,1.));
#5150=DIRECTION('',(0.,0.,-1.));
#5151=DIRECTION('',(1.221245E-11,-1.,0.));
#5152=DIRECTION('center_axis',(1.221245E-11,-1.,0.));
#5153=DIRECTION('ref_axis',(0.,0.,-1.));
#5154=DIRECTION('',(0.,0.,-1.));
#5155=DIRECTION('',(1.,1.221245E-11,0.));
#5156=DIRECTION('center_axis',(1.,1.221245E-11,0.));
#5157=DIRECTION('ref_axis',(0.,0.,-1.));
#5158=DIRECTION('',(0.,0.,-1.));
#5159=DIRECTION('',(-1.221245E-11,1.,0.));
#5160=DIRECTION('center_axis',(1.221245E-11,-1.,0.));
#5161=DIRECTION('ref_axis',(0.,0.,-1.));
#5162=DIRECTION('',(0.,0.,-1.));
#5163=DIRECTION('',(1.,1.221245E-11,0.));
#5164=DIRECTION('center_axis',(1.,1.221245E-11,0.));
#5165=DIRECTION('ref_axis',(0.,0.,-1.));
#5166=DIRECTION('',(0.,0.,-1.));
#5167=DIRECTION('',(-1.24345E-11,1.,0.));
#5168=DIRECTION('center_axis',(1.221245E-11,-1.,0.));
#5169=DIRECTION('ref_axis',(0.,0.,-1.));
#5170=DIRECTION('',(0.,0.,-1.));
#5171=DIRECTION('',(1.,1.221245E-11,0.));
#5172=DIRECTION('center_axis',(1.,1.221226E-11,0.));
#5173=DIRECTION('ref_axis',(0.,0.,-1.));
#5174=DIRECTION('',(0.,0.,-1.));
#5175=DIRECTION('',(-1.221184E-11,1.,0.));
#5176=DIRECTION('center_axis',(-1.221245E-11,1.,0.));
#5177=DIRECTION('ref_axis',(0.,0.,1.));
#5178=DIRECTION('',(0.,0.,-1.));
#5179=DIRECTION('',(-1.,-1.221245E-11,0.));
#5180=DIRECTION('center_axis',(1.,1.221245E-11,0.));
#5181=DIRECTION('ref_axis',(0.,0.,-1.));
#5182=DIRECTION('',(0.,0.,-1.));
#5183=DIRECTION('',(-1.221245E-11,1.,0.));
#5184=DIRECTION('center_axis',(1.221245E-11,-1.,0.));
#5185=DIRECTION('ref_axis',(0.,0.,-1.));
#5186=DIRECTION('',(0.,0.,-1.));
#5187=DIRECTION('',(1.,1.221245E-11,0.));
#5188=DIRECTION('center_axis',(1.,1.221245E-11,0.));
#5189=DIRECTION('ref_axis',(0.,0.,-1.));
#5190=DIRECTION('',(0.,0.,-1.));
#5191=DIRECTION('',(-1.221245E-11,1.,0.));
#5192=DIRECTION('center_axis',(-1.221245E-11,1.,0.));
#5193=DIRECTION('ref_axis',(0.,0.,1.));
#5194=DIRECTION('',(-1.,-1.221245E-11,0.));
#5195=DIRECTION('center_axis',(0.,0.,1.));
#5196=DIRECTION('ref_axis',(1.,0.,0.));
#5197=DIRECTION('',(0.,1.,0.));
#5198=DIRECTION('',(-1.,0.,0.));
#5199=DIRECTION('center_axis',(0.,0.,-1.));
#5200=DIRECTION('ref_axis',(-1.,0.,0.));
#5201=DIRECTION('',(-1.,0.,0.));
#5202=DIRECTION('center_axis',(0.,-1.,0.));
#5203=DIRECTION('ref_axis',(0.,0.,-1.));
#5204=DIRECTION('',(0.,0.,-1.));
#5205=DIRECTION('',(1.,0.,0.));
#5206=DIRECTION('',(0.,0.,1.));
#5207=DIRECTION('center_axis',(1.,0.,0.));
#5208=DIRECTION('ref_axis',(0.,0.,-1.));
#5209=DIRECTION('',(0.,0.,-1.));
#5210=DIRECTION('',(0.,-1.,0.));
#5211=DIRECTION('',(0.,0.,-1.));
#5212=DIRECTION('',(0.,-1.,0.));
#5213=DIRECTION('center_axis',(1.,0.,0.));
#5214=DIRECTION('ref_axis',(0.,0.,-1.));
#5215=DIRECTION('',(0.,0.,1.));
#5216=DIRECTION('',(0.,-1.,0.));
#5217=DIRECTION('',(0.,0.,1.));
#5218=DIRECTION('',(0.,-1.,0.));
#5219=DIRECTION('center_axis',(-1.,0.,0.));
#5220=DIRECTION('ref_axis',(0.,0.,1.));
#5221=DIRECTION('',(0.,0.,1.));
#5222=DIRECTION('',(0.,1.,0.));
#5223=DIRECTION('',(0.,0.,1.));
#5224=DIRECTION('',(0.,1.,0.));
#5225=DIRECTION('center_axis',(-1.,0.,0.));
#5226=DIRECTION('ref_axis',(0.,0.,1.));
#5227=DIRECTION('',(0.,0.,-1.));
#5228=DIRECTION('',(0.,1.,0.));
#5229=DIRECTION('',(0.,0.,-1.));
#5230=DIRECTION('',(0.,1.,0.));
#5231=DIRECTION('center_axis',(0.,1.,0.));
#5232=DIRECTION('ref_axis',(0.,0.,1.));
#5233=DIRECTION('',(1.,0.,0.));
#5234=DIRECTION('',(0.,0.,-1.));
#5235=DIRECTION('',(-1.,0.,0.));
#5236=DIRECTION('',(0.,0.,1.));
#5237=DIRECTION('center_axis',(0.,1.,0.));
#5238=DIRECTION('ref_axis',(0.,0.,1.));
#5239=DIRECTION('',(0.,0.,1.));
#5240=DIRECTION('',(1.,0.,0.));
#5241=DIRECTION('',(0.,0.,-1.));
#5242=DIRECTION('',(-1.,0.,0.));
#5243=DIRECTION('center_axis',(0.,0.,1.));
#5244=DIRECTION('ref_axis',(1.,0.,0.));
#5245=DIRECTION('',(1.,0.,0.));
#5246=DIRECTION('',(0.,1.,0.));
#5247=DIRECTION('',(-1.,0.,0.));
#5248=DIRECTION('',(0.,-1.,0.));
#5249=DIRECTION('center_axis',(1.,0.,0.));
#5250=DIRECTION('ref_axis',(0.,0.,-1.));
#5251=DIRECTION('',(0.,-1.,0.));
#5252=DIRECTION('',(0.,0.,-1.));
#5253=DIRECTION('',(0.,0.,-1.));
#5254=DIRECTION('',(0.,-1.,0.));
#5255=DIRECTION('',(0.,0.,1.));
#5256=DIRECTION('',(0.,0.,1.));
#5257=DIRECTION('',(0.,-1.,0.));
#5258=DIRECTION('center_axis',(0.,1.,0.));
#5259=DIRECTION('ref_axis',(0.,0.,1.));
#5260=DIRECTION('',(0.,0.,1.));
#5261=DIRECTION('',(-0.919145030018056,0.,-0.393919298579171));
#5262=DIRECTION('',(0.,0.,-1.));
#5263=DIRECTION('',(1.,0.,0.));
#5264=DIRECTION('',(0.,0.,1.));
#5265=DIRECTION('',(-0.919145030018058,0.,0.393919298579166));
#5266=DIRECTION('center_axis',(0.,1.,0.));
#5267=DIRECTION('ref_axis',(0.,0.,1.));
#5268=DIRECTION('',(1.,0.,0.));
#5269=DIRECTION('',(0.,0.,1.));
#5270=DIRECTION('',(1.,0.,0.));
#5271=DIRECTION('',(0.,0.,1.));
#5272=DIRECTION('center_axis',(0.,-1.,0.));
#5273=DIRECTION('ref_axis',(1.,0.,0.));
#5274=DIRECTION('',(0.,0.,-1.));
#5275=DIRECTION('',(1.,0.,0.));
#5276=DIRECTION('',(0.,0.,-1.));
#5277=DIRECTION('',(1.,0.,0.));
#5278=DIRECTION('center_axis',(0.,1.,0.));
#5279=DIRECTION('ref_axis',(0.,0.,1.));
#5280=DIRECTION('',(1.,0.,0.));
#5281=DIRECTION('',(-1.,0.,0.));
#5282=DIRECTION('',(0.,0.,1.));
#5283=DIRECTION('',(1.,0.,0.));
#5284=DIRECTION('',(0.,0.,1.));
#5285=DIRECTION('center_axis',(0.,-1.,0.));
#5286=DIRECTION('ref_axis',(1.,0.,0.));
#5287=DIRECTION('',(0.,0.,-1.));
#5288=DIRECTION('',(1.,0.,0.));
#5289=DIRECTION('',(0.,0.,-1.));
#5290=DIRECTION('center_axis',(0.,1.,0.));
#5291=DIRECTION('ref_axis',(0.,0.,1.));
#5292=DIRECTION('',(0.919145030018058,0.,-0.393919298579168));
#5293=DIRECTION('',(0.,0.,-1.));
#5294=DIRECTION('',(1.,0.,0.));
#5295=DIRECTION('',(0.,0.,1.));
#5296=DIRECTION('',(0.919145030018058,0.,0.393919298579167));
#5297=DIRECTION('',(0.,0.,-1.));
#5298=DIRECTION('center_axis',(0.,1.,0.));
#5299=DIRECTION('ref_axis',(0.,0.,1.));
#5300=DIRECTION('',(-1.,0.,0.));
#5301=DIRECTION('',(1.,0.,0.));
#5302=DIRECTION('',(0.,0.,1.));
#5303=DIRECTION('',(-1.,0.,0.));
#5304=DIRECTION('',(0.,0.,1.));
#5305=DIRECTION('center_axis',(0.,1.,0.));
#5306=DIRECTION('ref_axis',(1.,0.,0.));
#5307=DIRECTION('',(0.,0.,-1.));
#5308=DIRECTION('',(-1.,0.,0.));
#5309=DIRECTION('',(0.,0.,-1.));
#5310=DIRECTION('center_axis',(0.,1.,0.));
#5311=DIRECTION('ref_axis',(0.,0.,1.));
#5312=DIRECTION('',(-0.176805485913009,0.,-0.98424581286946));
#5313=DIRECTION('',(-1.,0.,0.));
#5314=DIRECTION('center_axis',(0.,1.,0.));
#5315=DIRECTION('ref_axis',(0.,0.,1.));
#5316=DIRECTION('',(-1.,0.,0.));
#5317=DIRECTION('',(0.,0.,1.));
#5318=DIRECTION('',(-1.,0.,0.));
#5319=DIRECTION('',(0.,0.,1.));
#5320=DIRECTION('center_axis',(0.,1.,0.));
#5321=DIRECTION('ref_axis',(1.,0.,0.));
#5322=DIRECTION('',(0.,0.,-1.));
#5323=DIRECTION('',(-1.,0.,0.));
#5324=DIRECTION('',(0.,0.,-1.));
#5325=DIRECTION('',(-1.,0.,0.));
#5326=DIRECTION('center_axis',(1.,0.,0.));
#5327=DIRECTION('ref_axis',(0.,0.,-1.));
#5328=DIRECTION('',(0.,1.,0.));
#5329=DIRECTION('',(0.,0.,1.));
#5330=DIRECTION('',(0.,1.,0.));
#5331=DIRECTION('',(0.,0.,-1.));
#5332=DIRECTION('',(0.,1.,0.));
#5333=DIRECTION('center_axis',(1.,0.,8.953411E-16));
#5334=DIRECTION('ref_axis',(-6.33101763285023E-16,-0.707106781186547,0.707106781186548));
#5335=DIRECTION('center_axis',(-1.,5.551115E-16,-5.551115E-16));
#5336=DIRECTION('ref_axis',(-7.85046211929272E-16,-0.707106781186547,0.707106781186548));
#5337=DIRECTION('',(-1.,0.,0.));
#5338=DIRECTION('center_axis',(1.,-5.551115E-16,5.551115E-16));
#5339=DIRECTION('ref_axis',(-7.85046211929272E-16,-0.707106781186547,0.707106781186548));
#5340=DIRECTION('',(1.,0.,0.));
#5341=DIRECTION('center_axis',(-1.,0.,0.));
#5342=DIRECTION('ref_axis',(0.,0.,1.));
#5343=DIRECTION('',(0.,0.,-1.));
#5344=DIRECTION('',(0.,1.,0.));
#5345=DIRECTION('',(0.,0.,1.));
#5346=DIRECTION('center_axis',(0.,0.,1.));
#5347=DIRECTION('ref_axis',(1.,0.,0.));
#5348=DIRECTION('',(1.,0.,0.));
#5349=DIRECTION('',(0.,-1.,0.));
#5350=DIRECTION('',(-1.,0.,0.));
#5351=DIRECTION('',(1.,0.,0.));
#5352=DIRECTION('',(-1.,0.,0.));
#5353=DIRECTION('',(0.,1.,0.));
#5354=DIRECTION('',(1.,0.,0.));
#5355=DIRECTION('center_axis',(0.,-1.,0.));
#5356=DIRECTION('ref_axis',(-0.707106781186546,0.,0.707106781186549));
#5357=DIRECTION('center_axis',(0.,1.,0.));
#5358=DIRECTION('ref_axis',(-0.707106781186546,0.,0.707106781186549));
#5359=DIRECTION('center_axis',(0.,-1.,0.));
#5360=DIRECTION('ref_axis',(-0.707106781186546,0.,0.707106781186549));
#5361=DIRECTION('',(0.,-1.,0.));
#5362=DIRECTION('center_axis',(0.,-1.,0.));
#5363=DIRECTION('ref_axis',(0.,0.,-1.));
#5364=DIRECTION('',(0.,0.,-1.));
#5365=DIRECTION('',(-0.919145030018058,0.,-0.393919298579168));
#5366=DIRECTION('',(1.,0.,0.));
#5367=DIRECTION('center_axis',(-1.,0.,0.));
#5368=DIRECTION('ref_axis',(0.,0.,1.));
#5369=DIRECTION('',(0.,1.,0.));
#5370=DIRECTION('',(0.,0.,1.));
#5371=DIRECTION('',(0.,-1.,0.));
#5372=DIRECTION('',(0.,0.,1.));
#5373=DIRECTION('',(0.,-1.,0.));
#5374=DIRECTION('',(0.,0.,-1.));
#5375=DIRECTION('',(0.,1.,0.));
#5376=DIRECTION('',(0.,1.,0.));
#5377=DIRECTION('center_axis',(-1.,-1.609019E-16,-8.953411E-16));
#5378=DIRECTION('ref_axis',(-7.46876587880822E-16,0.707106781186548,0.707106781186548));
#5379=DIRECTION('center_axis',(1.,1.110223E-15,1.110223E-15));
#5380=DIRECTION('ref_axis',(-1.57009242385854E-15,0.707106781186548,0.707106781186548));
#5381=DIRECTION('center_axis',(-1.,-1.110223E-15,-1.110223E-15));
#5382=DIRECTION('ref_axis',(-1.57009242385854E-15,0.707106781186548,0.707106781186548));
#5383=DIRECTION('center_axis',(-1.,0.,0.));
#5384=DIRECTION('ref_axis',(0.,0.,1.));
#5385=DIRECTION('',(0.,0.,-1.));
#5386=DIRECTION('',(0.,-1.,0.));
#5387=DIRECTION('center_axis',(0.,1.,0.));
#5388=DIRECTION('ref_axis',(0.707106781186548,0.,0.707106781186548));
#5389=DIRECTION('center_axis',(0.,-1.,0.));
#5390=DIRECTION('ref_axis',(0.707106781186548,0.,0.707106781186548));
#5391=DIRECTION('center_axis',(0.,1.,0.));
#5392=DIRECTION('ref_axis',(0.707106781186548,0.,0.707106781186548));
#5393=DIRECTION('',(0.,1.,0.));
#5394=DIRECTION('center_axis',(0.,-1.,0.));
#5395=DIRECTION('ref_axis',(0.,0.,-1.));
#5396=DIRECTION('',(0.,0.,1.));
#5397=DIRECTION('',(1.,0.,0.));
#5398=DIRECTION('',(-0.919145030018057,0.,0.39391929857917));
#5399=DIRECTION('',(0.,0.,-1.));
#5400=DIRECTION('center_axis',(0.,0.,-1.));
#5401=DIRECTION('ref_axis',(-1.,0.,0.));
#5402=DIRECTION('',(1.,0.,0.));
#5403=DIRECTION('center_axis',(0.,-1.,0.));
#5404=DIRECTION('ref_axis',(0.,0.,1.));
#5405=DIRECTION('',(-1.,0.,0.));
#5406=DIRECTION('center_axis',(0.,1.,0.));
#5407=DIRECTION('ref_axis',(0.,0.,-1.));
#5408=DIRECTION('',(1.,0.,0.));
#5409=DIRECTION('',(1.,0.,0.));
#5410=DIRECTION('center_axis',(0.,0.,-1.));
#5411=DIRECTION('ref_axis',(-1.,0.,0.));
#5412=DIRECTION('center_axis',(-1.,0.,0.));
#5413=DIRECTION('ref_axis',(0.,0.,1.));
#5414=DIRECTION('',(0.,-1.,0.));
#5415=DIRECTION('',(0.,-1.,0.));
#5416=DIRECTION('center_axis',(-1.,0.,0.));
#5417=DIRECTION('ref_axis',(0.,0.,1.));
#5418=DIRECTION('',(0.,1.,0.));
#5419=DIRECTION('',(0.,0.,1.));
#5420=DIRECTION('',(0.,1.,0.));
#5421=DIRECTION('center_axis',(0.,0.,1.));
#5422=DIRECTION('ref_axis',(1.,0.,0.));
#5423=DIRECTION('',(1.,0.,0.));
#5424=DIRECTION('',(1.,0.,0.));
#5425=DIRECTION('center_axis',(0.,0.,1.));
#5426=DIRECTION('ref_axis',(1.,0.,0.));
#5427=DIRECTION('',(-1.,0.,0.));
#5428=DIRECTION('',(0.,1.,0.));
#5429=DIRECTION('center_axis',(0.,1.,0.));
#5430=DIRECTION('ref_axis',(0.,0.,1.));
#5431=DIRECTION('',(-1.,0.,0.));
#5432=DIRECTION('',(0.,0.,-1.));
#5433=DIRECTION('center_axis',(0.,-1.,0.));
#5434=DIRECTION('ref_axis',(0.,0.,-1.));
#5435=DIRECTION('',(-1.,0.,0.));
#5436=DIRECTION('',(0.,0.,1.));
#5437=DIRECTION('',(1.,0.,0.));
#5438=DIRECTION('center_axis',(0.,0.,1.));
#5439=DIRECTION('ref_axis',(1.,0.,0.));
#5440=DIRECTION('',(0.,1.,0.));
#5441=DIRECTION('center_axis',(1.,0.,0.));
#5442=DIRECTION('ref_axis',(0.,0.,-1.));
#5443=DIRECTION('',(0.,-1.,0.));
#5444=DIRECTION('',(0.,-1.,0.));
#5445=DIRECTION('center_axis',(1.,0.,0.));
#5446=DIRECTION('ref_axis',(0.,0.,-1.));
#5447=DIRECTION('',(0.,1.,0.));
#5448=DIRECTION('',(0.,0.,1.));
#5449=DIRECTION('',(0.,1.,0.));
#5450=DIRECTION('',(0.,1.,0.));
#5451=DIRECTION('center_axis',(0.,0.,-1.));
#5452=DIRECTION('ref_axis',(-1.,0.,0.));
#5453=DIRECTION('',(0.,1.,0.));
#5454=DIRECTION('',(-1.,0.,0.));
#5455=DIRECTION('',(0.,1.,0.));
#5456=DIRECTION('',(0.,-1.,0.));
#5457=DIRECTION('',(0.,-1.,0.));
#5458=DIRECTION('',(0.,-1.,0.));
#5459=DIRECTION('',(0.,1.,0.));
#5460=DIRECTION('',(-1.,0.,0.));
#5461=DIRECTION('center_axis',(-1.,0.,0.));
#5462=DIRECTION('ref_axis',(0.,0.,1.));
#5463=DIRECTION('',(0.,-1.,0.));
#5464=DIRECTION('',(0.,-1.,0.));
#5465=DIRECTION('center_axis',(0.,0.,1.));
#5466=DIRECTION('ref_axis',(1.,0.,0.));
#5467=DIRECTION('',(0.,-1.,0.));
#5468=DIRECTION('center_axis',(1.,0.,0.));
#5469=DIRECTION('ref_axis',(0.,0.,-1.));
#5470=DIRECTION('',(0.,-1.,0.));
#5471=DIRECTION('center_axis',(0.,0.,-1.));
#5472=DIRECTION('ref_axis',(-1.,0.,0.));
#5473=DIRECTION('center_axis',(0.,0.,1.));
#5474=DIRECTION('ref_axis',(1.,0.,0.));
#5475=DIRECTION('',(0.,-1.,0.));
#5476=DIRECTION('',(0.,-1.,0.));
#5477=DIRECTION('center_axis',(1.,0.,0.));
#5478=DIRECTION('ref_axis',(0.,0.,-1.));
#5479=DIRECTION('',(0.,-1.,0.));
#5480=DIRECTION('center_axis',(0.,0.,-1.));
#5481=DIRECTION('ref_axis',(-1.,0.,0.));
#5482=DIRECTION('',(0.,-1.,0.));
#5483=DIRECTION('center_axis',(-1.,0.,0.));
#5484=DIRECTION('ref_axis',(0.,0.,1.));
#5485=DIRECTION('center_axis',(0.393919298579167,0.,0.919145030018058));
#5486=DIRECTION('ref_axis',(0.919145030018058,0.,-0.393919298579167));
#5487=DIRECTION('',(0.919145030018058,0.,-0.393919298579167));
#5488=DIRECTION('center_axis',(0.,0.,-1.));
#5489=DIRECTION('ref_axis',(-1.,0.,0.));
#5490=DIRECTION('',(0.,-1.,0.));
#5491=DIRECTION('center_axis',(1.,0.,0.));
#5492=DIRECTION('ref_axis',(0.,0.,-1.));
#5493=DIRECTION('',(0.,-1.,0.));
#5494=DIRECTION('center_axis',(0.,-1.,0.));
#5495=DIRECTION('ref_axis',(1.,0.,0.));
#5496=DIRECTION('',(0.,-1.,0.));
#5497=DIRECTION('center_axis',(-1.,0.,0.));
#5498=DIRECTION('ref_axis',(0.,0.,1.));
#5499=DIRECTION('',(0.,-1.,0.));
#5500=DIRECTION('center_axis',(0.,0.,-1.));
#5501=DIRECTION('ref_axis',(-1.,0.,0.));
#5502=DIRECTION('',(0.,-1.,0.));
#5503=DIRECTION('center_axis',(-1.,0.,0.));
#5504=DIRECTION('ref_axis',(0.,0.,1.));
#5505=DIRECTION('center_axis',(1.,0.,0.));
#5506=DIRECTION('ref_axis',(0.,0.,-1.));
#5507=DIRECTION('',(0.,-1.,0.));
#5508=DIRECTION('center_axis',(0.,0.,-1.));
#5509=DIRECTION('ref_axis',(-1.,0.,0.));
#5510=DIRECTION('',(0.,-1.,0.));
#5511=DIRECTION('center_axis',(1.,0.,0.));
#5512=DIRECTION('ref_axis',(0.,0.,-1.));
#5513=DIRECTION('',(0.,-1.,0.));
#5514=DIRECTION('center_axis',(0.,-1.,0.));
#5515=DIRECTION('ref_axis',(1.,0.,0.));
#5516=DIRECTION('',(0.,-1.,0.));
#5517=DIRECTION('center_axis',(-1.,0.,0.));
#5518=DIRECTION('ref_axis',(0.,0.,1.));
#5519=DIRECTION('',(0.,-1.,0.));
#5520=DIRECTION('center_axis',(0.,0.,-1.));
#5521=DIRECTION('ref_axis',(-1.,0.,0.));
#5522=DIRECTION('center_axis',(-0.393919298579168,0.,0.919145030018058));
#5523=DIRECTION('ref_axis',(0.919145030018058,0.,0.393919298579168));
#5524=DIRECTION('',(0.919145030018058,0.,0.393919298579167));
#5525=DIRECTION('',(0.,-1.,0.));
#5526=DIRECTION('center_axis',(0.98424581286946,0.,-0.176805485913009));
#5527=DIRECTION('ref_axis',(-0.176805485913009,0.,-0.98424581286946));
#5528=DIRECTION('center_axis',(0.,-1.,0.));
#5529=DIRECTION('ref_axis',(0.,0.,-1.));
#5530=DIRECTION('',(0.,0.,-1.));
#5531=DIRECTION('center_axis',(1.,0.,0.));
#5532=DIRECTION('ref_axis',(0.,0.,-1.));
#5533=DIRECTION('center_axis',(0.,-1.,0.));
#5534=DIRECTION('ref_axis',(0.,0.,-1.));
#5535=DIRECTION('center_axis',(1.,0.,0.));
#5536=DIRECTION('ref_axis',(0.,0.,-1.));
#5537=DIRECTION('',(0.,0.,-1.));
#5538=DIRECTION('',(0.,1.,0.));
#5539=DIRECTION('center_axis',(-1.,0.,0.));
#5540=DIRECTION('ref_axis',(0.,0.,1.));
#5541=DIRECTION('',(0.,0.,1.));
#5542=DIRECTION('',(0.,1.,0.));
#5543=DIRECTION('center_axis',(-1.,0.,0.));
#5544=DIRECTION('ref_axis',(0.,0.,1.));
#5545=DIRECTION('',(0.,1.,0.));
#5546=DIRECTION('',(0.,0.,1.));
#5547=DIRECTION('center_axis',(0.,0.,-1.));
#5548=DIRECTION('ref_axis',(-1.,0.,0.));
#5549=DIRECTION('',(0.,1.,0.));
#5550=DIRECTION('',(-1.,0.,0.));
#5551=DIRECTION('center_axis',(-1.,0.,0.));
#5552=DIRECTION('ref_axis',(0.,0.,1.));
#5553=DIRECTION('',(0.,1.,0.));
#5554=DIRECTION('',(0.,0.,1.));
#5555=DIRECTION('center_axis',(0.,1.,0.));
#5556=DIRECTION('ref_axis',(1.,0.,0.));
#5557=DIRECTION('',(0.,1.,0.));
#5558=DIRECTION('center_axis',(0.,1.,0.));
#5559=DIRECTION('ref_axis',(1.,0.,0.));
#5560=DIRECTION('center_axis',(1.,0.,0.));
#5561=DIRECTION('ref_axis',(0.,0.,-1.));
#5562=DIRECTION('',(0.,1.,0.));
#5563=DIRECTION('',(0.,0.,-1.));
#5564=DIRECTION('center_axis',(0.,0.,-1.));
#5565=DIRECTION('ref_axis',(-1.,0.,0.));
#5566=DIRECTION('',(0.,1.,0.));
#5567=DIRECTION('',(-1.,0.,0.));
#5568=DIRECTION('center_axis',(1.,0.,0.));
#5569=DIRECTION('ref_axis',(0.,0.,-1.));
#5570=DIRECTION('',(0.,1.,0.));
#5571=DIRECTION('',(0.,0.,-1.));
#5572=DIRECTION('center_axis',(0.393919298579168,0.,0.919145030018058));
#5573=DIRECTION('ref_axis',(0.919145030018058,0.,-0.393919298579168));
#5574=DIRECTION('',(0.919145030018057,0.,-0.393919298579169));
#5575=DIRECTION('center_axis',(-0.393919298579168,0.,0.919145030018058));
#5576=DIRECTION('ref_axis',(0.919145030018058,0.,0.393919298579168));
#5577=DIRECTION('',(0.919145030018057,0.,0.393919298579169));
#5578=DIRECTION('center_axis',(0.,0.,-1.));
#5579=DIRECTION('ref_axis',(-1.,0.,0.));
#5580=DIRECTION('',(0.,1.,0.));
#5581=DIRECTION('',(-1.,0.,0.));
#5582=DIRECTION('center_axis',(-1.,0.,0.));
#5583=DIRECTION('ref_axis',(0.,0.,1.));
#5584=DIRECTION('',(0.,1.,0.));
#5585=DIRECTION('',(0.,0.,1.));
#5586=DIRECTION('center_axis',(0.,1.,0.));
#5587=DIRECTION('ref_axis',(1.,0.,0.));
#5588=DIRECTION('',(0.,1.,0.));
#5589=DIRECTION('center_axis',(0.,1.,0.));
#5590=DIRECTION('ref_axis',(1.,0.,0.));
#5591=DIRECTION('center_axis',(1.,0.,0.));
#5592=DIRECTION('ref_axis',(0.,0.,-1.));
#5593=DIRECTION('',(0.,1.,0.));
#5594=DIRECTION('',(0.,0.,-1.));
#5595=DIRECTION('center_axis',(0.,0.,-1.));
#5596=DIRECTION('ref_axis',(-1.,0.,0.));
#5597=DIRECTION('',(0.,1.,0.));
#5598=DIRECTION('',(-1.,0.,0.));
#5599=DIRECTION('center_axis',(1.,0.,0.));
#5600=DIRECTION('ref_axis',(0.,0.,-1.));
#5601=DIRECTION('',(0.,0.,-1.));
#5602=DIRECTION('center_axis',(1.,0.,0.));
#5603=DIRECTION('ref_axis',(0.,0.,-1.));
#5604=DIRECTION('',(0.,1.,0.));
#5605=DIRECTION('',(0.,0.,-1.));
#5606=DIRECTION('center_axis',(0.,0.,-1.));
#5607=DIRECTION('ref_axis',(-1.,0.,0.));
#5608=DIRECTION('',(-1.,0.,0.));
#5609=DIRECTION('center_axis',(0.,1.,0.));
#5610=DIRECTION('ref_axis',(0.,0.,1.));
#5611=CARTESIAN_POINT('',(0.,0.,0.));
#5612=CARTESIAN_POINT('Origin',(6.39999999999999,0.728593153544163,-0.999999999999988));
#5613=CARTESIAN_POINT('',(6.39999999999999,4.5,-1.49999999999999));
#5614=CARTESIAN_POINT('',(6.9,4.5,-0.999999999999989));
#5615=CARTESIAN_POINT('Origin',(6.39999999999999,4.5,-0.999999999999989));
#5616=CARTESIAN_POINT('',(6.9,3.67963549715041,-0.999999999999989));
#5617=CARTESIAN_POINT('',(6.9,4.5,-0.999999999999989));
#5618=CARTESIAN_POINT('',(6.40000000000001,3.76945324572561,-1.49999999999999));
#5619=CARTESIAN_POINT('Origin',(6.39999999999999,3.67963549715041,-0.999999999999989));
#5620=CARTESIAN_POINT('',(6.39999999999999,3.76945324572561,-1.49999999999999));
#5621=CARTESIAN_POINT('Origin',(6.9,4.5,-2.19999999999999));
#5622=CARTESIAN_POINT('',(5.7,4.5,-1.49999999999999));
#5623=CARTESIAN_POINT('',(6.39999999999999,4.5,-1.49999999999999));
#5624=CARTESIAN_POINT('',(5.7,4.5,-0.99999999999999));
#5625=CARTESIAN_POINT('',(5.7,4.5,-1.49999999999999));
#5626=CARTESIAN_POINT('',(6.39899999998083,4.5,-0.999999999999989));
#5627=CARTESIAN_POINT('',(6.39899999998083,4.5,-0.999999999999989));
#5628=CARTESIAN_POINT('',(6.40000000000001,4.5,-0.99999999999999));
#5629=CARTESIAN_POINT('',(6.40000000000001,4.5,-0.999999999999989));
#5630=CARTESIAN_POINT('',(6.4,4.5,1.110223E-14));
#5631=CARTESIAN_POINT('',(6.40000000000001,4.5,-0.99999999999999));
#5632=CARTESIAN_POINT('',(6.9,4.5,1.110223E-14));
#5633=CARTESIAN_POINT('',(6.9,4.5,1.110223E-14));
#5634=CARTESIAN_POINT('',(6.9,4.5,-0.999999999999989));
#5635=CARTESIAN_POINT('Origin',(6.89999999999999,1.45718630708833,-1.49999999999999));
#5636=CARTESIAN_POINT('',(5.6469583542261,3.90472625613917,-1.49999999999999));
#5637=CARTESIAN_POINT('',(5.6469583542261,3.90472625613917,-1.49999999999999));
#5638=CARTESIAN_POINT('Origin',(5.7,4.2,-1.49999999999999));
#5639=CARTESIAN_POINT('Origin',(6.39999999999999,0.728593153544163,-0.999999999999988));
#5640=CARTESIAN_POINT('',(6.9,2.,-0.999999999999988));
#5641=CARTESIAN_POINT('',(6.39999999999999,2.,-1.49999999999999));
#5642=CARTESIAN_POINT('Origin',(6.39999999999999,2.,-0.999999999999989));
#5643=CARTESIAN_POINT('',(6.40000000000001,2.73054675427439,-1.49999999999999));
#5644=CARTESIAN_POINT('',(6.39999999999999,2.,-1.49999999999999));
#5645=CARTESIAN_POINT('',(6.9,2.8203645028496,-0.999999999999988));
#5646=CARTESIAN_POINT('Origin',(6.39999999999999,2.8203645028496,-0.999999999999989));
#5647=CARTESIAN_POINT('',(6.9,2.8203645028496,-0.999999999999989));
#5648=CARTESIAN_POINT('Origin',(6.9,2.59527374386084,-2.25304164577389));
#5649=CARTESIAN_POINT('',(6.4,3.,1.110223E-14));
#5650=CARTESIAN_POINT('',(6.40000000000001,2.73054675427439,-1.49999999999999));
#5651=CARTESIAN_POINT('',(6.9,3.,1.110223E-14));
#5652=CARTESIAN_POINT('',(6.9,3.,1.110223E-14));
#5653=CARTESIAN_POINT('',(6.9,2.8203645028496,-0.999999999999988));
#5654=CARTESIAN_POINT('Origin',(6.89999999999999,1.45718630708833,-1.49999999999999));
#5655=CARTESIAN_POINT('',(5.7,2.,-1.49999999999999));
#5656=CARTESIAN_POINT('',(5.7,2.,-1.49999999999999));
#5657=CARTESIAN_POINT('',(5.6469583542261,2.59527374386084,-1.49999999999999));
#5658=CARTESIAN_POINT('Origin',(5.7,2.3,-1.49999999999999));
#5659=CARTESIAN_POINT('',(6.40000000000001,2.73054675427439,-1.49999999999999));
#5660=CARTESIAN_POINT('Origin',(-6.39999999999999,0.728593153544162,-0.999999999999989));
#5661=CARTESIAN_POINT('',(-6.39999999999999,2.,-1.49999999999999));
#5662=CARTESIAN_POINT('',(-6.9,2.,-0.999999999999989));
#5663=CARTESIAN_POINT('Origin',(-6.39999999999999,2.,-0.999999999999989));
#5664=CARTESIAN_POINT('',(-6.9,2.8203645028496,-0.999999999999989));
#5665=CARTESIAN_POINT('',(-6.9,2.,-0.999999999999989));
#5666=CARTESIAN_POINT('',(-6.40000000000001,2.73054675427439,-1.49999999999999));
#5667=CARTESIAN_POINT('Origin',(-6.39999999999999,2.8203645028496,-0.999999999999989));
#5668=CARTESIAN_POINT('',(-6.39999999999999,2.73054675427439,-1.49999999999999));
#5669=CARTESIAN_POINT('Origin',(-6.9,2.,9.992007E-15));
#5670=CARTESIAN_POINT('',(-5.7,2.,-1.49999999999999));
#5671=CARTESIAN_POINT('',(-6.39999999999999,2.,-1.49999999999999));
#5672=CARTESIAN_POINT('',(-5.7,2.,-0.999999999999989));
#5673=CARTESIAN_POINT('',(-5.7,2.,-1.49999999999999));
#5674=CARTESIAN_POINT('',(-6.3989999999503,2.,-0.999999999999989));
#5675=CARTESIAN_POINT('',(-6.3989999999503,2.,-0.999999999999989));
#5676=CARTESIAN_POINT('',(-6.40000000000001,2.,-0.999999999999989));
#5677=CARTESIAN_POINT('',(-6.3989999999503,2.,-0.999999999999989));
#5678=CARTESIAN_POINT('',(-6.4,2.,9.992007E-15));
#5679=CARTESIAN_POINT('',(-6.40000000000001,2.,9.992007E-15));
#5680=CARTESIAN_POINT('',(-6.9,2.,9.992007E-15));
#5681=CARTESIAN_POINT('',(-6.9,2.,9.992007E-15));
#5682=CARTESIAN_POINT('',(-6.9,2.,9.992007E-15));
#5683=CARTESIAN_POINT('Origin',(-6.89999999999999,1.45718630708833,-1.49999999999999));
#5684=CARTESIAN_POINT('',(-5.6469583542261,2.59527374386084,-1.49999999999999));
#5685=CARTESIAN_POINT('',(-6.40000000000001,2.73054675427439,-1.49999999999999));
#5686=CARTESIAN_POINT('Origin',(-5.7,2.3,-1.49999999999999));
#5687=CARTESIAN_POINT('Origin',(2.75868526972752,6.,-0.99999999999999));
#5688=CARTESIAN_POINT('',(0.519453245725607,6.,-1.49999999999999));
#5689=CARTESIAN_POINT('',(0.429635497150404,6.5,-0.999999999999989));
#5690=CARTESIAN_POINT('Origin',(0.429635497150404,6.,-0.999999999999989));
#5691=CARTESIAN_POINT('',(1.25,6.5,-0.999999999999989));
#5692=CARTESIAN_POINT('',(0.429635497150404,6.5,-0.999999999999989));
#5693=CARTESIAN_POINT('',(1.25,6.,-1.49999999999999));
#5694=CARTESIAN_POINT('Origin',(1.25,6.,-0.999999999999989));
#5695=CARTESIAN_POINT('',(1.25,6.,-1.49999999999999));
#5696=CARTESIAN_POINT('Origin',(0.654726256139163,6.5,-2.2530416457739));
#5697=CARTESIAN_POINT('',(0.249999999999999,6.,3.330669E-15));
#5698=CARTESIAN_POINT('',(0.519453245725607,6.,-1.49999999999999));
#5699=CARTESIAN_POINT('',(0.249999999999999,6.5,3.330669E-15));
#5700=CARTESIAN_POINT('',(0.249999999999999,6.5,3.330669E-15));
#5701=CARTESIAN_POINT('',(0.429635497150404,6.5,-0.999999999999989));
#5702=CARTESIAN_POINT('Origin',(-1.38262946054496,6.5,-1.49999999999999));
#5703=CARTESIAN_POINT('',(1.25,5.3,-1.49999999999999));
#5704=CARTESIAN_POINT('',(1.25,5.3,-1.49999999999999));
#5705=CARTESIAN_POINT('',(0.654726256139162,5.2469583542261,-1.49999999999999));
#5706=CARTESIAN_POINT('Origin',(0.950000000000001,5.3,-1.49999999999999));
#5707=CARTESIAN_POINT('',(0.654726256139162,5.2469583542261,-1.49999999999999));
#5708=CARTESIAN_POINT('Origin',(2.75868526972752,6.,-0.99999999999999));
#5709=CARTESIAN_POINT('',(-1.25,6.,-1.49999999999999));
#5710=CARTESIAN_POINT('',(-1.25,6.5,-0.999999999999989));
#5711=CARTESIAN_POINT('Origin',(-1.25,6.,-0.999999999999989));
#5712=CARTESIAN_POINT('',(-0.429635497150404,6.5,-0.999999999999989));
#5713=CARTESIAN_POINT('',(-1.25,6.5,-0.999999999999989));
#5714=CARTESIAN_POINT('',(-0.519453245725606,6.,-1.49999999999999));
#5715=CARTESIAN_POINT('Origin',(-0.429635497150405,6.,-0.999999999999989));
#5716=CARTESIAN_POINT('',(-0.519453245725606,6.,-1.49999999999999));
#5717=CARTESIAN_POINT('Origin',(-1.25,6.5,-2.2));
#5718=CARTESIAN_POINT('',(-1.25,5.3,-1.49999999999999));
#5719=CARTESIAN_POINT('',(-1.25,5.3,-1.49999999999999));
#5720=CARTESIAN_POINT('',(-1.25,5.3,-0.999999999999988));
#5721=CARTESIAN_POINT('',(-1.25,5.3,-1.49999999999999));
#5722=CARTESIAN_POINT('',(-1.25,5.9989999999045,-0.999999999999989));
#5723=CARTESIAN_POINT('',(-1.25,5.9989999999045,-0.999999999999989));
#5724=CARTESIAN_POINT('',(-1.25,6.,-0.999999999999988));
#5725=CARTESIAN_POINT('',(-1.25,5.9989999999045,-0.999999999999989));
#5726=CARTESIAN_POINT('',(-1.25,6.,-1.110223E-15));
#5727=CARTESIAN_POINT('',(-1.25,6.,-0.999999999999988));
#5728=CARTESIAN_POINT('',(-1.25,6.5,-1.110223E-15));
#5729=CARTESIAN_POINT('',(-1.25,6.5,-1.110223E-15));
#5730=CARTESIAN_POINT('',(-1.25,6.5,-0.999999999999988));
#5731=CARTESIAN_POINT('Origin',(-1.38262946054496,6.5,-1.49999999999999));
#5732=CARTESIAN_POINT('',(-0.654726256139162,5.2469583542261,-1.49999999999999));
#5733=CARTESIAN_POINT('',(-0.519453245725606,6.,-1.49999999999999));
#5734=CARTESIAN_POINT('Origin',(-0.95,5.3,-1.49999999999999));
#5735=CARTESIAN_POINT('Origin',(-6.39999999999999,0.728593153544162,-0.999999999999989));
#5736=CARTESIAN_POINT('',(-6.9,4.5,-0.999999999999989));
#5737=CARTESIAN_POINT('',(-6.39999999999999,4.5,-1.49999999999999));
#5738=CARTESIAN_POINT('Origin',(-6.39999999999999,4.5,-0.999999999999989));
#5739=CARTESIAN_POINT('',(-6.40000000000001,3.76945324572561,-1.49999999999999));
#5740=CARTESIAN_POINT('',(-6.39999999999999,4.5,-1.49999999999999));
#5741=CARTESIAN_POINT('',(-6.9,3.67963549715041,-0.999999999999989));
#5742=CARTESIAN_POINT('Origin',(-6.39999999999999,3.67963549715041,-0.999999999999989));
#5743=CARTESIAN_POINT('',(-6.9,3.67963549715041,-0.999999999999989));
#5744=CARTESIAN_POINT('Origin',(-6.9,3.5,1.110223E-14));
#5745=CARTESIAN_POINT('',(-6.4,3.5,1.110223E-14));
#5746=CARTESIAN_POINT('',(-6.40000000000001,3.5,1.110223E-14));
#5747=CARTESIAN_POINT('',(-6.9,3.5,1.110223E-14));
#5748=CARTESIAN_POINT('',(-6.9,3.5,1.110223E-14));
#5749=CARTESIAN_POINT('',(-6.9,3.5,1.110223E-14));
#5750=CARTESIAN_POINT('Origin',(-6.89999999999999,1.45718630708833,-1.49999999999999));
#5751=CARTESIAN_POINT('',(-5.7,4.5,-1.49999999999999));
#5752=CARTESIAN_POINT('',(-5.7,4.5,-1.49999999999999));
#5753=CARTESIAN_POINT('',(-5.6469583542261,3.90472625613917,-1.49999999999999));
#5754=CARTESIAN_POINT('Origin',(-5.7,4.2,-1.49999999999999));
#5755=CARTESIAN_POINT('',(-5.6469583542261,3.90472625613917,-1.49999999999999));
#5756=CARTESIAN_POINT('Origin',(0.917325171234972,5.57248922070267,-0.99999999999999));
#5757=CARTESIAN_POINT('',(1.25,5.99899999993503,-0.999999999999989));
#5758=CARTESIAN_POINT('',(0.519632881236031,5.99899999992611,-0.999999999999989));
#5759=CARTESIAN_POINT('',(1.25,5.99899999993503,-0.999999999999989));
#5760=CARTESIAN_POINT('',(1.25,6.,-0.99999999999999));
#5761=CARTESIAN_POINT('',(1.25,6.,-0.999999999999989));
#5762=CARTESIAN_POINT('',(0.519453245725607,6.,-0.99999999999999));
#5763=CARTESIAN_POINT('',(0.519453245725607,6.,-0.99999999999999));
#5764=CARTESIAN_POINT('',(0.519632881236031,5.99899999992611,-0.999999999999989));
#5765=CARTESIAN_POINT('Origin',(0.950000000000001,5.3,-1.49999999999999));
#5766=CARTESIAN_POINT('',(0.654726256139162,5.2469583542261,-0.99999999999999));
#5767=CARTESIAN_POINT('',(1.25,5.3,-0.99999999999999));
#5768=CARTESIAN_POINT('Origin',(0.950000000000001,5.3,-0.999999999999989));
#5769=CARTESIAN_POINT('',(0.654726256139162,5.2469583542261,-1.49999999999999));
#5770=CARTESIAN_POINT('',(1.25,5.3,-1.49999999999999));
#5771=CARTESIAN_POINT('Origin',(0.654726256139162,5.2469583542261,-1.49999999999999));
#5772=CARTESIAN_POINT('',(0.519632881236031,5.99899999992611,-0.999999999999989));
#5773=CARTESIAN_POINT('',(0.519453245725608,6.,-1.49999999999999));
#5774=CARTESIAN_POINT('Origin',(-0.95,5.3,-1.49999999999999));
#5775=CARTESIAN_POINT('',(-0.654726256139162,5.2469583542261,-0.999999999999988));
#5776=CARTESIAN_POINT('Origin',(-0.95,5.3,-0.999999999999989));
#5777=CARTESIAN_POINT('',(-0.654726256139162,5.2469583542261,-1.49999999999999));
#5778=CARTESIAN_POINT('Origin',(-0.519453245725606,6.,-1.49999999999999));
#5779=CARTESIAN_POINT('',(-0.519453245725606,6.,-0.999999999999988));
#5780=CARTESIAN_POINT('',(-0.519632881238309,5.99899999991342,-0.999999999999989));
#5781=CARTESIAN_POINT('',(-0.519453245725606,6.,-0.999999999999989));
#5782=CARTESIAN_POINT('',(-0.654726256139162,5.2469583542261,-0.999999999999989));
#5783=CARTESIAN_POINT('',(-0.519453245725606,6.,-0.999999999999988));
#5784=CARTESIAN_POINT('Origin',(-0.91732517123497,5.57248922070267,-0.999999999999988));
#5785=CARTESIAN_POINT('',(-0.519632881238309,5.99899999991342,-0.999999999999989));
#5786=CARTESIAN_POINT('',(-1.25,6.,-0.999999999999988));
#5787=CARTESIAN_POINT('Origin',(-1.042887E-11,3.24999999999324,-0.999999999999989));
#5788=CARTESIAN_POINT('',(1.25,5.3,-0.999999999999989));
#5789=CARTESIAN_POINT('',(1.29999999992674,5.99899999993564,-0.999999999999989));
#5790=CARTESIAN_POINT('',(1.29999999992674,5.99899999993564,-0.999999999999989));
#5791=CARTESIAN_POINT('',(1.29999999992063,6.49899999995482,-0.999999999999989));
#5792=CARTESIAN_POINT('',(1.29999999992063,6.49899999995482,-0.999999999999989));
#5793=CARTESIAN_POINT('',(4.99899999999794,6.49899999999999,-0.999999999999989));
#5794=CARTESIAN_POINT('',(4.99899999999794,6.49899999999999,-0.999999999999989));
#5795=CARTESIAN_POINT('',(4.99900000000405,5.99899999998082,-0.999999999999989));
#5796=CARTESIAN_POINT('',(4.99900000000405,5.99899999998082,-0.999999999999989));
#5797=CARTESIAN_POINT('',(6.39899999999792,5.99899999999791,-0.999999999999989));
#5798=CARTESIAN_POINT('',(6.39899999999792,5.99899999999791,-0.999999999999989));
#5799=CARTESIAN_POINT('',(6.39899999999793,5.99799999999791,-0.999999999999989));
#5800=CARTESIAN_POINT('',(6.39899999999793,5.99799999999791,-0.999999999999989));
#5801=CARTESIAN_POINT('',(6.89899999998171,5.99800000000402,-0.999999999999989));
#5802=CARTESIAN_POINT('',(6.89899999998171,5.99800000000402,-0.999999999999989));
#5803=CARTESIAN_POINT('',(6.89899999999939,4.550000000002,-0.999999999999989));
#5804=CARTESIAN_POINT('',(6.89899999999939,4.550000000002,-0.999999999999989));
#5805=CARTESIAN_POINT('',(6.39899999998022,4.5499999999959,-0.999999999999989));
#5806=CARTESIAN_POINT('',(6.39899999998022,4.5499999999959,-0.999999999999989));
#5807=CARTESIAN_POINT('',(6.39899999998083,4.5,-0.999999999999989));
#5808=CARTESIAN_POINT('',(5.6469583542261,3.90472625613917,-0.99999999999999));
#5809=CARTESIAN_POINT('Origin',(5.7,4.2,-0.999999999999989));
#5810=CARTESIAN_POINT('',(6.39899999998975,3.7696328812246,-0.999999999999989));
#5811=CARTESIAN_POINT('',(5.6469583542261,3.90472625613917,-0.999999999999989));
#5812=CARTESIAN_POINT('',(6.39900000000244,2.73036711877768,-0.999999999999989));
#5813=CARTESIAN_POINT('',(6.39900000000244,2.73036711877768,-0.999999999999989));
#5814=CARTESIAN_POINT('',(5.6469583542261,2.59527374386084,-0.999999999999989));
#5815=CARTESIAN_POINT('',(6.39900000000245,2.73036711877768,-0.999999999999989));
#5816=CARTESIAN_POINT('',(5.7,2.,-0.999999999999989));
#5817=CARTESIAN_POINT('Origin',(5.7,2.3,-0.999999999999989));
#5818=CARTESIAN_POINT('',(6.39900000001136,2.,-0.999999999999989));
#5819=CARTESIAN_POINT('',(5.7,2.,-0.999999999999989));
#5820=CARTESIAN_POINT('',(6.39900000001198,1.9499999999959,-0.999999999999989));
#5821=CARTESIAN_POINT('',(6.39900000001198,1.9499999999959,-0.999999999999989));
#5822=CARTESIAN_POINT('',(6.8989999999823,1.950000000002,-0.999999999999989));
#5823=CARTESIAN_POINT('',(6.8989999999823,1.950000000002,-0.999999999999989));
#5824=CARTESIAN_POINT('',(6.89899999999998,0.501999999999988,-0.999999999999989));
#5825=CARTESIAN_POINT('',(6.89899999999998,0.501999999999988,-0.999999999999989));
#5826=CARTESIAN_POINT('',(6.39899999999998,0.501999999993882,-0.999999999999989));
#5827=CARTESIAN_POINT('',(6.39899999999998,0.501999999993882,-0.999999999999989));
#5828=CARTESIAN_POINT('',(6.39899999999999,0.501000000017085,-0.999999999999989));
#5829=CARTESIAN_POINT('',(6.39899999999999,0.501000000017085,-0.999999999999989));
#5830=CARTESIAN_POINT('',(4.99899999999389,0.500999999999988,-0.999999999999989));
#5831=CARTESIAN_POINT('',(4.99899999999389,0.500999999999988,-0.999999999999989));
#5832=CARTESIAN_POINT('',(4.99899999999999,0.000999999999988,-0.999999999999989));
#5833=CARTESIAN_POINT('',(4.99899999999999,0.000999999999988,-0.999999999999989));
#5834=CARTESIAN_POINT('',(1.29999999999999,0.000999999954814,-0.999999999999989));
#5835=CARTESIAN_POINT('',(1.29999999999999,0.000999999954814,-0.999999999999989));
#5836=CARTESIAN_POINT('',(1.29999999999388,0.500999999954814,-0.999999999999989));
#5837=CARTESIAN_POINT('',(1.29999999999388,0.500999999954814,-0.999999999999989));
#5838=CARTESIAN_POINT('',(-1.30000000000612,0.500999999923062,-0.999999999999989));
#5839=CARTESIAN_POINT('',(-1.30000000000612,0.500999999923062,-0.999999999999989));
#5840=CARTESIAN_POINT('',(-1.30000000000001,0.001000000019758,-0.999999999999989));
#5841=CARTESIAN_POINT('',(-1.30000000000001,0.001000000019758,-0.999999999999989));
#5842=CARTESIAN_POINT('',(-4.99900000000001,0.001,-0.999999999999989));
#5843=CARTESIAN_POINT('',(-4.99900000000001,0.000999999997491,-0.999999999999989));
#5844=CARTESIAN_POINT('',(-4.99900000000001,0.501,-0.999999999999989));
#5845=CARTESIAN_POINT('',(-4.99900000000001,0.501,-0.999999999999989));
#5846=CARTESIAN_POINT('',(-6.39900000000003,0.501,-0.999999999999989));
#5847=CARTESIAN_POINT('',(-6.39900000000003,0.501,-0.999999999999989));
#5848=CARTESIAN_POINT('',(-6.39900000000003,0.502000000000001,-0.999999999999989));
#5849=CARTESIAN_POINT('',(-6.39900000000003,0.502000000000001,-0.999999999999989));
#5850=CARTESIAN_POINT('',(-6.89899999999999,0.502000000000001,-0.999999999999989));
#5851=CARTESIAN_POINT('',(-6.89899999999999,0.502000000000001,-0.999999999999989));
#5852=CARTESIAN_POINT('',(-6.89899999999999,1.9499999998335,-0.999999999999989));
#5853=CARTESIAN_POINT('',(-6.89899999999999,1.9499999998335,-0.999999999999989));
#5854=CARTESIAN_POINT('',(-6.39899999994969,1.9499999998396,-0.999999999999989));
#5855=CARTESIAN_POINT('',(-6.39899999994969,1.9499999998396,-0.999999999999989));
#5856=CARTESIAN_POINT('',(-6.3989999999503,2.,-0.999999999999989));
#5857=CARTESIAN_POINT('',(-5.6469583542261,2.59527374386084,-0.999999999999989));
#5858=CARTESIAN_POINT('Origin',(-5.7,2.3,-0.999999999999989));
#5859=CARTESIAN_POINT('',(-6.39899999995922,2.73036711876992,-0.999999999999989));
#5860=CARTESIAN_POINT('',(-5.6469583542261,2.59527374386084,-0.999999999999989));
#5861=CARTESIAN_POINT('',(-6.39899999997191,3.76963288122781,-0.999999999999989));
#5862=CARTESIAN_POINT('',(-6.39899999997191,3.76963288122781,-0.999999999999989));
#5863=CARTESIAN_POINT('',(-5.6469583542261,3.90472625613917,-0.99999999999999));
#5864=CARTESIAN_POINT('',(-6.39899999997191,3.76963288122781,-0.999999999999989));
#5865=CARTESIAN_POINT('',(-5.7,4.5,-0.99999999999999));
#5866=CARTESIAN_POINT('Origin',(-5.7,4.2,-0.999999999999989));
#5867=CARTESIAN_POINT('',(-6.39899999998083,4.5,-0.999999999999989));
#5868=CARTESIAN_POINT('',(-5.7,4.5,-0.999999999999989));
#5869=CARTESIAN_POINT('',(-6.39899999998145,4.5499999998396,-0.999999999999989));
#5870=CARTESIAN_POINT('',(-6.39899999998145,4.5499999998396,-0.999999999999989));
#5871=CARTESIAN_POINT('',(-6.89900000000062,4.5499999998335,-0.999999999999989));
#5872=CARTESIAN_POINT('',(-6.89900000000062,4.5499999998335,-0.999999999999989));
#5873=CARTESIAN_POINT('',(-6.8990000000183,5.99800000000001,-0.999999999999989));
#5874=CARTESIAN_POINT('',(-6.8990000000183,5.99800000000001,-0.999999999999989));
#5875=CARTESIAN_POINT('',(-6.39899999999998,5.99800000000612,-0.999999999999989));
#5876=CARTESIAN_POINT('',(-6.39899999999998,5.99800000000612,-0.999999999999989));
#5877=CARTESIAN_POINT('',(-6.39899999999999,5.99899999998291,-0.999999999999989));
#5878=CARTESIAN_POINT('',(-6.39899999999999,5.99899999998291,-0.999999999999989));
#5879=CARTESIAN_POINT('',(-4.99899999999389,5.99900000000001,-0.999999999999989));
#5880=CARTESIAN_POINT('',(-4.99899999999389,5.99900000000001,-0.999999999999989));
#5881=CARTESIAN_POINT('',(-4.99899999999999,6.49899999995422,-0.999999999999989));
#5882=CARTESIAN_POINT('',(-4.99899999999999,6.49899999995422,-0.999999999999989));
#5883=CARTESIAN_POINT('',(-1.30000000007937,6.49899999999939,-0.999999999999989));
#5884=CARTESIAN_POINT('',(-1.30000000007937,6.49899999999939,-0.999999999999989));
#5885=CARTESIAN_POINT('',(-1.30000000007326,5.99899999990389,-0.999999999999989));
#5886=CARTESIAN_POINT('',(-1.30000000007326,5.99899999990389,-0.999999999999989));
#5887=CARTESIAN_POINT('',(-1.25,5.9989999999045,-0.999999999999989));
#5888=CARTESIAN_POINT('',(0.519632881236031,5.99899999992611,-0.999999999999989));
#5889=CARTESIAN_POINT('',(0.249999999999999,4.7,-0.999999999999989));
#5890=CARTESIAN_POINT('',(-0.250000000000001,4.7,-0.999999999999989));
#5891=CARTESIAN_POINT('',(0.249999999999999,4.7,-0.999999999999989));
#5892=CARTESIAN_POINT('',(-0.250000000000001,4.3,-0.999999999999989));
#5893=CARTESIAN_POINT('',(-0.250000000000001,4.7,-0.999999999999989));
#5894=CARTESIAN_POINT('',(0.249999999999999,4.3,-0.999999999999989));
#5895=CARTESIAN_POINT('',(-0.250000000000001,4.3,-0.999999999999989));
#5896=CARTESIAN_POINT('',(0.249999999999999,4.3,-0.999999999999989));
#5897=CARTESIAN_POINT('',(-3.75,4.7,-0.999999999999989));
#5898=CARTESIAN_POINT('',(-4.25,4.7,-0.999999999999989));
#5899=CARTESIAN_POINT('',(-3.75,4.7,-0.999999999999989));
#5900=CARTESIAN_POINT('',(-4.25,4.3,-0.999999999999989));
#5901=CARTESIAN_POINT('',(-4.25,4.7,-0.999999999999989));
#5902=CARTESIAN_POINT('',(-3.75,4.3,-0.999999999999989));
#5903=CARTESIAN_POINT('',(-4.25,4.3,-0.999999999999989));
#5904=CARTESIAN_POINT('',(-3.75,4.3,-0.999999999999989));
#5905=CARTESIAN_POINT('',(4.25,4.7,-0.999999999999989));
#5906=CARTESIAN_POINT('',(3.75,4.7,-0.999999999999989));
#5907=CARTESIAN_POINT('',(4.25,4.7,-0.999999999999989));
#5908=CARTESIAN_POINT('',(3.75,4.3,-0.999999999999989));
#5909=CARTESIAN_POINT('',(3.75,4.7,-0.999999999999989));
#5910=CARTESIAN_POINT('',(4.25,4.3,-0.999999999999989));
#5911=CARTESIAN_POINT('',(3.75,4.3,-0.999999999999989));
#5912=CARTESIAN_POINT('',(4.25,4.3,-0.999999999999989));
#5913=CARTESIAN_POINT('Origin',(-1.279359E-15,6.,1.08726247976249));
#5914=CARTESIAN_POINT('',(1.25,6.,4.440892E-15));
#5915=CARTESIAN_POINT('',(1.25,6.,4.440892E-15));
#5916=CARTESIAN_POINT('',(1.25,6.,-1.914124E-14));
#5917=CARTESIAN_POINT('Origin',(1.25,6.5,4.440892E-15));
#5918=CARTESIAN_POINT('',(1.25,6.5,4.440892E-15));
#5919=CARTESIAN_POINT('',(1.25,6.5,4.440892E-15));
#5920=CARTESIAN_POINT('',(1.25,6.5,4.440892E-15));
#5921=CARTESIAN_POINT('Origin',(6.9,6.5,6.00000000000001));
#5922=CARTESIAN_POINT('',(-0.250000000000001,6.5,3.330669E-15));
#5923=CARTESIAN_POINT('',(0.249999999999999,6.5,-3.23442E-16));
#5924=CARTESIAN_POINT('',(-0.250000000000001,6.5,3.268415E-15));
#5925=CARTESIAN_POINT('',(-5.00000000000001,6.5,3.330669E-15));
#5926=CARTESIAN_POINT('',(-1.25,6.5,-2.09286E-16));
#5927=CARTESIAN_POINT('',(-5.00000000000001,6.5,-2.5));
#5928=CARTESIAN_POINT('',(-5.00000000000001,6.5,3.330669E-15));
#5929=CARTESIAN_POINT('',(-5.60000000000001,6.5,-2.5));
#5930=CARTESIAN_POINT('',(-5.00000000000001,6.5,-2.5));
#5931=CARTESIAN_POINT('',(-5.6,6.5,-5.6));
#5932=CARTESIAN_POINT('',(-5.60000000000001,6.5,-2.5));
#5933=CARTESIAN_POINT('',(-6.4,6.5,-5.6));
#5934=CARTESIAN_POINT('Origin',(-6.00000000000001,6.5,-5.6));
#5935=CARTESIAN_POINT('',(-6.4,6.5,-2.5));
#5936=CARTESIAN_POINT('',(-6.4,6.5,-5.6));
#5937=CARTESIAN_POINT('',(-6.9,6.5,-2.5));
#5938=CARTESIAN_POINT('',(-6.4,6.5,-2.5));
#5939=CARTESIAN_POINT('',(-6.9,6.5,5.));
#5940=CARTESIAN_POINT('',(-6.9,6.5,-2.5));
#5941=CARTESIAN_POINT('',(-6.19999999999999,6.5,5.3));
#5942=CARTESIAN_POINT('',(-6.9,6.5,5.));
#5943=CARTESIAN_POINT('',(-6.19999999999999,6.5,5.5));
#5944=CARTESIAN_POINT('',(-6.19999999999999,6.5,5.3));
#5945=CARTESIAN_POINT('',(6.20000000000001,6.5,5.50000000000001));
#5946=CARTESIAN_POINT('',(6.20000000000001,6.5,5.50000000000001));
#5947=CARTESIAN_POINT('',(6.19999999999999,6.5,5.3));
#5948=CARTESIAN_POINT('',(6.20000000000001,6.5,5.50000000000001));
#5949=CARTESIAN_POINT('',(6.89999999999999,6.5,5.));
#5950=CARTESIAN_POINT('',(6.19999999999999,6.5,5.3));
#5951=CARTESIAN_POINT('',(6.89999999999999,6.5,-2.5));
#5952=CARTESIAN_POINT('',(6.89999999999999,6.5,5.));
#5953=CARTESIAN_POINT('',(6.4,6.5,-2.5));
#5954=CARTESIAN_POINT('',(6.89999999999999,6.5,-2.5));
#5955=CARTESIAN_POINT('',(6.4,6.5,-5.6));
#5956=CARTESIAN_POINT('',(6.4,6.5,-2.5));
#5957=CARTESIAN_POINT('',(5.6,6.5,-5.6));
#5958=CARTESIAN_POINT('Origin',(6.,6.5,-5.6));
#5959=CARTESIAN_POINT('',(5.6,6.5,-2.5));
#5960=CARTESIAN_POINT('',(5.6,6.5,-5.6));
#5961=CARTESIAN_POINT('',(5.,6.5,-2.5));
#5962=CARTESIAN_POINT('',(5.6,6.5,-2.5));
#5963=CARTESIAN_POINT('',(5.,6.5,3.330669E-15));
#5964=CARTESIAN_POINT('',(5.,6.5,-2.5));
#5965=CARTESIAN_POINT('',(5.,6.5,-6.84936E-16));
#5966=CARTESIAN_POINT('',(2.34999999999999,6.5,4.90000000000001));
#5967=CARTESIAN_POINT('',(1.74999999999999,6.5,4.90000000000001));
#5968=CARTESIAN_POINT('',(2.34999999999999,6.5,4.90000000000001));
#5969=CARTESIAN_POINT('',(1.74999999999999,6.5,2.90000000000001));
#5970=CARTESIAN_POINT('',(1.74999999999999,6.5,4.90000000000001));
#5971=CARTESIAN_POINT('',(2.34999999999999,6.5,2.90000000000001));
#5972=CARTESIAN_POINT('',(1.74999999999999,6.5,2.90000000000001));
#5973=CARTESIAN_POINT('',(2.35,6.5,2.90000000000001));
#5974=CARTESIAN_POINT('',(-2.35,6.5,4.9));
#5975=CARTESIAN_POINT('',(-2.35,6.5,2.9));
#5976=CARTESIAN_POINT('',(-2.35,6.5,4.9));
#5977=CARTESIAN_POINT('',(-1.75,6.5,2.9));
#5978=CARTESIAN_POINT('',(-2.35,6.5,2.9));
#5979=CARTESIAN_POINT('',(-1.75000000000001,6.5,4.9));
#5980=CARTESIAN_POINT('',(-1.75,6.5,2.9));
#5981=CARTESIAN_POINT('',(-1.75000000000001,6.5,4.9));
#5982=CARTESIAN_POINT('Origin',(5.7,4.2,-1.49999999999999));
#5983=CARTESIAN_POINT('',(5.6469583542261,3.90472625613917,-1.49999999999999));
#5984=CARTESIAN_POINT('Origin',(5.6469583542261,3.90472625613917,-1.49999999999999));
#5985=CARTESIAN_POINT('',(6.40000000000001,3.76945324572561,-0.99999999999999));
#5986=CARTESIAN_POINT('',(6.4,3.76945324572561,-0.99999999999999));
#5987=CARTESIAN_POINT('',(6.39899999998975,3.7696328812246,-0.999999999999989));
#5988=CARTESIAN_POINT('Origin',(5.97248922070268,4.16732517123497,-0.99999999999999));
#5989=CARTESIAN_POINT('',(6.39899999998975,3.7696328812246,-0.999999999999989));
#5990=CARTESIAN_POINT('',(6.4,4.5,-0.99999999999999));
#5991=CARTESIAN_POINT('Origin',(6.40000000000001,2.73054675427439,-1.49999999999999));
#5992=CARTESIAN_POINT('',(6.40000000000001,2.73054675427439,-0.999999999999989));
#5993=CARTESIAN_POINT('',(6.40000000000001,2.73054675427439,-0.999999999999989));
#5994=CARTESIAN_POINT('',(6.4,2.73054675427439,-1.49999999999999));
#5995=CARTESIAN_POINT('',(5.6469583542261,2.59527374386084,-1.49999999999999));
#5996=CARTESIAN_POINT('Origin',(5.7,2.3,-1.49999999999999));
#5997=CARTESIAN_POINT('',(5.7,2.,-1.49999999999999));
#5998=CARTESIAN_POINT('Origin',(5.97248922070267,2.33267482876503,-0.999999999999989));
#5999=CARTESIAN_POINT('',(6.39900000001136,2.,-0.999999999999989));
#6000=CARTESIAN_POINT('',(6.40000000000001,2.,-0.999999999999989));
#6001=CARTESIAN_POINT('',(6.39900000001136,2.,-0.999999999999989));
#6002=CARTESIAN_POINT('',(6.4,2.73054675427439,-0.999999999999989));
#6003=CARTESIAN_POINT('Origin',(6.4,3.25,1.50419042692482));
#6004=CARTESIAN_POINT('',(6.4,3.5,1.110223E-14));
#6005=CARTESIAN_POINT('',(6.40000000000001,3.5,1.110223E-14));
#6006=CARTESIAN_POINT('',(6.4,3.5,-3.743306E-14));
#6007=CARTESIAN_POINT('Origin',(6.4,3.25,1.50419042692482));
#6008=CARTESIAN_POINT('',(6.4,2.,9.992007E-15));
#6009=CARTESIAN_POINT('',(6.40000000000001,2.,9.992007E-15));
#6010=CARTESIAN_POINT('',(6.40000000000001,2.,-3.743306E-14));
#6011=CARTESIAN_POINT('Origin',(6.9,2.,9.992007E-15));
#6012=CARTESIAN_POINT('',(6.9,2.,9.992007E-15));
#6013=CARTESIAN_POINT('',(6.9,2.,9.992007E-15));
#6014=CARTESIAN_POINT('',(6.9,2.,9.992007E-15));
#6015=CARTESIAN_POINT('Origin',(6.9,3.5,1.110223E-14));
#6016=CARTESIAN_POINT('',(6.9,3.5,1.110223E-14));
#6017=CARTESIAN_POINT('',(6.9,3.5,1.110223E-14));
#6018=CARTESIAN_POINT('',(6.9,3.5,1.110223E-14));
#6019=CARTESIAN_POINT('Origin',(-5.97248922070268,4.16732517123497,-0.99999999999999));
#6020=CARTESIAN_POINT('',(-6.39899999998084,4.5,-0.999999999999989));
#6021=CARTESIAN_POINT('',(-6.40000000000001,4.5,-0.99999999999999));
#6022=CARTESIAN_POINT('',(-6.40000000000001,4.5,-0.999999999999989));
#6023=CARTESIAN_POINT('',(-6.40000000000001,3.76945324572561,-0.99999999999999));
#6024=CARTESIAN_POINT('',(-6.4,3.76945324572561,-0.99999999999999));
#6025=CARTESIAN_POINT('',(-6.39899999997191,3.76963288122781,-0.999999999999989));
#6026=CARTESIAN_POINT('Origin',(-5.7,4.2,-1.49999999999999));
#6027=CARTESIAN_POINT('',(-5.6469583542261,3.90472625613917,-1.49999999999999));
#6028=CARTESIAN_POINT('',(-5.7,4.5,-1.49999999999999));
#6029=CARTESIAN_POINT('Origin',(-5.6469583542261,3.90472625613917,-1.49999999999999));
#6030=CARTESIAN_POINT('',(-6.4,3.76945324572561,-1.49999999999999));
#6031=CARTESIAN_POINT('Origin',(-5.97248922070267,2.33267482876503,-0.999999999999989));
#6032=CARTESIAN_POINT('',(-6.39899999995922,2.73036711876992,-0.999999999999989));
#6033=CARTESIAN_POINT('',(-6.40000000000001,2.73054675427439,-0.999999999999989));
#6034=CARTESIAN_POINT('',(-6.40000000000001,2.73054675427439,-0.999999999999989));
#6035=CARTESIAN_POINT('',(-6.4,2.,-0.999999999999989));
#6036=CARTESIAN_POINT('Origin',(-6.40000000000001,2.73054675427439,-1.49999999999999));
#6037=CARTESIAN_POINT('',(-5.6469583542261,2.59527374386084,-1.49999999999999));
#6038=CARTESIAN_POINT('',(-6.4,2.73054675427439,-0.999999999999989));
#6039=CARTESIAN_POINT('Origin',(-5.7,2.3,-1.49999999999999));
#6040=CARTESIAN_POINT('Origin',(-6.4,3.25,1.50419042692482));
#6041=CARTESIAN_POINT('',(-6.4,4.5,1.110223E-14));
#6042=CARTESIAN_POINT('',(-6.40000000000001,4.5,-0.99999999999999));
#6043=CARTESIAN_POINT('',(-6.4,4.5,8.012146E-15));
#6044=CARTESIAN_POINT('Origin',(-6.9,4.5,-2.19999999999999));
#6045=CARTESIAN_POINT('',(-6.9,4.5,1.110223E-14));
#6046=CARTESIAN_POINT('',(-6.9,4.5,-0.999999999999989));
#6047=CARTESIAN_POINT('',(-6.9,4.5,1.110223E-14));
#6048=CARTESIAN_POINT('Origin',(-6.4,3.25,1.50419042692482));
#6049=CARTESIAN_POINT('',(-6.4,3.,1.110223E-14));
#6050=CARTESIAN_POINT('',(-6.40000000000001,2.73054675427439,-1.49999999999999));
#6051=CARTESIAN_POINT('',(-6.4,3.,8.012146E-15));
#6052=CARTESIAN_POINT('Origin',(-6.9,2.59527374386084,-2.25304164577389));
#6053=CARTESIAN_POINT('',(-6.9,3.,1.110223E-14));
#6054=CARTESIAN_POINT('',(-6.9,2.8203645028496,-0.999999999999989));
#6055=CARTESIAN_POINT('',(-6.9,3.,1.110223E-14));
#6056=CARTESIAN_POINT('Origin',(2.,-4.85758109962875,5.));
#6057=CARTESIAN_POINT('',(4.5,-8.49900000007694,5.));
#6058=CARTESIAN_POINT('',(4.,-8.99900000007694,5.));
#6059=CARTESIAN_POINT('',(4.5,-8.49900000007694,5.));
#6060=CARTESIAN_POINT('',(4.5,-0.5,5.));
#6061=CARTESIAN_POINT('',(4.5,-0.5,5.));
#6062=CARTESIAN_POINT('',(-0.500000000000003,-0.5,5.));
#6063=CARTESIAN_POINT('',(-0.500000000000003,-0.5,5.));
#6064=CARTESIAN_POINT('',(-0.499999999999998,-8.49900000007694,5.));
#6065=CARTESIAN_POINT('',(-0.499999999999999,-8.49900000007694,5.));
#6066=CARTESIAN_POINT('',(1.110223E-15,-8.99900000007694,5.));
#6067=CARTESIAN_POINT('',(1.110223E-15,-8.99900000007694,5.));
#6068=CARTESIAN_POINT('',(0.5,-8.49900000007694,5.));
#6069=CARTESIAN_POINT('',(0.5,-8.49900000007694,5.));
#6070=CARTESIAN_POINT('',(1.,-8.99900000007694,5.));
#6071=CARTESIAN_POINT('',(1.,-8.99900000007694,5.));
#6072=CARTESIAN_POINT('',(1.5,-8.49900000007694,5.));
#6073=CARTESIAN_POINT('',(1.5,-8.49900000007694,5.));
#6074=CARTESIAN_POINT('',(2.,-8.99900000007694,5.));
#6075=CARTESIAN_POINT('',(2.,-8.99900000007694,5.));
#6076=CARTESIAN_POINT('',(2.5,-8.49900000007694,5.));
#6077=CARTESIAN_POINT('',(2.5,-8.49900000007694,5.));
#6078=CARTESIAN_POINT('',(3.,-8.99900000007694,5.));
#6079=CARTESIAN_POINT('',(3.,-8.99900000007694,5.));
#6080=CARTESIAN_POINT('',(3.5,-8.49900000007694,5.));
#6081=CARTESIAN_POINT('',(3.5,-8.49900000007694,5.));
#6082=CARTESIAN_POINT('',(4.,-8.99900000007694,5.));
#6083=CARTESIAN_POINT('Origin',(4.5,-0.5,3.));
#6084=CARTESIAN_POINT('',(1.665335E-15,-0.5,4.2));
#6085=CARTESIAN_POINT('',(9.020562E-16,-0.5,1.));
#6086=CARTESIAN_POINT('',(1.048544E-15,-0.5,4.2));
#6087=CARTESIAN_POINT('',(-0.500000000000003,-0.5,1.));
#6088=CARTESIAN_POINT('',(8.881784E-16,-0.5,1.));
#6089=CARTESIAN_POINT('',(-0.500000000000003,-0.5,5.));
#6090=CARTESIAN_POINT('',(4.5,-0.5,1.));
#6091=CARTESIAN_POINT('',(4.5,-0.5,1.));
#6092=CARTESIAN_POINT('',(4.,-0.5,1.));
#6093=CARTESIAN_POINT('',(4.5,-0.5,1.));
#6094=CARTESIAN_POINT('',(4.,-0.5,4.2));
#6095=CARTESIAN_POINT('',(4.,-0.5,1.));
#6096=CARTESIAN_POINT('',(4.,-0.5,4.2));
#6097=CARTESIAN_POINT('Origin',(-0.500000000000003,-0.5,3.));
#6098=CARTESIAN_POINT('',(-0.499999999999998,-8.49900000007694,1.));
#6099=CARTESIAN_POINT('',(-0.500000000000003,-0.5,1.));
#6100=CARTESIAN_POINT('',(-0.499999999999998,-8.49900000007694,5.));
#6101=CARTESIAN_POINT('Origin',(-0.499999999999998,-8.49900000007694,3.));
#6102=CARTESIAN_POINT('',(1.110223E-15,-8.99900000007694,1.));
#6103=CARTESIAN_POINT('',(-0.499999999999998,-8.49900000007694,1.));
#6104=CARTESIAN_POINT('',(1.110223E-15,-8.99900000007694,5.));
#6105=CARTESIAN_POINT('Origin',(1.110223E-15,-8.99900000007694,3.));
#6106=CARTESIAN_POINT('',(0.5,-8.49900000007694,1.));
#6107=CARTESIAN_POINT('',(9.992007E-16,-8.99900000007694,1.));
#6108=CARTESIAN_POINT('',(0.5,-8.49900000007694,5.));
#6109=CARTESIAN_POINT('Origin',(0.5,-8.49900000007694,3.));
#6110=CARTESIAN_POINT('',(1.,-8.99900000007694,1.));
#6111=CARTESIAN_POINT('',(0.5,-8.49900000007694,1.));
#6112=CARTESIAN_POINT('',(1.,-8.99900000007694,5.));
#6113=CARTESIAN_POINT('Origin',(1.,-8.99900000007694,3.));
#6114=CARTESIAN_POINT('',(1.5,-8.49900000007694,1.));
#6115=CARTESIAN_POINT('',(1.,-8.99900000007694,1.));
#6116=CARTESIAN_POINT('',(1.5,-8.49900000007694,5.));
#6117=CARTESIAN_POINT('Origin',(1.5,-8.49900000007694,3.));
#6118=CARTESIAN_POINT('',(2.,-8.99900000007694,1.));
#6119=CARTESIAN_POINT('',(1.5,-8.49900000007694,1.));
#6120=CARTESIAN_POINT('',(2.,-8.99900000007694,5.));
#6121=CARTESIAN_POINT('Origin',(2.,-8.99900000007694,3.));
#6122=CARTESIAN_POINT('',(2.5,-8.49900000007694,1.));
#6123=CARTESIAN_POINT('',(2.,-8.99900000007694,1.));
#6124=CARTESIAN_POINT('',(2.5,-8.49900000007694,5.));
#6125=CARTESIAN_POINT('Origin',(2.5,-8.49900000007694,3.));
#6126=CARTESIAN_POINT('',(3.,-8.99900000007694,1.));
#6127=CARTESIAN_POINT('',(2.5,-8.49900000007694,1.));
#6128=CARTESIAN_POINT('',(3.,-8.99900000007694,5.));
#6129=CARTESIAN_POINT('Origin',(3.,-8.99900000007694,3.));
#6130=CARTESIAN_POINT('',(3.5,-8.49900000007694,1.));
#6131=CARTESIAN_POINT('',(3.,-8.99900000007694,1.));
#6132=CARTESIAN_POINT('',(3.5,-8.49900000007694,5.));
#6133=CARTESIAN_POINT('Origin',(3.5,-8.49900000007694,3.));
#6134=CARTESIAN_POINT('',(4.,-8.99900000007694,1.));
#6135=CARTESIAN_POINT('',(3.5,-8.49900000007694,1.));
#6136=CARTESIAN_POINT('',(4.,-8.99900000007694,5.));
#6137=CARTESIAN_POINT('Origin',(4.,-8.99900000007694,3.));
#6138=CARTESIAN_POINT('',(4.5,-8.49900000007694,1.));
#6139=CARTESIAN_POINT('',(4.,-8.99900000007694,1.));
#6140=CARTESIAN_POINT('',(4.5,-8.49900000007694,5.));
#6141=CARTESIAN_POINT('Origin',(4.5,-8.49900000007694,3.));
#6142=CARTESIAN_POINT('',(4.5,-8.49900000007694,1.));
#6143=CARTESIAN_POINT('Origin',(2.,-4.85758109962875,1.));
#6144=CARTESIAN_POINT('',(4.,-0.5,1.));
#6145=CARTESIAN_POINT('Origin',(4.,0.5,4.2));
#6146=CARTESIAN_POINT('',(1.665335E-15,0.5,4.2));
#6147=CARTESIAN_POINT('',(1.110223E-15,0.5,4.2));
#6148=CARTESIAN_POINT('',(4.,0.,4.2));
#6149=CARTESIAN_POINT('',(4.,-0.5,4.2));
#6150=CARTESIAN_POINT('',(4.,0.5,4.2));
#6151=CARTESIAN_POINT('',(4.,0.5,4.2));
#6152=CARTESIAN_POINT('',(1.554312E-15,0.500000000000002,4.2));
#6153=CARTESIAN_POINT('Origin',(4.,-0.5,4.2));
#6154=CARTESIAN_POINT('',(5.551115E-16,-0.5,0.2));
#6155=CARTESIAN_POINT('',(6.53798E-16,-0.5,1.));
#6156=CARTESIAN_POINT('',(4.,-0.5,0.2));
#6157=CARTESIAN_POINT('',(4.,-0.5,0.2));
#6158=CARTESIAN_POINT('',(4.,-0.5,0.2));
#6159=CARTESIAN_POINT('Origin',(4.,-0.5,0.2));
#6160=CARTESIAN_POINT('',(5.551115E-16,0.5,0.2));
#6161=CARTESIAN_POINT('',(5.551115E-16,-0.5,0.2));
#6162=CARTESIAN_POINT('',(4.,0.5,0.2));
#6163=CARTESIAN_POINT('',(4.,0.500000000000004,0.2));
#6164=CARTESIAN_POINT('',(4.,0.,0.2));
#6165=CARTESIAN_POINT('',(4.,0.,0.2));
#6166=CARTESIAN_POINT('',(4.,0.,0.2));
#6167=CARTESIAN_POINT('Origin',(4.,1.387779E-16,2.2));
#6168=CARTESIAN_POINT('',(4.,0.,0.2));
#6169=CARTESIAN_POINT('Origin',(1.110223E-15,1.387779E-16,2.2));
#6170=CARTESIAN_POINT('',(9.80766E-16,0.500000000000002,0.2));
#6171=CARTESIAN_POINT('Origin',(4.,0.,4.50000000000001));
#6172=CARTESIAN_POINT('',(4.,0.5,-4.898425E-16));
#6173=CARTESIAN_POINT('',(4.,0.5,0.2));
#6174=CARTESIAN_POINT('',(4.,0.000999999987787,-4.898425E-16));
#6175=CARTESIAN_POINT('',(4.,0.000999999987787,-4.898425E-16));
#6176=CARTESIAN_POINT('',(4.,0.,-4.898425E-16));
#6177=CARTESIAN_POINT('',(4.,0.,-4.898425E-16));
#6178=CARTESIAN_POINT('',(4.,0.,-4.898425E-16));
#6179=CARTESIAN_POINT('Origin',(-7.738375E-16,4.7,-3.44829547107));
#6180=CARTESIAN_POINT('',(0.249999999999999,4.7,-5.74999999999999));
#6181=CARTESIAN_POINT('',(0.249999999999999,4.7,-0.999999999999989));
#6182=CARTESIAN_POINT('',(-0.250000000000001,4.7,-5.74999999999999));
#6183=CARTESIAN_POINT('Origin',(-7.738375E-16,4.7,-5.74999999999999));
#6184=CARTESIAN_POINT('',(-0.250000000000001,4.7,-5.74999999999999));
#6185=CARTESIAN_POINT('Origin',(-0.250000000000001,4.5,-0.999999999999989));
#6186=CARTESIAN_POINT('',(-0.250000000000001,4.3,-5.74999999999999));
#6187=CARTESIAN_POINT('',(-0.250000000000001,4.3,-0.999999999999989));
#6188=CARTESIAN_POINT('',(-0.250000000000001,4.7,-5.74999999999999));
#6189=CARTESIAN_POINT('Origin',(-7.441712E-16,4.5,-5.74999999999999));
#6190=CARTESIAN_POINT('',(0.249999999999999,4.3,-5.74999999999999));
#6191=CARTESIAN_POINT('Origin',(-7.145049E-16,4.3,-5.74999999999999));
#6192=CARTESIAN_POINT('',(0.249999999999999,4.7,-5.74999999999999));
#6193=CARTESIAN_POINT('Origin',(0.249999999999999,4.5,-5.74999999999999));
#6194=CARTESIAN_POINT('',(0.249999999999999,4.3,-5.74999999999999));
#6195=CARTESIAN_POINT('Origin',(-7.145049E-16,4.3,-3.44829547107));
#6196=CARTESIAN_POINT('Origin',(-4.,4.7,-3.44829547107));
#6197=CARTESIAN_POINT('',(-3.75,4.7,-5.74999999999999));
#6198=CARTESIAN_POINT('',(-4.25,4.7,-5.74999999999999));
#6199=CARTESIAN_POINT('Origin',(-4.,4.7,-5.74999999999999));
#6200=CARTESIAN_POINT('',(-4.25,4.7,-5.74999999999999));
#6201=CARTESIAN_POINT('',(-3.75,4.7,-0.999999999999989));
#6202=CARTESIAN_POINT('Origin',(-4.25,4.5,-0.999999999999989));
#6203=CARTESIAN_POINT('',(-4.25,4.3,-5.74999999999999));
#6204=CARTESIAN_POINT('',(-4.25,4.3,-0.999999999999988));
#6205=CARTESIAN_POINT('',(-4.25,4.7,-5.74999999999999));
#6206=CARTESIAN_POINT('Origin',(-4.,4.5,-5.74999999999999));
#6207=CARTESIAN_POINT('',(-3.75,4.3,-5.74999999999999));
#6208=CARTESIAN_POINT('Origin',(-4.,4.3,-5.74999999999999));
#6209=CARTESIAN_POINT('',(-3.75,4.7,-5.74999999999999));
#6210=CARTESIAN_POINT('Origin',(-3.75,4.5,-5.74999999999999));
#6211=CARTESIAN_POINT('',(-3.75,4.3,-5.74999999999999));
#6212=CARTESIAN_POINT('Origin',(-4.,4.3,-3.44829547107));
#6213=CARTESIAN_POINT('Origin',(4.,4.7,-3.44829547107));
#6214=CARTESIAN_POINT('',(4.25,4.7,-5.74999999999999));
#6215=CARTESIAN_POINT('',(4.25,4.7,-0.999999999999989));
#6216=CARTESIAN_POINT('',(3.75,4.7,-5.74999999999999));
#6217=CARTESIAN_POINT('Origin',(4.,4.7,-5.74999999999999));
#6218=CARTESIAN_POINT('',(3.75,4.7,-5.74999999999999));
#6219=CARTESIAN_POINT('Origin',(3.75,4.5,-0.999999999999989));
#6220=CARTESIAN_POINT('',(3.75,4.3,-5.74999999999999));
#6221=CARTESIAN_POINT('',(3.75,4.3,-0.999999999999988));
#6222=CARTESIAN_POINT('',(3.75,4.7,-5.74999999999999));
#6223=CARTESIAN_POINT('Origin',(4.,4.5,-5.74999999999999));
#6224=CARTESIAN_POINT('',(4.25,4.3,-5.74999999999999));
#6225=CARTESIAN_POINT('Origin',(4.,4.3,-5.74999999999999));
#6226=CARTESIAN_POINT('',(4.25,4.7,-5.74999999999999));
#6227=CARTESIAN_POINT('Origin',(4.25,4.5,-5.74999999999999));
#6228=CARTESIAN_POINT('',(4.25,4.3,-5.74999999999999));
#6229=CARTESIAN_POINT('Origin',(4.,4.3,-3.44829547107));
#6230=CARTESIAN_POINT('Origin',(-1.042881E-11,3.24999999999324,1.110223E-14));
#6231=CARTESIAN_POINT('',(1.29999999999389,0.500000000000003,1.110223E-14));
#6232=CARTESIAN_POINT('',(4.,0.500000000000001,-2.884688E-14));
#6233=CARTESIAN_POINT('',(1.29999999999999,0.000999999954814,1.110223E-14));
#6234=CARTESIAN_POINT('',(1.29999999999389,0.500000000000003,1.110223E-14));
#6235=CARTESIAN_POINT('',(1.29999999999999,0.000999999954814,1.110223E-14));
#6236=CARTESIAN_POINT('Origin',(6.39899999999793,5.99799999999791,1.110223E-14));
#6237=CARTESIAN_POINT('',(6.39899999999792,5.99899999999791,1.110223E-14));
#6238=CARTESIAN_POINT('',(6.39899999999792,5.99899999999791,1.110223E-14));
#6239=CARTESIAN_POINT('',(6.39899999999793,5.99799999999791,1.110223E-14));
#6240=CARTESIAN_POINT('',(6.39899999999793,5.99799999999791,1.110223E-14));
#6241=CARTESIAN_POINT('',(6.39899999999793,5.99799999999791,1.110223E-14));
#6242=CARTESIAN_POINT('Origin',(6.39899999999792,5.99899999999791,1.110223E-14));
#6243=CARTESIAN_POINT('',(4.99900000000405,5.99899999998082,1.110223E-14));
#6244=CARTESIAN_POINT('',(4.99900000000405,5.99899999998082,1.110223E-14));
#6245=CARTESIAN_POINT('',(6.39899999999792,5.99899999999792,1.110223E-14));
#6246=CARTESIAN_POINT('Origin',(4.99900000000405,5.99899999998082,1.110223E-14));
#6247=CARTESIAN_POINT('',(4.99899999999794,6.49899999999999,1.110223E-14));
#6248=CARTESIAN_POINT('',(4.99899999999794,6.49899999999999,1.110223E-14));
#6249=CARTESIAN_POINT('',(4.99900000000405,5.99899999998082,1.110223E-14));
#6250=CARTESIAN_POINT('Origin',(4.99899999999794,6.49899999999999,1.110223E-14));
#6251=CARTESIAN_POINT('',(1.29999999992063,6.49899999995482,1.110223E-14));
#6252=CARTESIAN_POINT('',(1.29999999992063,6.49899999995482,1.110223E-14));
#6253=CARTESIAN_POINT('',(4.99899999999794,6.49899999999999,1.110223E-14));
#6254=CARTESIAN_POINT('Origin',(1.29999999992063,6.49899999995482,1.110223E-14));
#6255=CARTESIAN_POINT('',(1.29999999992674,5.99899999993564,1.110223E-14));
#6256=CARTESIAN_POINT('',(1.29999999992674,5.99899999993564,1.110223E-14));
#6257=CARTESIAN_POINT('',(1.29999999992063,6.49899999995481,1.110223E-14));
#6258=CARTESIAN_POINT('Origin',(1.29999999992674,5.99899999993564,1.110223E-14));
#6259=CARTESIAN_POINT('',(-1.30000000007326,5.99899999990389,1.110223E-14));
#6260=CARTESIAN_POINT('',(-1.30000000007326,5.99899999990389,1.110223E-14));
#6261=CARTESIAN_POINT('',(1.29999999992674,5.99899999993564,1.110223E-14));
#6262=CARTESIAN_POINT('Origin',(-1.30000000007326,5.99899999990389,1.110223E-14));
#6263=CARTESIAN_POINT('',(-1.30000000007937,6.49899999999939,1.110223E-14));
#6264=CARTESIAN_POINT('',(-1.30000000007937,6.49899999999939,1.110223E-14));
#6265=CARTESIAN_POINT('',(-1.30000000007326,5.99899999990389,1.110223E-14));
#6266=CARTESIAN_POINT('Origin',(-1.30000000007937,6.49899999999939,1.110223E-14));
#6267=CARTESIAN_POINT('',(-4.99899999999999,6.49899999995422,1.110223E-14));
#6268=CARTESIAN_POINT('',(-4.99899999999999,6.49899999995422,1.110223E-14));
#6269=CARTESIAN_POINT('',(-1.30000000007937,6.49899999999939,1.110223E-14));
#6270=CARTESIAN_POINT('Origin',(-4.99899999999999,6.49899999995422,1.110223E-14));
#6271=CARTESIAN_POINT('',(-4.99899999999389,5.99900000000001,1.110223E-14));
#6272=CARTESIAN_POINT('',(-4.99899999999389,5.99900000000001,1.110223E-14));
#6273=CARTESIAN_POINT('',(-4.99899999999999,6.49899999995422,1.110223E-14));
#6274=CARTESIAN_POINT('Origin',(-4.99899999999389,5.99900000000001,1.110223E-14));
#6275=CARTESIAN_POINT('',(-6.39899999999999,5.99899999998291,1.110223E-14));
#6276=CARTESIAN_POINT('',(-6.39899999999999,5.99899999998291,1.110223E-14));
#6277=CARTESIAN_POINT('',(-4.99899999999389,5.99900000000001,1.110223E-14));
#6278=CARTESIAN_POINT('Origin',(-6.39899999999999,5.99899999998291,1.110223E-14));
#6279=CARTESIAN_POINT('',(-6.39899999999998,5.99800000000612,1.110223E-14));
#6280=CARTESIAN_POINT('',(-6.39899999999998,5.99800000000612,1.110223E-14));
#6281=CARTESIAN_POINT('',(-6.39899999999999,5.99899999998291,1.110223E-14));
#6282=CARTESIAN_POINT('Origin',(-6.39899999999998,5.99800000000612,1.110223E-14));
#6283=CARTESIAN_POINT('',(-6.8990000000183,5.99800000000001,1.110223E-14));
#6284=CARTESIAN_POINT('',(-6.8990000000183,5.99800000000001,1.110223E-14));
#6285=CARTESIAN_POINT('',(-6.39899999999998,5.99800000000612,1.110223E-14));
#6286=CARTESIAN_POINT('Origin',(-6.8990000000183,5.99800000000001,1.110223E-14));
#6287=CARTESIAN_POINT('',(-6.89900000000062,4.5499999998335,1.110223E-14));
#6288=CARTESIAN_POINT('',(-6.89900000000062,4.5499999998335,1.110223E-14));
#6289=CARTESIAN_POINT('',(-6.8990000000183,5.99800000000001,1.110223E-14));
#6290=CARTESIAN_POINT('Origin',(-6.89900000000062,4.5499999998335,1.110223E-14));
#6291=CARTESIAN_POINT('',(-6.39899999998145,4.5499999998396,1.110223E-14));
#6292=CARTESIAN_POINT('',(-6.39899999998145,4.5499999998396,1.110223E-14));
#6293=CARTESIAN_POINT('',(-6.89900000000062,4.5499999998335,1.110223E-14));
#6294=CARTESIAN_POINT('Origin',(-6.39899999998145,4.5499999998396,1.110223E-14));
#6295=CARTESIAN_POINT('',(-6.39899999994969,1.9499999998396,1.110223E-14));
#6296=CARTESIAN_POINT('',(-6.39899999994969,1.9499999998396,1.110223E-14));
#6297=CARTESIAN_POINT('',(-6.39899999998144,4.5499999998396,1.110223E-14));
#6298=CARTESIAN_POINT('Origin',(-6.39899999994969,1.9499999998396,1.110223E-14));
#6299=CARTESIAN_POINT('',(-6.89899999999999,1.9499999998335,1.110223E-14));
#6300=CARTESIAN_POINT('',(-6.89899999999999,1.9499999998335,1.110223E-14));
#6301=CARTESIAN_POINT('',(-6.39899999994969,1.9499999998396,1.110223E-14));
#6302=CARTESIAN_POINT('Origin',(-6.89899999999999,1.9499999998335,1.110223E-14));
#6303=CARTESIAN_POINT('',(-6.89899999999999,0.502000000000001,1.110223E-14));
#6304=CARTESIAN_POINT('',(-6.89899999999999,0.502000000000001,1.110223E-14));
#6305=CARTESIAN_POINT('',(-6.89899999999999,1.9499999998335,1.110223E-14));
#6306=CARTESIAN_POINT('Origin',(-6.89899999999999,0.502000000000001,1.110223E-14));
#6307=CARTESIAN_POINT('',(-6.39900000000003,0.502000000000001,1.110223E-14));
#6308=CARTESIAN_POINT('',(-6.39900000000003,0.502000000000001,1.110223E-14));
#6309=CARTESIAN_POINT('',(-6.89899999999999,0.502000000000001,1.110223E-14));
#6310=CARTESIAN_POINT('Origin',(-6.39900000000003,0.502000000000001,1.110223E-14));
#6311=CARTESIAN_POINT('',(-6.39900000000003,0.501,1.110223E-14));
#6312=CARTESIAN_POINT('',(-6.39900000000003,0.501,1.110223E-14));
#6313=CARTESIAN_POINT('',(-6.39900000000003,0.502000000000001,1.110223E-14));
#6314=CARTESIAN_POINT('Origin',(-6.39900000000003,0.501,1.110223E-14));
#6315=CARTESIAN_POINT('',(-4.99900000000001,0.501,1.110223E-14));
#6316=CARTESIAN_POINT('',(-4.99900000000001,0.501,1.110223E-14));
#6317=CARTESIAN_POINT('',(-6.39900000000003,0.501,1.110223E-14));
#6318=CARTESIAN_POINT('Origin',(-4.99900000000001,0.501,1.110223E-14));
#6319=CARTESIAN_POINT('',(-4.99900000000001,0.001,1.110223E-14));
#6320=CARTESIAN_POINT('',(-4.99900000000001,0.001,1.110223E-14));
#6321=CARTESIAN_POINT('',(-4.99900000000001,0.501,1.110223E-14));
#6322=CARTESIAN_POINT('Origin',(-4.58226228885388,0.001,1.110223E-14));
#6323=CARTESIAN_POINT('',(-1.30000000000001,0.001000000019758,1.110223E-14));
#6324=CARTESIAN_POINT('',(-1.30000000000001,0.001000000019758,1.110223E-14));
#6325=CARTESIAN_POINT('',(-4.,0.001000000003505,-4.898425E-16));
#6326=CARTESIAN_POINT('',(-4.,0.001,1.110223E-14));
#6327=CARTESIAN_POINT('',(-4.99900000000001,0.000999999997491,1.110223E-14));
#6328=CARTESIAN_POINT('Origin',(-1.30000000000001,0.001000000019758,1.110223E-14));
#6329=CARTESIAN_POINT('',(-1.30000000000612,0.500999999923062,1.110223E-14));
#6330=CARTESIAN_POINT('',(-1.30000000000612,0.500999999923062,1.110223E-14));
#6331=CARTESIAN_POINT('',(-1.30000000000611,0.500000000000002,1.110223E-14));
#6332=CARTESIAN_POINT('',(-1.30000000000611,0.500000000000002,1.110223E-14));
#6333=CARTESIAN_POINT('',(-1.30000000000001,0.001000000019758,1.110223E-14));
#6334=CARTESIAN_POINT('Origin',(-1.30000000000612,0.500999999923062,1.110223E-14));
#6335=CARTESIAN_POINT('',(1.29999999999388,0.500999999954814,1.110223E-14));
#6336=CARTESIAN_POINT('',(1.29999999999388,0.500999999954814,1.110223E-14));
#6337=CARTESIAN_POINT('',(-1.30000000000612,0.500999999923062,1.110223E-14));
#6338=CARTESIAN_POINT('Origin',(1.29999999999388,0.500999999954814,1.110223E-14));
#6339=CARTESIAN_POINT('',(1.29999999999999,0.000999999954814,1.110223E-14));
#6340=CARTESIAN_POINT('',(1.29999999999388,0.500999999954814,1.110223E-14));
#6341=CARTESIAN_POINT('Origin',(4.13493128128782,0.000999999989435,1.110223E-14));
#6342=CARTESIAN_POINT('',(4.99899999999999,0.000999999999988,1.110223E-14));
#6343=CARTESIAN_POINT('',(4.99899999999999,0.000999999999988,1.110223E-14));
#6344=CARTESIAN_POINT('',(4.,0.000999999987788,1.110223E-14));
#6345=CARTESIAN_POINT('Origin',(4.99899999999999,0.000999999999988,1.110223E-14));
#6346=CARTESIAN_POINT('',(4.99899999999389,0.500999999999988,1.110223E-14));
#6347=CARTESIAN_POINT('',(4.99899999999389,0.500999999999988,1.110223E-14));
#6348=CARTESIAN_POINT('',(4.99899999999999,0.000999999999988,1.110223E-14));
#6349=CARTESIAN_POINT('Origin',(4.99899999999389,0.500999999999988,1.110223E-14));
#6350=CARTESIAN_POINT('',(6.39899999999999,0.501000000017085,1.110223E-14));
#6351=CARTESIAN_POINT('',(6.39899999999999,0.501000000017085,1.110223E-14));
#6352=CARTESIAN_POINT('',(4.99899999999389,0.500999999999988,1.110223E-14));
#6353=CARTESIAN_POINT('Origin',(6.39899999999999,0.501000000017085,1.110223E-14));
#6354=CARTESIAN_POINT('',(6.39899999999998,0.501999999993882,1.110223E-14));
#6355=CARTESIAN_POINT('',(6.39899999999998,0.501999999993882,1.110223E-14));
#6356=CARTESIAN_POINT('',(6.39899999999999,0.501000000017085,1.110223E-14));
#6357=CARTESIAN_POINT('Origin',(6.39899999999998,0.501999999993882,1.110223E-14));
#6358=CARTESIAN_POINT('',(6.89899999999998,0.501999999999988,1.110223E-14));
#6359=CARTESIAN_POINT('',(6.89899999999998,0.501999999999988,1.110223E-14));
#6360=CARTESIAN_POINT('',(6.39899999999998,0.501999999993882,1.110223E-14));
#6361=CARTESIAN_POINT('Origin',(6.89899999999998,0.501999999999988,1.110223E-14));
#6362=CARTESIAN_POINT('',(6.8989999999823,1.950000000002,1.110223E-14));
#6363=CARTESIAN_POINT('',(6.8989999999823,1.950000000002,1.110223E-14));
#6364=CARTESIAN_POINT('',(6.89899999999998,0.501999999999988,1.110223E-14));
#6365=CARTESIAN_POINT('Origin',(6.8989999999823,1.950000000002,1.110223E-14));
#6366=CARTESIAN_POINT('',(6.39900000001198,1.9499999999959,1.110223E-14));
#6367=CARTESIAN_POINT('',(6.39900000001198,1.9499999999959,1.110223E-14));
#6368=CARTESIAN_POINT('',(6.8989999999823,1.950000000002,1.110223E-14));
#6369=CARTESIAN_POINT('Origin',(6.39900000001198,1.9499999999959,1.110223E-14));
#6370=CARTESIAN_POINT('',(6.39899999998022,4.5499999999959,1.110223E-14));
#6371=CARTESIAN_POINT('',(6.39899999998022,4.5499999999959,1.110223E-14));
#6372=CARTESIAN_POINT('',(6.39900000001198,1.9499999999959,1.110223E-14));
#6373=CARTESIAN_POINT('Origin',(6.39899999998022,4.5499999999959,1.110223E-14));
#6374=CARTESIAN_POINT('',(6.89899999999939,4.550000000002,1.110223E-14));
#6375=CARTESIAN_POINT('',(6.89899999999939,4.550000000002,1.110223E-14));
#6376=CARTESIAN_POINT('',(6.39899999998022,4.5499999999959,1.110223E-14));
#6377=CARTESIAN_POINT('Origin',(6.89899999999939,4.550000000002,1.110223E-14));
#6378=CARTESIAN_POINT('',(6.89899999998171,5.99800000000402,1.110223E-14));
#6379=CARTESIAN_POINT('',(6.89899999998171,5.99800000000402,1.110223E-14));
#6380=CARTESIAN_POINT('',(6.8989999999994,4.550000000002,1.110223E-14));
#6381=CARTESIAN_POINT('Origin',(6.89899999998171,5.99800000000402,1.110223E-14));
#6382=CARTESIAN_POINT('',(6.89899999998171,5.99800000000402,1.110223E-14));
#6383=CARTESIAN_POINT('Origin',(-1.042881E-11,3.24999999999324,1.110223E-14));
#6384=CARTESIAN_POINT('',(-4.,0.5,-4.898425E-16));
#6385=CARTESIAN_POINT('',(-4.,0.001000000003505,-4.898425E-16));
#6386=CARTESIAN_POINT('',(-1.30000000000611,0.500000000000003,-1.006034E-14));
#6387=CARTESIAN_POINT('Origin',(6.9,3.,1.110223E-14));
#6388=CARTESIAN_POINT('',(1.29999999999389,0.500000000000002,-1.927638E-14));
#6389=CARTESIAN_POINT('Origin',(-6.20000000000001,0.5,7.308343E-15));
#6390=CARTESIAN_POINT('',(4.,0.5,4.50000000000001));
#6391=CARTESIAN_POINT('',(4.,0.5,4.50000000000001));
#6392=CARTESIAN_POINT('',(-4.,0.5,4.50000000000001));
#6393=CARTESIAN_POINT('',(-4.,0.5,4.50000000000002));
#6394=CARTESIAN_POINT('',(-4.,0.5,-8.881784E-16));
#6395=CARTESIAN_POINT('Origin',(6.39999999999998,6.,-3.735399E-14));
#6396=CARTESIAN_POINT('',(6.39999999999999,5.999,5.));
#6397=CARTESIAN_POINT('',(6.39999999999999,5.999,1.110223E-14));
#6398=CARTESIAN_POINT('',(6.4,5.999,5.));
#6399=CARTESIAN_POINT('',(6.39999999999998,6.,-3.735399E-14));
#6400=CARTESIAN_POINT('',(6.39999999999998,6.,-3.735399E-14));
#6401=CARTESIAN_POINT('',(6.39999999999999,6.,5.));
#6402=CARTESIAN_POINT('',(6.4,6.,5.));
#6403=CARTESIAN_POINT('',(6.4,6.,5.));
#6404=CARTESIAN_POINT('Origin',(6.39999999999998,6.,-3.735399E-14));
#6405=CARTESIAN_POINT('',(6.39999999999999,0.501000000000001,1.102822E-14));
#6406=CARTESIAN_POINT('',(6.39999999999999,0.501,5.));
#6407=CARTESIAN_POINT('',(6.40000000000001,0.501,1.099121E-14));
#6408=CARTESIAN_POINT('',(6.39999999999999,0.5,5.));
#6409=CARTESIAN_POINT('',(6.40000000000001,0.501,5.));
#6410=CARTESIAN_POINT('',(6.39999999999999,0.5,-3.735399E-14));
#6411=CARTESIAN_POINT('',(6.39999999999999,0.5,-3.730349E-14));
#6412=CARTESIAN_POINT('',(6.39999999999999,0.501,-3.735399E-14));
#6413=CARTESIAN_POINT('Origin',(-6.40000000000002,0.5,8.017269E-15));
#6414=CARTESIAN_POINT('',(-6.39999999999999,5.999,1.110223E-14));
#6415=CARTESIAN_POINT('',(-6.39999999999999,5.999,5.));
#6416=CARTESIAN_POINT('',(-6.4,5.999,1.065814E-14));
#6417=CARTESIAN_POINT('',(-6.39999999999999,6.,5.));
#6418=CARTESIAN_POINT('',(-6.4,5.999,5.));
#6419=CARTESIAN_POINT('',(-6.40000000000002,6.,8.017269E-15));
#6420=CARTESIAN_POINT('',(-6.40000000000002,6.,7.993606E-15));
#6421=CARTESIAN_POINT('',(-6.40000000000002,5.999,8.017269E-15));
#6422=CARTESIAN_POINT('Origin',(-6.40000000000002,0.5,8.017269E-15));
#6423=CARTESIAN_POINT('',(-6.39999999999999,0.501,5.));
#6424=CARTESIAN_POINT('',(-6.39999999999999,0.501000000000001,1.102822E-14));
#6425=CARTESIAN_POINT('',(-6.40000000000001,0.501,5.));
#6426=CARTESIAN_POINT('',(-6.40000000000002,0.5,8.017269E-15));
#6427=CARTESIAN_POINT('',(-6.40000000000002,0.5,8.017269E-15));
#6428=CARTESIAN_POINT('',(-6.39999999999999,0.5,5.));
#6429=CARTESIAN_POINT('',(-6.40000000000001,0.5,5.));
#6430=CARTESIAN_POINT('',(-6.40000000000001,0.5,5.));
#6431=CARTESIAN_POINT('Origin',(6.19999999999999,6.,-3.664507E-14));
#6432=CARTESIAN_POINT('',(1.74999999999999,6.,4.90000000000001));
#6433=CARTESIAN_POINT('',(2.34999999999999,6.,4.90000000000001));
#6434=CARTESIAN_POINT('',(1.74999999999999,6.,4.90000000000001));
#6435=CARTESIAN_POINT('',(2.34999999999999,6.,2.90000000000001));
#6436=CARTESIAN_POINT('',(2.34999999999999,6.,4.90000000000001));
#6437=CARTESIAN_POINT('',(1.74999999999999,6.,2.90000000000001));
#6438=CARTESIAN_POINT('',(2.34999999999999,6.,2.90000000000001));
#6439=CARTESIAN_POINT('',(1.74999999999999,6.,2.90000000000001));
#6440=CARTESIAN_POINT('Origin',(6.19999999999999,6.,-3.664507E-14));
#6441=CARTESIAN_POINT('',(-2.35,6.,2.9));
#6442=CARTESIAN_POINT('',(-2.35,6.,4.9));
#6443=CARTESIAN_POINT('',(-2.35,6.,2.9));
#6444=CARTESIAN_POINT('',(-1.75000000000001,6.,4.9));
#6445=CARTESIAN_POINT('',(-2.35,6.,4.9));
#6446=CARTESIAN_POINT('',(-1.75,6.,2.9));
#6447=CARTESIAN_POINT('',(-1.75000000000001,6.,4.9));
#6448=CARTESIAN_POINT('',(-1.75,6.,2.9));
#6449=CARTESIAN_POINT('Origin',(-1.916869E-15,3.25,4.99999999999999));
#6450=CARTESIAN_POINT('',(-6.39999999999999,6.,5.00000000000001));
#6451=CARTESIAN_POINT('',(-6.40000000000001,0.501,5.00000000000001));
#6452=CARTESIAN_POINT('',(6.39999999999999,0.5,4.99999999999996));
#6453=CARTESIAN_POINT('',(6.4,5.999,4.99999999999996));
#6454=CARTESIAN_POINT('Origin',(6.4,3.25,1.50419042692482));
#6455=CARTESIAN_POINT('',(6.40000000000001,0.501,5.));
#6456=CARTESIAN_POINT('',(6.40000000000001,0.5,5.21428571428571));
#6457=CARTESIAN_POINT('',(6.4,0.5,5.21428571428571));
#6458=CARTESIAN_POINT('',(6.40000000000001,0.5,5.50000000000001));
#6459=CARTESIAN_POINT('',(6.40000000000001,0.5,5.50000000000001));
#6460=CARTESIAN_POINT('',(6.4,6.,5.50000000000001));
#6461=CARTESIAN_POINT('',(6.4,6.,5.50000000000001));
#6462=CARTESIAN_POINT('',(6.4,6.,5.21428571428571));
#6463=CARTESIAN_POINT('',(6.4,6.,5.21428571428571));
#6464=CARTESIAN_POINT('',(6.4,6.,5.));
#6465=CARTESIAN_POINT('',(6.4,6.,5.));
#6466=CARTESIAN_POINT('Origin',(-4.68972401545852,0.5,1.40096573601682));
#6467=CARTESIAN_POINT('',(-6.40000000000001,0.5,5.21428571428571));
#6468=CARTESIAN_POINT('',(-6.40000000000001,0.5,5.));
#6469=CARTESIAN_POINT('',(-6.19999999999999,0.5,5.3));
#6470=CARTESIAN_POINT('',(-6.19999999999999,0.5,5.3));
#6471=CARTESIAN_POINT('',(-6.19999999999999,0.5,5.5));
#6472=CARTESIAN_POINT('',(-6.19999999999999,0.5,5.5));
#6473=CARTESIAN_POINT('',(6.19999999999999,0.5,5.50000000000001));
#6474=CARTESIAN_POINT('',(-6.19999999999999,0.5,5.5));
#6475=CARTESIAN_POINT('',(6.19999999999999,0.5,5.3));
#6476=CARTESIAN_POINT('',(6.19999999999999,0.5,5.3));
#6477=CARTESIAN_POINT('',(6.40000000000001,0.5,5.21428571428571));
#6478=CARTESIAN_POINT('Origin',(-4.68972401545852,0.5,1.40096573601682));
#6479=CARTESIAN_POINT('',(-5.00000000000001,0.5,3.054787E-15));
#6480=CARTESIAN_POINT('',(-6.40000000000003,0.5,7.99018E-15));
#6481=CARTESIAN_POINT('',(-5.,0.5,-2.5));
#6482=CARTESIAN_POINT('',(-5.00000000000001,0.5,-2.5));
#6483=CARTESIAN_POINT('',(-5.6,0.5,-2.5));
#6484=CARTESIAN_POINT('',(-5.6,0.5,-2.5));
#6485=CARTESIAN_POINT('',(-5.6,0.5,-5.6));
#6486=CARTESIAN_POINT('',(-5.6,0.5,-5.6));
#6487=CARTESIAN_POINT('',(-6.4,0.5,-5.6));
#6488=CARTESIAN_POINT('Origin',(-6.,0.5,-5.6));
#6489=CARTESIAN_POINT('',(-6.4,0.5,-2.5));
#6490=CARTESIAN_POINT('',(-6.4,0.5,-2.5));
#6491=CARTESIAN_POINT('',(-6.9,0.5,-2.5));
#6492=CARTESIAN_POINT('',(-6.9,0.5,-2.5));
#6493=CARTESIAN_POINT('',(-6.89999999999999,0.5,5.));
#6494=CARTESIAN_POINT('',(-6.89999999999999,0.5,5.));
#6495=CARTESIAN_POINT('',(-6.89999999999999,0.5,5.));
#6496=CARTESIAN_POINT('Origin',(-4.68972401545852,0.5,1.40096573601682));
#6497=CARTESIAN_POINT('',(5.00000000000001,0.5,3.054787E-15));
#6498=CARTESIAN_POINT('',(5.00000000000001,0.5,-3.24186E-14));
#6499=CARTESIAN_POINT('',(6.89999999999999,0.5,5.));
#6500=CARTESIAN_POINT('',(6.89999999999999,0.5,5.));
#6501=CARTESIAN_POINT('',(6.9,0.5,-2.5));
#6502=CARTESIAN_POINT('',(6.9,0.5,-2.5));
#6503=CARTESIAN_POINT('',(6.4,0.5,-2.5));
#6504=CARTESIAN_POINT('',(6.4,0.5,-2.5));
#6505=CARTESIAN_POINT('',(6.4,0.5,-5.6));
#6506=CARTESIAN_POINT('',(6.4,0.5,-5.6));
#6507=CARTESIAN_POINT('',(5.6,0.5,-5.6));
#6508=CARTESIAN_POINT('Origin',(6.,0.5,-5.6));
#6509=CARTESIAN_POINT('',(5.6,0.5,-2.5));
#6510=CARTESIAN_POINT('',(5.6,0.5,-2.5));
#6511=CARTESIAN_POINT('',(5.,0.5,-2.5));
#6512=CARTESIAN_POINT('',(5.,0.5,-2.5));
#6513=CARTESIAN_POINT('',(5.00000000000001,0.5,3.552714E-15));
#6514=CARTESIAN_POINT('Origin',(-1.279359E-15,6.,1.08726247976249));
#6515=CARTESIAN_POINT('',(6.19999999999999,6.,5.3));
#6516=CARTESIAN_POINT('',(6.19999999999999,6.,5.3));
#6517=CARTESIAN_POINT('',(6.20000000000001,6.,5.50000000000001));
#6518=CARTESIAN_POINT('',(6.19999999999999,6.,5.50000000000001));
#6519=CARTESIAN_POINT('',(-6.19999999999999,6.,5.5));
#6520=CARTESIAN_POINT('',(-6.2,6.,5.5));
#6521=CARTESIAN_POINT('',(-6.19999999999999,6.,5.3));
#6522=CARTESIAN_POINT('',(-6.2,6.,5.3));
#6523=CARTESIAN_POINT('',(-6.4,6.,5.21428571428571));
#6524=CARTESIAN_POINT('',(-6.4,6.,5.21428571428571));
#6525=CARTESIAN_POINT('',(-6.4,6.,5.21428571428571));
#6526=CARTESIAN_POINT('Origin',(-1.279359E-15,6.,1.08726247976249));
#6527=CARTESIAN_POINT('',(-5.00000000000001,6.,3.330669E-15));
#6528=CARTESIAN_POINT('',(-5.00000000000001,6.,3.012694E-15));
#6529=CARTESIAN_POINT('',(-6.9,6.,5.));
#6530=CARTESIAN_POINT('',(-6.9,6.,5.));
#6531=CARTESIAN_POINT('',(-6.9,6.,-2.5));
#6532=CARTESIAN_POINT('',(-6.9,6.,-2.5));
#6533=CARTESIAN_POINT('',(-6.4,6.,-2.5));
#6534=CARTESIAN_POINT('',(-6.4,6.,-2.5));
#6535=CARTESIAN_POINT('',(-6.4,6.,-5.6));
#6536=CARTESIAN_POINT('',(-6.4,6.,-5.6));
#6537=CARTESIAN_POINT('',(-5.6,6.,-5.6));
#6538=CARTESIAN_POINT('Origin',(-6.00000000000001,6.,-5.6));
#6539=CARTESIAN_POINT('',(-5.60000000000001,6.,-2.5));
#6540=CARTESIAN_POINT('',(-5.60000000000001,6.,-2.5));
#6541=CARTESIAN_POINT('',(-5.00000000000001,6.,-2.5));
#6542=CARTESIAN_POINT('',(-5.00000000000001,6.,-2.5));
#6543=CARTESIAN_POINT('',(-5.00000000000001,6.,3.330669E-15));
#6544=CARTESIAN_POINT('Origin',(-1.279359E-15,6.,1.08726247976249));
#6545=CARTESIAN_POINT('',(-0.250000000000001,6.,3.330669E-15));
#6546=CARTESIAN_POINT('',(-0.250000000000001,6.,3.268415E-15));
#6547=CARTESIAN_POINT('',(-0.250000000000001,6.,-1.38243E-14));
#6548=CARTESIAN_POINT('Origin',(-1.279359E-15,6.,1.08726247976249));
#6549=CARTESIAN_POINT('',(5.,6.,3.330669E-15));
#6550=CARTESIAN_POINT('',(6.39999999999998,6.,-3.739609E-14));
#6551=CARTESIAN_POINT('',(5.,6.,-2.5));
#6552=CARTESIAN_POINT('',(5.,6.,-2.5));
#6553=CARTESIAN_POINT('',(5.6,6.,-2.5));
#6554=CARTESIAN_POINT('',(5.6,6.,-2.5));
#6555=CARTESIAN_POINT('',(5.6,6.,-5.6));
#6556=CARTESIAN_POINT('',(5.6,6.,-5.6));
#6557=CARTESIAN_POINT('',(6.4,6.,-5.6));
#6558=CARTESIAN_POINT('Origin',(6.,6.,-5.6));
#6559=CARTESIAN_POINT('',(6.4,6.,-2.5));
#6560=CARTESIAN_POINT('',(6.4,6.,-2.5));
#6561=CARTESIAN_POINT('',(6.89999999999999,6.,-2.5));
#6562=CARTESIAN_POINT('',(6.89999999999999,6.,-2.5));
#6563=CARTESIAN_POINT('',(6.89999999999999,6.,5.));
#6564=CARTESIAN_POINT('',(6.89999999999999,6.,5.));
#6565=CARTESIAN_POINT('',(6.89999999999999,6.,5.));
#6566=CARTESIAN_POINT('Origin',(-6.4,3.25,1.50419042692482));
#6567=CARTESIAN_POINT('',(-6.4,5.999,5.));
#6568=CARTESIAN_POINT('',(-6.4,6.,5.50000000000001));
#6569=CARTESIAN_POINT('',(-6.4,6.,5.21428571428571));
#6570=CARTESIAN_POINT('',(-6.40000000000001,0.5,5.50000000000001));
#6571=CARTESIAN_POINT('',(-6.40000000000001,0.5,5.5));
#6572=CARTESIAN_POINT('',(-6.40000000000001,0.5,5.50000000000001));
#6573=CARTESIAN_POINT('',(-6.40000000000001,0.5,5.));
#6574=CARTESIAN_POINT('Origin',(-2.34486200772926,0.5,5.5));
#6575=CARTESIAN_POINT('',(6.19999999999999,0.,5.50000000000001));
#6576=CARTESIAN_POINT('',(6.19999999999999,0.5,6.));
#6577=CARTESIAN_POINT('Origin',(6.19999999999999,0.5,5.50000000000001));
#6578=CARTESIAN_POINT('',(-6.19999999999999,0.5,6.));
#6579=CARTESIAN_POINT('',(6.19999999999999,0.5,6.00000000000001));
#6580=CARTESIAN_POINT('',(-6.19999999999999,0.,5.5));
#6581=CARTESIAN_POINT('Origin',(-6.19999999999999,0.5,5.5));
#6582=CARTESIAN_POINT('',(-6.19999999999999,0.,5.5));
#6583=CARTESIAN_POINT('Origin',(-6.19999999999999,0.,6.));
#6584=CARTESIAN_POINT('',(-6.19999999999999,0.5,6.));
#6585=CARTESIAN_POINT('',(-6.19999999999999,0.,5.3));
#6586=CARTESIAN_POINT('',(-6.19999999999999,0.,5.3));
#6587=CARTESIAN_POINT('',(-6.19999999999999,0.,5.3));
#6588=CARTESIAN_POINT('Origin',(1.83691E-15,0.,6.00000000000001));
#6589=CARTESIAN_POINT('',(6.39999999999999,0.5,6.00000000000001));
#6590=CARTESIAN_POINT('',(6.19999999999999,0.5,6.00000000000001));
#6591=CARTESIAN_POINT('',(6.39999999999999,6.,6.00000000000001));
#6592=CARTESIAN_POINT('',(6.39999999999999,6.,6.00000000000001));
#6593=CARTESIAN_POINT('',(6.20000000000001,6.,6.00000000000001));
#6594=CARTESIAN_POINT('',(6.39999999999999,6.,6.00000000000001));
#6595=CARTESIAN_POINT('',(-6.19999999999999,6.,6.));
#6596=CARTESIAN_POINT('',(-6.2,6.,6.));
#6597=CARTESIAN_POINT('',(-6.39999999999999,6.,6.));
#6598=CARTESIAN_POINT('',(-6.19999999999999,6.,6.));
#6599=CARTESIAN_POINT('',(-6.39999999999999,0.5,6.));
#6600=CARTESIAN_POINT('',(-6.39999999999999,0.5,6.));
#6601=CARTESIAN_POINT('',(-6.39999999999999,0.5,6.));
#6602=CARTESIAN_POINT('Origin',(-6.39999999999999,0.,5.5));
#6603=CARTESIAN_POINT('',(-6.9,0.5,5.5));
#6604=CARTESIAN_POINT('Origin',(-6.39999999999999,0.5,5.5));
#6605=CARTESIAN_POINT('',(-6.9,6.,5.5));
#6606=CARTESIAN_POINT('Origin',(-6.39999999999999,6.,5.5));
#6607=CARTESIAN_POINT('',(-6.89999999999999,6.,5.5));
#6608=CARTESIAN_POINT('Origin',(-6.9,0.5,6.));
#6609=CARTESIAN_POINT('',(-6.9,0.5,5.5));
#6610=CARTESIAN_POINT('',(-6.40000000000001,0.5,5.21428571428571));
#6611=CARTESIAN_POINT('',(-6.40000000000001,0.5,5.5));
#6612=CARTESIAN_POINT('Origin',(-6.89999999999999,0.,5.));
#6613=CARTESIAN_POINT('',(-6.9,0.501000000000001,1.110223E-14));
#6614=CARTESIAN_POINT('',(-6.90000000000001,0.501000000000001,1.110149E-14));
#6615=CARTESIAN_POINT('',(-6.89999999999999,0.501,5.));
#6616=CARTESIAN_POINT('',(-6.89999999999999,0.501000000000001,1.065814E-14));
#6617=CARTESIAN_POINT('',(-6.89999999999999,0.501,5.));
#6618=CARTESIAN_POINT('',(-6.9,6.,5.));
#6619=CARTESIAN_POINT('',(-6.89999999999999,5.999,5.));
#6620=CARTESIAN_POINT('',(-6.89999999999999,6.,5.));
#6621=CARTESIAN_POINT('',(-6.9,5.999,1.110223E-14));
#6622=CARTESIAN_POINT('',(-6.89999999999999,5.999,5.));
#6623=CARTESIAN_POINT('',(-6.9,4.5,1.110223E-14));
#6624=CARTESIAN_POINT('',(-6.9,3.,1.110223E-14));
#6625=CARTESIAN_POINT('Origin',(3.45,6.,5.50000000000001));
#6626=CARTESIAN_POINT('Origin',(-6.19999999999999,6.,5.5));
#6627=CARTESIAN_POINT('Origin',(6.20000000000001,6.,5.50000000000001));
#6628=CARTESIAN_POINT('Origin',(6.20000000000001,6.5,6.00000000000001));
#6629=CARTESIAN_POINT('',(6.20000000000001,6.,6.00000000000001));
#6630=CARTESIAN_POINT('',(6.19999999999999,6.5,5.3));
#6631=CARTESIAN_POINT('Origin',(6.39999999999999,0.,5.50000000000001));
#6632=CARTESIAN_POINT('',(6.9,6.,5.50000000000001));
#6633=CARTESIAN_POINT('Origin',(6.39999999999999,6.,5.50000000000001));
#6634=CARTESIAN_POINT('',(6.90000000000001,0.5,5.50000000000001));
#6635=CARTESIAN_POINT('Origin',(6.39999999999999,0.5,5.50000000000001));
#6636=CARTESIAN_POINT('',(6.89999999999999,0.5,5.50000000000001));
#6637=CARTESIAN_POINT('Origin',(-6.9,0.5,6.));
#6638=CARTESIAN_POINT('',(6.19999999999999,0.5,5.50000000000001));
#6639=CARTESIAN_POINT('',(6.19999999999999,0.5,5.50000000000001));
#6640=CARTESIAN_POINT('',(6.89999999999999,0.5,5.));
#6641=CARTESIAN_POINT('',(6.90000000000001,0.5,5.50000000000001));
#6642=CARTESIAN_POINT('Origin',(-6.89999999999999,0.501,5.));
#6643=CARTESIAN_POINT('',(-6.89999999999999,0.501,5.));
#6644=CARTESIAN_POINT('Origin',(-6.9,0.501000000000001,1.110223E-14));
#6645=CARTESIAN_POINT('',(-6.39999999999999,0.501000000000001,1.110149E-14));
#6646=CARTESIAN_POINT('Origin',(-6.89999999999999,5.999,5.));
#6647=CARTESIAN_POINT('',(-6.9,5.999,1.110223E-14));
#6648=CARTESIAN_POINT('',(-6.89999999999999,5.999,5.));
#6649=CARTESIAN_POINT('Origin',(-6.89999999999999,6.,5.));
#6650=CARTESIAN_POINT('Origin',(-6.89999999999999,0.,5.));
#6651=CARTESIAN_POINT('',(-6.9,6.5,5.));
#6652=CARTESIAN_POINT('',(-6.9,6.5,-2.5));
#6653=CARTESIAN_POINT('Origin',(-6.89999999999999,0.,5.));
#6654=CARTESIAN_POINT('',(-6.9,0.,-2.5));
#6655=CARTESIAN_POINT('',(-6.9,0.,-2.5));
#6656=CARTESIAN_POINT('',(-6.89999999999999,0.,5.));
#6657=CARTESIAN_POINT('',(-6.9,0.,-2.5));
#6658=CARTESIAN_POINT('',(-6.89999999999999,0.,5.));
#6659=CARTESIAN_POINT('Origin',(0.,0.25,5.50000000000001));
#6660=CARTESIAN_POINT('',(-6.4,6.,5.5));
#6661=CARTESIAN_POINT('',(6.20000000000001,6.,5.50000000000001));
#6662=CARTESIAN_POINT('Origin',(6.89999999999999,0.501,5.));
#6663=CARTESIAN_POINT('',(6.89999999999999,0.501,5.));
#6664=CARTESIAN_POINT('',(6.89999999999999,0.501,5.));
#6665=CARTESIAN_POINT('',(6.89999999999999,0.5,5.));
#6666=CARTESIAN_POINT('Origin',(6.9,0.501000000000001,1.110223E-14));
#6667=CARTESIAN_POINT('',(6.9,0.501000000000001,1.110223E-14));
#6668=CARTESIAN_POINT('',(6.9,0.501000000000001,1.110149E-14));
#6669=CARTESIAN_POINT('',(6.89999999999999,0.501,5.));
#6670=CARTESIAN_POINT('Origin',(6.89999999999999,5.999,5.));
#6671=CARTESIAN_POINT('',(6.89999999999999,5.999,5.));
#6672=CARTESIAN_POINT('',(6.89999999999999,5.999,5.));
#6673=CARTESIAN_POINT('',(6.9,5.999,1.110223E-14));
#6674=CARTESIAN_POINT('',(6.89999999999999,5.999,1.110223E-14));
#6675=CARTESIAN_POINT('',(6.39999999999999,5.999,1.110223E-14));
#6676=CARTESIAN_POINT('Origin',(6.89999999999999,6.,5.));
#6677=CARTESIAN_POINT('',(6.89999999999999,5.999,5.));
#6678=CARTESIAN_POINT('Origin',(6.9,0.,-2.5));
#6679=CARTESIAN_POINT('',(6.89999999999999,6.5,-2.5));
#6680=CARTESIAN_POINT('',(6.89999999999999,6.5,5.));
#6681=CARTESIAN_POINT('Origin',(6.9,0.,-2.5));
#6682=CARTESIAN_POINT('',(6.9,4.5,1.110223E-14));
#6683=CARTESIAN_POINT('',(6.9,6.,5.));
#6684=CARTESIAN_POINT('',(6.90000000000001,0.501000000000001,1.110149E-14));
#6685=CARTESIAN_POINT('',(6.9,3.,1.110223E-14));
#6686=CARTESIAN_POINT('Origin',(6.9,3.,1.110223E-14));
#6687=CARTESIAN_POINT('',(-4.,0.,-4.898425E-16));
#6688=CARTESIAN_POINT('',(-4.,0.,-4.898425E-16));
#6689=CARTESIAN_POINT('',(-5.00000000000001,0.,3.054787E-15));
#6690=CARTESIAN_POINT('',(-4.,0.,-4.898425E-16));
#6691=CARTESIAN_POINT('',(-5.00000000000001,0.,3.054787E-15));
#6692=CARTESIAN_POINT('',(-5.00000000000001,6.5,3.330669E-15));
#6693=CARTESIAN_POINT('',(-0.250000000000001,6.5,3.330669E-15));
#6694=CARTESIAN_POINT('',(5.,6.5,3.330669E-15));
#6695=CARTESIAN_POINT('',(5.00000000000001,0.,3.054787E-15));
#6696=CARTESIAN_POINT('',(5.00000000000001,0.,3.054787E-15));
#6697=CARTESIAN_POINT('',(5.00000000000001,0.,3.054787E-15));
#6698=CARTESIAN_POINT('Origin',(-2.35,6.5,2.9));
#6699=CARTESIAN_POINT('',(-2.35,6.5,2.9));
#6700=CARTESIAN_POINT('',(-2.35,6.5,4.9));
#6701=CARTESIAN_POINT('Origin',(-2.35,6.5,4.9));
#6702=CARTESIAN_POINT('',(-1.75000000000001,6.5,4.9));
#6703=CARTESIAN_POINT('Origin',(-1.75000000000001,6.5,4.9));
#6704=CARTESIAN_POINT('',(-1.75,6.5,2.9));
#6705=CARTESIAN_POINT('Origin',(-1.75,6.5,2.9));
#6706=CARTESIAN_POINT('Origin',(1.74999999999999,6.5,4.90000000000001));
#6707=CARTESIAN_POINT('',(1.74999999999999,6.5,4.90000000000001));
#6708=CARTESIAN_POINT('',(2.34999999999999,6.5,4.90000000000001));
#6709=CARTESIAN_POINT('Origin',(2.34999999999999,6.5,4.90000000000001));
#6710=CARTESIAN_POINT('',(2.34999999999999,6.5,2.90000000000001));
#6711=CARTESIAN_POINT('Origin',(2.34999999999999,6.5,2.90000000000001));
#6712=CARTESIAN_POINT('',(1.74999999999999,6.5,2.90000000000001));
#6713=CARTESIAN_POINT('Origin',(1.74999999999999,6.5,2.90000000000001));
#6714=CARTESIAN_POINT('Origin',(6.19999999999999,6.5,5.3));
#6715=CARTESIAN_POINT('',(6.4,6.,5.21428571428571));
#6716=CARTESIAN_POINT('Origin',(6.89999999999999,6.5,-2.5));
#6717=CARTESIAN_POINT('',(6.4,6.5,-2.5));
#6718=CARTESIAN_POINT('Origin',(6.4,6.5,-2.5));
#6719=CARTESIAN_POINT('',(6.4,6.5,-5.6));
#6720=CARTESIAN_POINT('Origin',(6.,6.5,-5.6));
#6721=CARTESIAN_POINT('',(5.6,6.5,-5.6));
#6722=CARTESIAN_POINT('Origin',(5.6,6.5,-5.6));
#6723=CARTESIAN_POINT('',(5.6,6.5,-2.5));
#6724=CARTESIAN_POINT('Origin',(5.6,6.5,-2.5));
#6725=CARTESIAN_POINT('',(5.,6.5,-2.5));
#6726=CARTESIAN_POINT('Origin',(5.,6.5,-2.5));
#6727=CARTESIAN_POINT('Origin',(-5.00000000000001,6.5,3.330669E-15));
#6728=CARTESIAN_POINT('',(-5.00000000000001,6.5,-2.5));
#6729=CARTESIAN_POINT('Origin',(-5.00000000000001,6.5,-2.5));
#6730=CARTESIAN_POINT('',(-5.60000000000001,6.5,-2.5));
#6731=CARTESIAN_POINT('Origin',(-5.60000000000001,6.5,-2.5));
#6732=CARTESIAN_POINT('',(-5.6,6.5,-5.6));
#6733=CARTESIAN_POINT('Origin',(-6.00000000000001,6.5,-5.6));
#6734=CARTESIAN_POINT('',(-6.4,6.5,-5.6));
#6735=CARTESIAN_POINT('Origin',(-6.4,6.5,-5.6));
#6736=CARTESIAN_POINT('',(-6.4,6.5,-2.5));
#6737=CARTESIAN_POINT('Origin',(-6.4,6.5,-2.5));
#6738=CARTESIAN_POINT('Origin',(-6.9,6.5,5.));
#6739=CARTESIAN_POINT('',(-6.9,6.,5.));
#6740=CARTESIAN_POINT('',(-6.19999999999999,6.5,5.3));
#6741=CARTESIAN_POINT('Origin',(-0.250000000000001,6.5,3.330669E-15));
#6742=CARTESIAN_POINT('Origin',(-6.9,6.,6.));
#6743=CARTESIAN_POINT('',(-6.19999999999999,6.,6.));
#6744=CARTESIAN_POINT('Origin',(-6.19999999999999,6.,6.));
#6745=CARTESIAN_POINT('Origin',(6.20000000000001,6.,6.00000000000001));
#6746=CARTESIAN_POINT('Origin',(6.19999999999999,0.,5.3));
#6747=CARTESIAN_POINT('',(6.19999999999999,0.,5.3));
#6748=CARTESIAN_POINT('',(6.19999999999999,0.,5.50000000000001));
#6749=CARTESIAN_POINT('',(6.19999999999999,0.,5.3));
#6750=CARTESIAN_POINT('Origin',(4.,0.,4.50000000000001));
#6751=CARTESIAN_POINT('',(4.,0.,4.50000000000001));
#6752=CARTESIAN_POINT('',(4.,0.,4.2));
#6753=CARTESIAN_POINT('',(4.,0.,4.50000000000001));
#6754=CARTESIAN_POINT('Origin',(5.00000000000001,0.,3.054787E-15));
#6755=CARTESIAN_POINT('',(5.,0.,-2.5));
#6756=CARTESIAN_POINT('',(5.,0.,-2.5));
#6757=CARTESIAN_POINT('',(5.,0.,-2.5));
#6758=CARTESIAN_POINT('Origin',(5.,0.,-2.5));
#6759=CARTESIAN_POINT('',(5.6,0.,-2.5));
#6760=CARTESIAN_POINT('',(5.6,0.,-2.5));
#6761=CARTESIAN_POINT('',(5.6,0.,-2.5));
#6762=CARTESIAN_POINT('Origin',(5.6,0.,-2.5));
#6763=CARTESIAN_POINT('',(5.6,0.,-5.6));
#6764=CARTESIAN_POINT('',(5.6,0.,-5.6));
#6765=CARTESIAN_POINT('',(5.6,0.,-5.6));
#6766=CARTESIAN_POINT('Origin',(6.,0.,-5.6));
#6767=CARTESIAN_POINT('',(6.4,0.,-5.6));
#6768=CARTESIAN_POINT('',(6.4,0.,-5.6));
#6769=CARTESIAN_POINT('Origin',(6.,0.,-5.6));
#6770=CARTESIAN_POINT('Origin',(6.4,0.,-5.6));
#6771=CARTESIAN_POINT('',(6.4,0.,-2.5));
#6772=CARTESIAN_POINT('',(6.4,0.,-2.5));
#6773=CARTESIAN_POINT('',(6.4,0.,-2.5));
#6774=CARTESIAN_POINT('Origin',(6.4,0.,-2.5));
#6775=CARTESIAN_POINT('',(6.9,0.,-2.5));
#6776=CARTESIAN_POINT('',(6.9,0.,-2.5));
#6777=CARTESIAN_POINT('',(6.9,0.,-2.5));
#6778=CARTESIAN_POINT('Origin',(6.9,0.,-2.5));
#6779=CARTESIAN_POINT('',(6.89999999999999,0.,5.));
#6780=CARTESIAN_POINT('',(6.89999999999999,0.,5.));
#6781=CARTESIAN_POINT('',(6.89999999999999,0.,5.));
#6782=CARTESIAN_POINT('Origin',(6.89999999999999,0.,5.));
#6783=CARTESIAN_POINT('',(6.19999999999999,0.,5.3));
#6784=CARTESIAN_POINT('Origin',(-6.19999999999999,0.,5.3));
#6785=CARTESIAN_POINT('',(-6.89999999999999,0.,5.));
#6786=CARTESIAN_POINT('Origin',(-6.9,0.,-2.5));
#6787=CARTESIAN_POINT('',(-6.4,0.,-2.5));
#6788=CARTESIAN_POINT('',(-6.4,0.,-2.5));
#6789=CARTESIAN_POINT('',(-6.4,0.,-2.5));
#6790=CARTESIAN_POINT('Origin',(-6.4,0.,-2.5));
#6791=CARTESIAN_POINT('',(-6.4,0.,-5.6));
#6792=CARTESIAN_POINT('',(-6.4,0.,-5.6));
#6793=CARTESIAN_POINT('',(-6.4,0.,-5.6));
#6794=CARTESIAN_POINT('Origin',(-6.,0.,-5.6));
#6795=CARTESIAN_POINT('',(-5.6,0.,-5.6));
#6796=CARTESIAN_POINT('',(-5.6,0.,-5.6));
#6797=CARTESIAN_POINT('Origin',(-6.,0.,-5.6));
#6798=CARTESIAN_POINT('Origin',(-5.6,0.,-5.6));
#6799=CARTESIAN_POINT('',(-5.6,0.,-2.5));
#6800=CARTESIAN_POINT('',(-5.6,0.,-2.5));
#6801=CARTESIAN_POINT('',(-5.6,0.,-2.5));
#6802=CARTESIAN_POINT('Origin',(-5.6,0.,-2.5));
#6803=CARTESIAN_POINT('',(-5.,0.,-2.5));
#6804=CARTESIAN_POINT('',(-5.,0.,-2.5));
#6805=CARTESIAN_POINT('',(-5.,0.,-2.5));
#6806=CARTESIAN_POINT('Origin',(-5.,0.,-2.5));
#6807=CARTESIAN_POINT('',(-5.00000000000001,0.,3.054787E-15));
#6808=CARTESIAN_POINT('Origin',(-4.,0.,-4.898425E-16));
#6809=CARTESIAN_POINT('',(-4.,0.,4.50000000000001));
#6810=CARTESIAN_POINT('',(-4.,0.,4.50000000000001));
#6811=CARTESIAN_POINT('',(-4.,0.,4.50000000000001));
#6812=CARTESIAN_POINT('Origin',(-4.,0.,4.50000000000001));
#6813=CARTESIAN_POINT('',(4.,0.,4.50000000000001));
#6814=CARTESIAN_POINT('Origin',(-4.68972401545852,0.,1.40096573601682));
#6815=UNCERTAINTY_MEASURE_WITH_UNIT(LENGTH_MEASURE(0.01),#6819,
'DISTANCE_ACCURACY_VALUE',
'Maximum model space distance between geometric entities at asserted c
onnectivities');
#6816=UNCERTAINTY_MEASURE_WITH_UNIT(LENGTH_MEASURE(0.01),#6819,
'DISTANCE_ACCURACY_VALUE',
'Maximum model space distance between geometric entities at asserted c
onnectivities');
#6817=(
GEOMETRIC_REPRESENTATION_CONTEXT(3)
GLOBAL_UNCERTAINTY_ASSIGNED_CONTEXT((#6815))
GLOBAL_UNIT_ASSIGNED_CONTEXT((#6819,#6821,#6822))
REPRESENTATION_CONTEXT('','3D')
);
#6818=(
GEOMETRIC_REPRESENTATION_CONTEXT(3)
GLOBAL_UNCERTAINTY_ASSIGNED_CONTEXT((#6816))
GLOBAL_UNIT_ASSIGNED_CONTEXT((#6819,#6821,#6822))
REPRESENTATION_CONTEXT('','3D')
);
#6819=(
LENGTH_UNIT()
NAMED_UNIT(*)
SI_UNIT(.MILLI.,.METRE.)
);
#6820=(
LENGTH_UNIT()
NAMED_UNIT(*)
SI_UNIT(.CENTI.,.METRE.)
);
#6821=(
NAMED_UNIT(*)
PLANE_ANGLE_UNIT()
SI_UNIT($,.RADIAN.)
);
#6822=(
NAMED_UNIT(*)
SI_UNIT($,.STERADIAN.)
SOLID_ANGLE_UNIT()
);
#6823=SHAPE_DEFINITION_REPRESENTATION(#6824,#6825);
#6824=PRODUCT_DEFINITION_SHAPE('',$,#6827);
#6825=SHAPE_REPRESENTATION('',(#4275),#6817);
#6826=PRODUCT_DEFINITION_CONTEXT('part definition',#6831,'design');
#6827=PRODUCT_DEFINITION('JSS1219','JSS1219',#6828,#6826);
#6828=PRODUCT_DEFINITION_FORMATION('',$,#6833);
#6829=PRODUCT_RELATED_PRODUCT_CATEGORY('JSS1219','JSS1219',(#6833));
#6830=APPLICATION_PROTOCOL_DEFINITION('international standard',
'automotive_design',2009,#6831);
#6831=APPLICATION_CONTEXT(
'Core Data for Automotive Mechanical Design Process');
#6832=PRODUCT_CONTEXT('part definition',#6831,'mechanical');
#6833=PRODUCT('JSS1219','JSS1219',$,(#6832));
#6834=PRESENTATION_STYLE_ASSIGNMENT((#6835));
#6835=SURFACE_STYLE_USAGE(.BOTH.,#6838);
#6836=SURFACE_STYLE_RENDERING_WITH_PROPERTIES($,#6842,(#6837));
#6837=SURFACE_STYLE_TRANSPARENT(0.);
#6838=SURFACE_SIDE_STYLE('',(#6839,#6836));
#6839=SURFACE_STYLE_FILL_AREA(#6840);
#6840=FILL_AREA_STYLE('',(#6841));
#6841=FILL_AREA_STYLE_COLOUR('',#6842);
#6842=COLOUR_RGB('',0.749019607843137,0.749019607843137,0.749019607843137);
ENDSEC;
END-ISO-10303-21;
