ISO-10303-21;
HEADER;
FILE_DESCRIPTION (( 'STEP AP214' ),
    '1' );
FILE_NAME ('SOT230P700X180-4N_JEDEC_TO-261AA_SOT223-3.STEP',
    '2011-01-11T15:14:48',
    ( '.' ),
    ( '.' ),
    'SwSTEP 2.0',
    'SolidWorks 2010',
    '' );
FILE_SCHEMA (( 'AUTOMOTIVE_DESIGN' ));
ENDSEC;

DATA;
#1 = LINE ( 'NONE', #4, #3 ) ;
#2 = DIRECTION ( 'NONE',  ( -0.0000000000000000000, -1.000000000000000000, -0.0000000000000000000 ) ) ;
#3 = VECTOR ( 'NONE', #2, 1000.000000000000000 ) ;
#4 = CARTESIAN_POINT ( 'NONE',  ( -1.750000000000000000, 3.250000000000000000, 1.075000000000000200 ) ) ;
#5 = CARTESIAN_POINT ( 'NONE',  ( 1.750000000000000000, 3.250000000000000000, 1.074999999999999700 ) ) ;
#6 = DIRECTION ( 'NONE',  ( -0.0000000000000000000, -1.000000000000000000, -0.0000000000000000000 ) ) ;
#7 = CARTESIAN_POINT ( 'NONE',  ( 1.750000000000000000, 3.199999999999999700, 1.074999999999999700 ) ) ;
#8 = LINE ( 'NONE', #5, #14 ) ;
#9 = CARTESIAN_POINT ( 'NONE',  ( -1.750000000000000000, 1.920000000000001000, 0.7750000000000002400 ) ) ;
#10 = DIRECTION ( 'NONE',  ( -0.0000000000000000000, -1.000000000000000000, -0.0000000000000000000 ) ) ;
#11 = VECTOR ( 'NONE', #10, 1000.000000000000000 ) ;
#12 = CARTESIAN_POINT ( 'NONE',  ( 1.749999999999999800, 3.250000000000000000, 0.7749999999999999100 ) ) ;
#13 = LINE ( 'NONE', #12, #11 ) ;
#14 = VECTOR ( 'NONE', #6, 1000.000000000000000 ) ;
#15 = CARTESIAN_POINT ( 'NONE',  ( -1.749999999999997800, 2.680000000000000200, 0.7750000000000002400 ) ) ;
#16 = CARTESIAN_POINT ( 'NONE',  ( -1.749999999999997100, 1.920000000000000400, 1.075000000000000200 ) ) ;
#17 = CARTESIAN_POINT ( 'NONE',  ( -1.749999999999997800, 0.3800000000000001200, 0.7750000000000002400 ) ) ;
#18 = VECTOR ( 'NONE', #19, 1000.000000000000000 ) ;
#19 = DIRECTION ( 'NONE',  ( 0.0000000000000000000, 1.000000000000000000, -1.426581805901979900E-016 ) ) ;
#20 = CARTESIAN_POINT ( 'NONE',  ( -1.749999999999997800, -2.679999999999999700, 0.7750000000000003600 ) ) ;
#21 = LINE ( 'NONE', #20, #18 ) ;
#22 = ADVANCED_FACE ( 'NONE', ( #4171 ), #4193, .T. ) ;
#23 = ADVANCED_FACE ( 'NONE', ( #4192 ), #4241, .T. ) ;
#24 = EDGE_LOOP ( 'NONE', ( #3886, #4000, #3994, #3961 ) ) ;
#25 = ORIENTED_EDGE ( 'NONE', *, *, #3795, .T. ) ;
#26 = VERTEX_POINT ( 'NONE', #4230 ) ;
#27 = EDGE_LOOP ( 'NONE', ( #29, #46, #35, #3792 ) ) ;
#28 = VERTEX_POINT ( 'NONE', #4231 ) ;
#29 = ORIENTED_EDGE ( 'NONE', *, *, #3347, .T. ) ;
#30 = EDGE_CURVE ( 'NONE', #44, #28, #4255, .T. ) ;
#31 = EDGE_CURVE ( 'NONE', #32, #28, #4239, .T. ) ;
#32 = VERTEX_POINT ( 'NONE', #4242 ) ;
#33 = ORIENTED_EDGE ( 'NONE', *, *, #64, .F. ) ;
#34 = EDGE_LOOP ( 'NONE', ( #47, #58, #37, #33, #60, #62 ) ) ;
#35 = ORIENTED_EDGE ( 'NONE', *, *, #31, .F. ) ;
#36 = EDGE_CURVE ( 'NONE', #32, #43, #4259, .T. ) ;
#37 = ORIENTED_EDGE ( 'NONE', *, *, #61, .F. ) ;
#38 = EDGE_CURVE ( 'NONE', #3817, #3818, #4263, .T. ) ;
#39 = EDGE_CURVE ( 'NONE', #63, #3841, #4234, .T. ) ;
#40 = ORIENTED_EDGE ( 'NONE', *, *, #41, .T. ) ;
#41 = EDGE_CURVE ( 'NONE', #66, #26, #4219, .T. ) ;
#42 = EDGE_LOOP ( 'NONE', ( #3866, #3869, #40, #3867, #3814, #3871 ) ) ;
#43 = VERTEX_POINT ( 'NONE', #4252 ) ;
#44 = VERTEX_POINT ( 'NONE', #4218 ) ;
#45 = ADVANCED_FACE ( 'NONE', ( #4216 ), #4277, .F. ) ;
#46 = ORIENTED_EDGE ( 'NONE', *, *, #30, .T. ) ;
#47 = ORIENTED_EDGE ( 'NONE', *, *, #38, .T. ) ;
#48 = ORIENTED_EDGE ( 'NONE', *, *, #4008, .T. ) ;
#49 = EDGE_LOOP ( 'NONE', ( #3887, #3985, #3882, #3972, #3958 ) ) ;
#50 = ORIENTED_EDGE ( 'NONE', *, *, #3253, .F. ) ;
#51 = EDGE_LOOP ( 'NONE', ( #3316, #3334, #3356, #3358 ) ) ;
#52 = ORIENTED_EDGE ( 'NONE', *, *, #3277, .F. ) ;
#53 = EDGE_LOOP ( 'NONE', ( #3969, #3890, #3990 ) ) ;
#54 = EDGE_CURVE ( 'NONE', #3493, #3305, #4270, .T. ) ;
#55 = ORIENTED_EDGE ( 'NONE', *, *, #4005, .T. ) ;
#56 = EDGE_LOOP ( 'NONE', ( #3986, #52, #4001, #4032 ) ) ;
#57 = ADVANCED_FACE ( 'NONE', ( #4287 ), #4340, .F. ) ;
#58 = ORIENTED_EDGE ( 'NONE', *, *, #59, .T. ) ;
#59 = EDGE_CURVE ( 'NONE', #3818, #3811, #4355, .T. ) ;
#60 = ORIENTED_EDGE ( 'NONE', *, *, #39, .F. ) ;
#61 = EDGE_CURVE ( 'NONE', #65, #3811, #4290, .T. ) ;
#62 = ORIENTED_EDGE ( 'NONE', *, *, #3172, .T. ) ;
#63 = VERTEX_POINT ( 'NONE', #4295 ) ;
#64 = EDGE_CURVE ( 'NONE', #3841, #65, #4356, .T. ) ;
#65 = VERTEX_POINT ( 'NONE', #4303 ) ;
#66 = VERTEX_POINT ( 'NONE', #4359 ) ;
#67 = DIRECTION ( 'NONE',  ( 0.9848077530122074700, 0.0000000000000000000, -0.1736481776669337200 ) ) ;
#68 = LINE ( 'NONE', #115, #163 ) ;
#69 = VECTOR ( 'NONE', #128, 1000.000000000000000 ) ;
#70 = CARTESIAN_POINT ( 'NONE',  ( 1.580207957427501900, -3.079326322523956900, 1.800000000000000000 ) ) ;
#71 =( LENGTH_UNIT ( ) NAMED_UNIT ( * ) SI_UNIT ( .MILLI., .METRE. ) );
#72 = PLANE ( 'NONE',  #98 ) ;
#73 = DIRECTION ( 'NONE',  ( -0.0000000000000000000, -1.000000000000000000, -0.0000000000000000000 ) ) ;
#74 = CARTESIAN_POINT ( 'NONE',  ( -1.749999999999997100, -2.679999999999999700, 1.075000000000000200 ) ) ;
#75 = FACE_OUTER_BOUND ( 'NONE', #3176, .T. ) ;
#76 = DIRECTION ( 'NONE',  ( -0.0000000000000000000, 1.000000000000000000, -0.0000000000000000000 ) ) ;
#77 = VECTOR ( 'NONE', #76, 1000.000000000000000 ) ;
#78 = CARTESIAN_POINT ( 'NONE',  ( -1.629448345078106800, 3.250000000000000000, 1.758682408883347300 ) ) ;
#79 = LINE ( 'NONE', #78, #77 ) ;
#80 = FILL_AREA_STYLE_COLOUR ( '', #84 ) ;
#81 = VECTOR ( 'NONE', #85, 1000.000000000000000 ) ;
#82 = PLANE ( 'NONE',  #155 ) ;
#83 = AXIS2_PLACEMENT_3D ( 'NONE', #131, #67, #164 ) ;
#84 = COLOUR_RGB ( '',0.06274509803921568500, 0.06274509803921568500, 0.06274509803921568500 ) ;
#85 = DIRECTION ( 'NONE',  ( 7.228014483236699500E-016, -0.0000000000000000000, 1.000000000000000000 ) ) ;
#86 = CARTESIAN_POINT ( 'NONE',  ( 1.750000000000000000, 3.199999999999999700, 1.074999999999999700 ) ) ;
#87 = DIRECTION ( 'NONE',  ( -0.1710878697460316000, -0.1710878697460321600, 0.9702875252478152500 ) ) ;
#88 = VECTOR ( 'NONE', #87, 1000.000000000000100 ) ;
#89 = CARTESIAN_POINT ( 'NONE',  ( 1.623604257287049300, 3.073482234732893800, 1.791825877725052200 ) ) ;
#90 = LINE ( 'NONE', #89, #88 ) ;
#91 =( NAMED_UNIT ( * ) PLANE_ANGLE_UNIT ( ) SI_UNIT ( $, .RADIAN. ) );
#92 = DIRECTION ( 'NONE',  ( -0.9848077530122074700, 0.0000000000000000000, 0.1736481776669340800 ) ) ;
#93 = CARTESIAN_POINT ( 'NONE',  ( 1.749999999999999800, 3.250000000000000000, 0.7749999999999999100 ) ) ;
#94 = STYLED_ITEM ( 'NONE', ( #179 ), #3183 ) ;
#95 = DIRECTION ( 'NONE',  ( 7.228014483236699500E-016, 0.0000000000000000000, 1.000000000000000000 ) ) ;
#96 = DIRECTION ( 'NONE',  ( -1.000000000000000000, 0.0000000000000000000, 7.228014483236699500E-016 ) ) ;
#97 = CARTESIAN_POINT ( 'NONE',  ( 1.750000000000000000, 3.250000000000000000, 1.074999999999999700 ) ) ;
#98 = AXIS2_PLACEMENT_3D ( 'NONE', #97, #96, #95 ) ;
#99 = LINE ( 'NONE', #100, #4413 ) ;
#100 = CARTESIAN_POINT ( 'NONE',  ( -1.751441318300683400, -3.201319295746528000, 0.7831741222749477600 ) ) ;
#101 =( GEOMETRIC_REPRESENTATION_CONTEXT ( 3 ) GLOBAL_UNCERTAINTY_ASSIGNED_CONTEXT ( ( #184 ) ) GLOBAL_UNIT_ASSIGNED_CONTEXT ( ( #165, #186, #185 ) ) REPRESENTATION_CONTEXT ( 'NONE', 'WORKASPACE' ) );
#102 = VECTOR ( 'NONE', #146, 1000.000000000000000 ) ;
#103 = CARTESIAN_POINT ( 'NONE',  ( 1.629448345078106300, -3.079326322523956900, 0.09131759111665331600 ) ) ;
#104 = COLOUR_RGB ( '',0.06274509803921568500, 0.06274509803921568500, 0.06274509803921568500 ) ;
#105 =( NAMED_UNIT ( * ) SI_UNIT ( $, .STERADIAN. ) SOLID_ANGLE_UNIT ( ) );
#106 = VECTOR ( 'NONE', #183, 1000.000000000000200 ) ;
#107 = CARTESIAN_POINT ( 'NONE',  ( 1.751441318300683200, 3.201319295746528400, 0.7831741222749475400 ) ) ;
#108 = LINE ( 'NONE', #107, #106 ) ;
#109 = FILL_AREA_STYLE ('',( #123 ) ) ;
#110 = UNCERTAINTY_MEASURE_WITH_UNIT (LENGTH_MEASURE( 1.000000000000000100E-005 ), #71, 'distance_accuracy_value', 'NONE');
#111 =( NAMED_UNIT ( * ) SI_UNIT ( $, .STERADIAN. ) SOLID_ANGLE_UNIT ( ) );
#112 = MECHANICAL_DESIGN_GEOMETRIC_PRESENTATION_REPRESENTATION (  '', ( #156 ), #132 ) ;
#113 = PRESENTATION_LAYER_ASSIGNMENT (  '', '', ( #156 ) ) ;
#114 = LINE ( 'NONE', #127, #126 ) ;
#115 = CARTESIAN_POINT ( 'NONE',  ( 1.749999999999999100, 1.500000000000000000, 1.075000000000000200 ) ) ;
#116 = CARTESIAN_POINT ( 'NONE',  ( -1.749999999999997100, 1.920000000000000400, 1.075000000000000200 ) ) ;
#117 = LINE ( 'NONE', #116, #69 ) ;
#118 = LINE ( 'NONE', #153, #152 ) ;
#119 = LINE ( 'NONE', #74, #173 ) ;
#120 = DIRECTION ( 'NONE',  ( -0.0000000000000000000, -1.000000000000000000, -0.0000000000000000000 ) ) ;
#121 = VECTOR ( 'NONE', #120, 1000.000000000000000 ) ;
#122 = FILL_AREA_STYLE ('',( #80 ) ) ;
#123 = FILL_AREA_STYLE_COLOUR ( '', #175 ) ;
#124 = CARTESIAN_POINT ( 'NONE',  ( -1.629448345078106800, -3.079326322523956000, 1.758682408883347300 ) ) ;
#125 = DIRECTION ( 'NONE',  ( -0.0000000000000000000, -0.0000000000000000000, -1.000000000000000000 ) ) ;
#126 = VECTOR ( 'NONE', #125, 1000.000000000000000 ) ;
#127 = CARTESIAN_POINT ( 'NONE',  ( -1.750000000000000000, 3.199999999999999700, 1.075000000000000200 ) ) ;
#128 = DIRECTION ( 'NONE',  ( -0.0000000000000000000, -1.000000000000000000, -0.0000000000000000000 ) ) ;
#129 = CARTESIAN_POINT ( 'NONE',  ( -1.750000000000000000, 0.3800000000000003400, 1.075000000000000200 ) ) ;
#130 = PRESENTATION_LAYER_ASSIGNMENT (  '', '', ( #94 ) ) ;
#131 = CARTESIAN_POINT ( 'NONE',  ( -1.750000000000000000, 3.250000000000000000, 1.075000000000000200 ) ) ;
#132 =( GEOMETRIC_REPRESENTATION_CONTEXT ( 3 ) GLOBAL_UNCERTAINTY_ASSIGNED_CONTEXT ( ( #110 ) ) GLOBAL_UNIT_ASSIGNED_CONTEXT ( ( #71, #174, #111 ) ) REPRESENTATION_CONTEXT ( 'NONE', 'WORKASPACE' ) );
#133 =( LENGTH_UNIT ( ) NAMED_UNIT ( * ) SI_UNIT ( .MILLI., .METRE. ) );
#134 = DIRECTION ( 'NONE',  ( 0.1736481776669340500, 0.0000000000000000000, 0.9848077530122073500 ) ) ;
#135 = FACE_OUTER_BOUND ( 'NONE', #3197, .T. ) ;
#136 = SURFACE_STYLE_USAGE ( .BOTH. , #139 ) ;
#137 = MECHANICAL_DESIGN_GEOMETRIC_PRESENTATION_REPRESENTATION (  '', ( #94 ), #180 ) ;
#138 = SURFACE_STYLE_FILL_AREA ( #187 ) ;
#139 = SURFACE_SIDE_STYLE ('',( #138 ) ) ;
#140 = CARTESIAN_POINT ( 'NONE',  ( -1.750000000000000000, 3.199877977445845000, 0.7750000000000002400 ) ) ;
#141 = CARTESIAN_POINT ( 'NONE',  ( 1.580207957427501900, 3.079326322523956900, 1.800000000000000000 ) ) ;
#142 = CARTESIAN_POINT ( 'NONE',  ( -1.629448345078106800, 3.079326322523956900, 1.758682408883347300 ) ) ;
#143 = CARTESIAN_POINT ( 'NONE',  ( 1.750000000000000000, 3.250000000000000000, 1.074999999999999700 ) ) ;
#144 = LINE ( 'NONE', #143, #121 ) ;
#145 = CARTESIAN_POINT ( 'NONE',  ( 1.750000000000000000, 3.250000000000000000, 1.074999999999999700 ) ) ;
#146 = DIRECTION ( 'NONE',  ( -0.0000000000000000000, -1.000000000000000000, -0.0000000000000000000 ) ) ;
#147 = DIRECTION ( 'NONE',  ( -0.0000000000000000000, -1.000000000000000000, -0.0000000000000000000 ) ) ;
#148 = VECTOR ( 'NONE', #147, 1000.000000000000000 ) ;
#149 = LINE ( 'NONE', #86, #81 ) ;
#150 = CARTESIAN_POINT ( 'NONE',  ( 1.749999999999999800, 1.500000000000000900, 0.7749999999999999100 ) ) ;
#151 = DIRECTION ( 'NONE',  ( 1.000000000000000000, 4.753691803391212200E-035, -1.336736460226353200E-016 ) ) ;
#152 = VECTOR ( 'NONE', #151, 1000.000000000000000 ) ;
#153 = CARTESIAN_POINT ( 'NONE',  ( 1.622162938986366100, -3.079326322523956900, 1.800000000000000000 ) ) ;
#154 = LINE ( 'NONE', #145, #148 ) ;
#155 = AXIS2_PLACEMENT_3D ( 'NONE', #93, #92, #134 ) ;
#156 = STYLED_ITEM ( 'NONE', ( #157 ), #3185 ) ;
#157 = PRESENTATION_STYLE_ASSIGNMENT (( #158 ) ) ;
#158 = SURFACE_STYLE_USAGE ( .BOTH. , #159 ) ;
#159 = SURFACE_SIDE_STYLE ('',( #160 ) ) ;
#160 = SURFACE_STYLE_FILL_AREA ( #109 ) ;
#161 = FACE_OUTER_BOUND ( 'NONE', #3161, .T. ) ;
#162 = DIRECTION ( 'NONE',  ( 0.0000000000000000000, -1.000000000000000000, -7.228014483236697000E-017 ) ) ;
#163 = VECTOR ( 'NONE', #162, 1000.000000000000000 ) ;
#164 = DIRECTION ( 'NONE',  ( -0.1736481776669336900, 0.0000000000000000000, -0.9848077530122073500 ) ) ;
#165 =( LENGTH_UNIT ( ) NAMED_UNIT ( * ) SI_UNIT ( .MILLI., .METRE. ) );
#166 = MECHANICAL_DESIGN_GEOMETRIC_PRESENTATION_REPRESENTATION (  '', ( #168 ), #101 ) ;
#167 = PRESENTATION_LAYER_ASSIGNMENT (  '', '', ( #168 ) ) ;
#168 = STYLED_ITEM ( 'NONE', ( #169 ), #3222 ) ;
#169 = PRESENTATION_STYLE_ASSIGNMENT (( #170 ) ) ;
#170 = SURFACE_STYLE_USAGE ( .BOTH. , #171 ) ;
#171 = SURFACE_SIDE_STYLE ('',( #172 ) ) ;
#172 = SURFACE_STYLE_FILL_AREA ( #122 ) ;
#173 = VECTOR ( 'NONE', #73, 1000.000000000000000 ) ;
#174 =( NAMED_UNIT ( * ) PLANE_ANGLE_UNIT ( ) SI_UNIT ( $, .RADIAN. ) );
#175 = COLOUR_RGB ( '',0.06274509803921568500, 0.06274509803921568500, 0.06274509803921568500 ) ;
#176 = CARTESIAN_POINT ( 'NONE',  ( -1.750000000000000000, 3.250000000000000000, 0.7750000000000002400 ) ) ;
#177 = LINE ( 'NONE', #176, #102 ) ;
#178 = FILL_AREA_STYLE_COLOUR ( '', #104 ) ;
#179 = PRESENTATION_STYLE_ASSIGNMENT (( #136 ) ) ;
#180 =( GEOMETRIC_REPRESENTATION_CONTEXT ( 3 ) GLOBAL_UNCERTAINTY_ASSIGNED_CONTEXT ( ( #181 ) ) GLOBAL_UNIT_ASSIGNED_CONTEXT ( ( #133, #91, #105 ) ) REPRESENTATION_CONTEXT ( 'NONE', 'WORKASPACE' ) );
#181 = UNCERTAINTY_MEASURE_WITH_UNIT (LENGTH_MEASURE( 1.000000000000000100E-005 ), #133, 'distance_accuracy_value', 'NONE');
#182 = PLANE ( 'NONE',  #83 ) ;
#183 = DIRECTION ( 'NONE',  ( 0.1710878697460392600, 0.1710878697460320200, 0.9702875252478138100 ) ) ;
#184 = UNCERTAINTY_MEASURE_WITH_UNIT (LENGTH_MEASURE( 1.000000000000000100E-005 ), #165, 'distance_accuracy_value', 'NONE');
#185 =( NAMED_UNIT ( * ) SI_UNIT ( $, .STERADIAN. ) SOLID_ANGLE_UNIT ( ) );
#186 =( NAMED_UNIT ( * ) PLANE_ANGLE_UNIT ( ) SI_UNIT ( $, .RADIAN. ) );
#187 = FILL_AREA_STYLE ('',( #178 ) ) ;
#188 =( NAMED_UNIT ( * ) SI_UNIT ( $, .STERADIAN. ) SOLID_ANGLE_UNIT ( ) );
#189 =( NAMED_UNIT ( * ) PLANE_ANGLE_UNIT ( ) SI_UNIT ( $, .RADIAN. ) );
#190 =( GEOMETRIC_REPRESENTATION_CONTEXT ( 3 ) GLOBAL_UNCERTAINTY_ASSIGNED_CONTEXT ( ( #192 ) ) GLOBAL_UNIT_ASSIGNED_CONTEXT ( ( #297, #189, #188 ) ) REPRESENTATION_CONTEXT ( 'NONE', 'WORKASPACE' ) );
#191 =( GEOMETRIC_REPRESENTATION_CONTEXT ( 3 ) GLOBAL_UNCERTAINTY_ASSIGNED_CONTEXT ( ( #381 ) ) GLOBAL_UNIT_ASSIGNED_CONTEXT ( ( #389, #388, #382 ) ) REPRESENTATION_CONTEXT ( 'NONE', 'WORKASPACE' ) );
#192 = UNCERTAINTY_MEASURE_WITH_UNIT (LENGTH_MEASURE( 1.000000000000000100E-005 ), #297, 'distance_accuracy_value', 'NONE');
#193 = LINE ( 'NONE', #200, #195 ) ;
#194 = DIRECTION ( 'NONE',  ( -0.0000000000000000000, 1.000000000000000000, 7.228014483236695800E-017 ) ) ;
#195 = VECTOR ( 'NONE', #194, 1000.000000000000000 ) ;
#196 = DIRECTION ( 'NONE',  ( 1.000000000000000000, 0.0000000000000000000, -0.0000000000000000000 ) ) ;
#197 = CARTESIAN_POINT ( 'NONE',  ( -1.749999999999997800, -0.3799999999999996700, 0.7750000000000003600 ) ) ;
#198 = VECTOR ( 'NONE', #202, 1000.000000000000000 ) ;
#199 = LINE ( 'NONE', #197, #198 ) ;
#200 = CARTESIAN_POINT ( 'NONE',  ( 1.749999999999999100, 1.500000000000000000, 0.7749999999999999100 ) ) ;
#201 =( NAMED_UNIT ( * ) PLANE_ANGLE_UNIT ( ) SI_UNIT ( $, .RADIAN. ) );
#202 = DIRECTION ( 'NONE',  ( 0.0000000000000000000, 1.000000000000000000, -1.426581805901979900E-016 ) ) ;
#203 =( LENGTH_UNIT ( ) NAMED_UNIT ( * ) SI_UNIT ( .MILLI., .METRE. ) );
#204 =( NAMED_UNIT ( * ) SI_UNIT ( $, .STERADIAN. ) SOLID_ANGLE_UNIT ( ) );
#205 = UNCERTAINTY_MEASURE_WITH_UNIT (LENGTH_MEASURE( 1.000000000000000100E-005 ), #203, 'distance_accuracy_value', 'NONE');
#206 =( NAMED_UNIT ( * ) PLANE_ANGLE_UNIT ( ) SI_UNIT ( $, .RADIAN. ) );
#207 = DIRECTION ( 'NONE',  ( 0.0000000000000000000, 0.0000000000000000000, 1.000000000000000000 ) ) ;
#208 = PRESENTATION_LAYER_ASSIGNMENT (  '', '', ( #215 ) ) ;
#209 = MECHANICAL_DESIGN_GEOMETRIC_PRESENTATION_REPRESENTATION (  '', ( #215 ), #233 ) ;
#210 = SURFACE_STYLE_USAGE ( .BOTH. , #217 ) ;
#211 = UNCERTAINTY_MEASURE_WITH_UNIT (LENGTH_MEASURE( 1.000000000000000100E-005 ), #218, 'distance_accuracy_value', 'NONE');
#212 =( NAMED_UNIT ( * ) PLANE_ANGLE_UNIT ( ) SI_UNIT ( $, .RADIAN. ) );
#213 = PRESENTATION_STYLE_ASSIGNMENT (( #210 ) ) ;
#214 =( NAMED_UNIT ( * ) SI_UNIT ( $, .STERADIAN. ) SOLID_ANGLE_UNIT ( ) );
#215 = STYLED_ITEM ( 'NONE', ( #213 ), #3314 ) ;
#216 =( GEOMETRIC_REPRESENTATION_CONTEXT ( 3 ) GLOBAL_UNCERTAINTY_ASSIGNED_CONTEXT ( ( #205 ) ) GLOBAL_UNIT_ASSIGNED_CONTEXT ( ( #203, #201, #204 ) ) REPRESENTATION_CONTEXT ( 'NONE', 'WORKASPACE' ) );
#217 = SURFACE_SIDE_STYLE ('',( #474 ) ) ;
#218 =( LENGTH_UNIT ( ) NAMED_UNIT ( * ) SI_UNIT ( .MILLI., .METRE. ) );
#219 = PLANE ( 'NONE',  #220 ) ;
#220 = AXIS2_PLACEMENT_3D ( 'NONE', #229, #221, #223 ) ;
#221 = DIRECTION ( 'NONE',  ( 0.0000000000000000000, -1.000000000000000000, 0.0000000000000000000 ) ) ;
#222 = PLANE ( 'NONE',  #230 ) ;
#223 = DIRECTION ( 'NONE',  ( 0.0000000000000000000, -0.0000000000000000000, -1.000000000000000000 ) ) ;
#224 = VECTOR ( 'NONE', #225, 1000.000000000000000 ) ;
#225 = DIRECTION ( 'NONE',  ( -0.0000000000000000000, 1.000000000000000000, 0.0000000000000000000 ) ) ;
#226 = CARTESIAN_POINT ( 'NONE',  ( -3.520905066443665600, 2.299999999999999800, 0.2989563782852717200 ) ) ;
#227 = CARTESIAN_POINT ( 'NONE',  ( -2.799999999999999800, 2.299999999999999800, 0.04894876836045235200 ) ) ;
#228 = DIRECTION ( 'NONE',  ( 0.06975647374411812800, 0.0000000000000000000, -0.9975640502598247500 ) ) ;
#229 = CARTESIAN_POINT ( 'NONE',  ( -1.622162938986360300, -3.250000000000000000, 1.800000000000000500 ) ) ;
#230 = AXIS2_PLACEMENT_3D ( 'NONE', #227, #228, #232 ) ;
#231 = LINE ( 'NONE', #226, #224 ) ;
#232 = DIRECTION ( 'NONE',  ( -0.9975640502598247500, 0.0000000000000000000, -0.06975647374411812800 ) ) ;
#233 =( GEOMETRIC_REPRESENTATION_CONTEXT ( 3 ) GLOBAL_UNCERTAINTY_ASSIGNED_CONTEXT ( ( #211 ) ) GLOBAL_UNIT_ASSIGNED_CONTEXT ( ( #218, #206, #214 ) ) REPRESENTATION_CONTEXT ( 'NONE', 'WORKASPACE' ) );
#234 =( NAMED_UNIT ( * ) SI_UNIT ( $, .STERADIAN. ) SOLID_ANGLE_UNIT ( ) );
#235 = UNCERTAINTY_MEASURE_WITH_UNIT (LENGTH_MEASURE( 1.000000000000000100E-005 ), #483, 'distance_accuracy_value', 'NONE');
#236 =( GEOMETRIC_REPRESENTATION_CONTEXT ( 3 ) GLOBAL_UNCERTAINTY_ASSIGNED_CONTEXT ( ( #235 ) ) GLOBAL_UNIT_ASSIGNED_CONTEXT ( ( #483, #212, #234 ) ) REPRESENTATION_CONTEXT ( 'NONE', 'WORKASPACE' ) );
#237 = DIRECTION ( 'NONE',  ( 0.0000000000000000000, 0.0000000000000000000, 1.000000000000000000 ) ) ;
#238 = CARTESIAN_POINT ( 'NONE',  ( -1.622162938986365700, 3.250000000000000000, 0.05000000000000002400 ) ) ;
#239 = AXIS2_PLACEMENT_3D ( 'NONE', #238, #237, #196 ) ;
#240 = PLANE ( 'NONE',  #239 ) ;
#241 = DIRECTION ( 'NONE',  ( 0.9975640502598247500, 0.0000000000000000000, 0.06975647374411812800 ) ) ;
#242 = DIRECTION ( 'NONE',  ( -0.06975647374411812800, -0.0000000000000000000, 0.9975640502598247500 ) ) ;
#243 = CARTESIAN_POINT ( 'NONE',  ( -2.820905066443665000, 2.299999999999999800, 0.3479051466457240300 ) ) ;
#244 = AXIS2_PLACEMENT_3D ( 'NONE', #243, #242, #241 ) ;
#245 = PLANE ( 'NONE',  #244 ) ;
#246 = CARTESIAN_POINT ( 'NONE',  ( -1.969999999999995500, 0.0000000000000000000, 0.6800000000000000500 ) ) ;
#247 = DIRECTION ( 'NONE',  ( -0.0000000000000000000, 1.000000000000000000, 0.0000000000000000000 ) ) ;
#248 = CARTESIAN_POINT ( 'NONE',  ( -2.840486486979171900, -0.3799999999999996700, 0.6279325065563682300 ) ) ;
#249 = PLANE ( 'NONE',  #252 ) ;
#250 = FACE_OUTER_BOUND ( 'NONE', #3307, .T. ) ;
#251 = DIRECTION ( 'NONE',  ( 0.0000000000000000000, 0.0000000000000000000, 1.000000000000000000 ) ) ;
#252 = AXIS2_PLACEMENT_3D ( 'NONE', #246, #256, #255 ) ;
#253 = AXIS2_PLACEMENT_3D ( 'NONE', #248, #247, #251 ) ;
#254 = CIRCLE ( 'NONE', #253, 0.2807111581834858500 ) ;
#255 = DIRECTION ( 'NONE',  ( -0.7071067811865512400, 0.0000000000000000000, -0.7071067811865439100 ) ) ;
#256 = DIRECTION ( 'NONE',  ( 0.7071067811865439100, 0.0000000000000000000, -0.7071067811865512400 ) ) ;
#257 = FILL_AREA_STYLE_COLOUR ( '', #292 ) ;
#258 = CARTESIAN_POINT ( 'NONE',  ( 1.750000000000000000, 3.199877977445845000, 1.074999999999999700 ) ) ;
#259 = SURFACE_STYLE_USAGE ( .BOTH. , #260 ) ;
#260 = SURFACE_SIDE_STYLE ('',( #272 ) ) ;
#261 = VECTOR ( 'NONE', #280, 1000.000000000000000 ) ;
#262 = VECTOR ( 'NONE', #264, 1000.000000000000000 ) ;
#263 = STYLED_ITEM ( 'NONE', ( #278 ), #3329 ) ;
#264 = DIRECTION ( 'NONE',  ( -1.000000000000000000, 0.0000000000000000000, 1.336736460226353200E-016 ) ) ;
#265 = CARTESIAN_POINT ( 'NONE',  ( -1.622162938986360300, -3.250000000000000000, 1.069999999999988700 ) ) ;
#266 = FACE_OUTER_BOUND ( 'NONE', #3365, .T. ) ;
#267 = CARTESIAN_POINT ( 'NONE',  ( -1.750000000000000000, 3.199999999999999700, 1.075000000000000200 ) ) ;
#268 = PRESENTATION_LAYER_ASSIGNMENT (  '', '', ( #269 ) ) ;
#269 = STYLED_ITEM ( 'NONE', ( #270 ), #3248 ) ;
#270 = PRESENTATION_STYLE_ASSIGNMENT (( #271 ) ) ;
#271 = SURFACE_STYLE_USAGE ( .BOTH. , #274 ) ;
#272 = SURFACE_STYLE_FILL_AREA ( #276 ) ;
#273 = CARTESIAN_POINT ( 'NONE',  ( 1.749999999999999800, 3.250000000000000000, 0.7749999999999999100 ) ) ;
#274 = SURFACE_SIDE_STYLE ('',( #275 ) ) ;
#275 = SURFACE_STYLE_FILL_AREA ( #293 ) ;
#276 = FILL_AREA_STYLE ('',( #257 ) ) ;
#277 =( LENGTH_UNIT ( ) NAMED_UNIT ( * ) SI_UNIT ( .MILLI., .METRE. ) );
#278 = PRESENTATION_STYLE_ASSIGNMENT (( #259 ) ) ;
#279 = CARTESIAN_POINT ( 'NONE',  ( 1.749999999999999100, 1.500000000000000000, 1.075000000000000200 ) ) ;
#280 = DIRECTION ( 'NONE',  ( -0.0000000000000000000, -1.000000000000000000, -0.0000000000000000000 ) ) ;
#281 = CARTESIAN_POINT ( 'NONE',  ( -2.799999999999999800, 1.920000000000000400, 0.04894876836045235200 ) ) ;
#282 = CARTESIAN_POINT ( 'NONE',  ( 1.749999999999999800, 3.199999999999999700, 0.7749999999999999100 ) ) ;
#283 = DIRECTION ( 'NONE',  ( 0.0000000000000000000, -1.000000000000000000, 0.0000000000000000000 ) ) ;
#284 = VECTOR ( 'NONE', #283, 1000.000000000000000 ) ;
#285 = LINE ( 'NONE', #265, #262 ) ;
#286 = LINE ( 'NONE', #273, #261 ) ;
#287 = CARTESIAN_POINT ( 'NONE',  ( -2.799999999999999800, 2.680000000000000200, 0.04894876836045235200 ) ) ;
#288 = CARTESIAN_POINT ( 'NONE',  ( -1.629448345078111900, 3.250000000000000000, 0.09131759111665371800 ) ) ;
#289 = LINE ( 'NONE', #288, #284 ) ;
#290 = DIRECTION ( 'NONE',  ( 0.0000000000000000000, -1.000000000000000000, -0.0000000000000000000 ) ) ;
#291 = VECTOR ( 'NONE', #290, 1000.000000000000000 ) ;
#292 = COLOUR_RGB ( '',0.8784313725490196000, 0.8784313725490196000, 0.8784313725490196000 ) ;
#293 = FILL_AREA_STYLE ('',( #294 ) ) ;
#294 = FILL_AREA_STYLE_COLOUR ( '', #295 ) ;
#295 = COLOUR_RGB ( '',0.8784313725490196000, 0.8784313725490196000, 0.8784313725490196000 ) ;
#296 = CARTESIAN_POINT ( 'NONE',  ( 1.749999999999999800, 3.199877977445845500, 0.7749999999999999100 ) ) ;
#297 =( LENGTH_UNIT ( ) NAMED_UNIT ( * ) SI_UNIT ( .MILLI., .METRE. ) );
#298 = MECHANICAL_DESIGN_GEOMETRIC_PRESENTATION_REPRESENTATION (  '', ( #269 ), #190 ) ;
#299 = CARTESIAN_POINT ( 'NONE',  ( -2.799999999999999800, 2.299999999999999800, 0.04894876836045235200 ) ) ;
#300 = LINE ( 'NONE', #299, #291 ) ;
#301 = CARTESIAN_POINT ( 'NONE',  ( -2.188892316906503300, 0.0000000000000000000, 0.8852583560461810800 ) ) ;
#302 = AXIS2_PLACEMENT_3D ( 'NONE', #301, #305, #303 ) ;
#303 = DIRECTION ( 'NONE',  ( 0.7071067811865512400, 0.0000000000000000000, 0.7071067811865439100 ) ) ;
#304 = MECHANICAL_DESIGN_GEOMETRIC_PRESENTATION_REPRESENTATION (  '', ( #263 ), #311 ) ;
#305 = DIRECTION ( 'NONE',  ( -0.7071067811865439100, -0.0000000000000000000, 0.7071067811865512400 ) ) ;
#306 = PLANE ( 'NONE',  #302 ) ;
#307 = PRESENTATION_LAYER_ASSIGNMENT (  '', '', ( #263 ) ) ;
#308 = UNCERTAINTY_MEASURE_WITH_UNIT (LENGTH_MEASURE( 1.000000000000000100E-005 ), #277, 'distance_accuracy_value', 'NONE');
#309 =( NAMED_UNIT ( * ) PLANE_ANGLE_UNIT ( ) SI_UNIT ( $, .RADIAN. ) );
#310 =( NAMED_UNIT ( * ) SI_UNIT ( $, .STERADIAN. ) SOLID_ANGLE_UNIT ( ) );
#311 =( GEOMETRIC_REPRESENTATION_CONTEXT ( 3 ) GLOBAL_UNCERTAINTY_ASSIGNED_CONTEXT ( ( #308 ) ) GLOBAL_UNIT_ASSIGNED_CONTEXT ( ( #277, #309, #310 ) ) REPRESENTATION_CONTEXT ( 'NONE', 'WORKASPACE' ) );
#312 = LINE ( 'NONE', #332, #328 ) ;
#313 = PRESENTATION_STYLE_ASSIGNMENT (( #314 ) ) ;
#314 = SURFACE_STYLE_USAGE ( .BOTH. , #324 ) ;
#315 = PRESENTATION_LAYER_ASSIGNMENT (  '', '', ( #333 ) ) ;
#316 =( NAMED_UNIT ( * ) PLANE_ANGLE_UNIT ( ) SI_UNIT ( $, .RADIAN. ) );
#317 = FILL_AREA_STYLE ('',( #320 ) ) ;
#318 = CIRCLE ( 'NONE', #329, 0.2807111581834858500 ) ;
#319 = DIRECTION ( 'NONE',  ( -0.9975640502598247500, 0.0000000000000000000, -0.06975647374411812800 ) ) ;
#320 = FILL_AREA_STYLE_COLOUR ( '', #330 ) ;
#321 = SURFACE_STYLE_FILL_AREA ( #317 ) ;
#322 = MECHANICAL_DESIGN_GEOMETRIC_PRESENTATION_REPRESENTATION (  '', ( #333 ), #335 ) ;
#323 =( NAMED_UNIT ( * ) SI_UNIT ( $, .STERADIAN. ) SOLID_ANGLE_UNIT ( ) );
#324 = SURFACE_SIDE_STYLE ('',( #321 ) ) ;
#325 = DIRECTION ( 'NONE',  ( 0.0000000000000000000, 0.0000000000000000000, 1.000000000000000000 ) ) ;
#326 = DIRECTION ( 'NONE',  ( -0.0000000000000000000, 1.000000000000000000, 0.0000000000000000000 ) ) ;
#327 = CARTESIAN_POINT ( 'NONE',  ( -2.840486486979171900, 1.920000000000000400, 0.6279325065563682300 ) ) ;
#328 = VECTOR ( 'NONE', #319, 1000.000000000000100 ) ;
#329 = AXIS2_PLACEMENT_3D ( 'NONE', #327, #326, #325 ) ;
#330 = COLOUR_RGB ( '',0.06274509803921568500, 0.06274509803921568500, 0.06274509803921568500 ) ;
#331 = UNCERTAINTY_MEASURE_WITH_UNIT (LENGTH_MEASURE( 1.000000000000000100E-005 ), #334, 'distance_accuracy_value', 'NONE');
#332 = CARTESIAN_POINT ( 'NONE',  ( -2.799999999999999800, 1.920000000000000400, 0.04894876836045235200 ) ) ;
#333 = STYLED_ITEM ( 'NONE', ( #313 ), #3251 ) ;
#334 =( LENGTH_UNIT ( ) NAMED_UNIT ( * ) SI_UNIT ( .MILLI., .METRE. ) );
#335 =( GEOMETRIC_REPRESENTATION_CONTEXT ( 3 ) GLOBAL_UNCERTAINTY_ASSIGNED_CONTEXT ( ( #331 ) ) GLOBAL_UNIT_ASSIGNED_CONTEXT ( ( #334, #316, #323 ) ) REPRESENTATION_CONTEXT ( 'NONE', 'WORKASPACE' ) );
#336 = FACE_OUTER_BOUND ( 'NONE', #3279, .T. ) ;
#337 =( LENGTH_UNIT ( ) NAMED_UNIT ( * ) SI_UNIT ( .MILLI., .METRE. ) );
#338 = VECTOR ( 'NONE', #369, 1000.000000000000100 ) ;
#339 = LINE ( 'NONE', #387, #386 ) ;
#340 = LINE ( 'NONE', #385, #341 ) ;
#341 = VECTOR ( 'NONE', #342, 1000.000000000000000 ) ;
#342 = DIRECTION ( 'NONE',  ( 0.1710878697460321300, -0.1710878697460322400, -0.9702875252478151400 ) ) ;
#343 = FILL_AREA_STYLE ('',( #378 ) ) ;
#344 = MECHANICAL_DESIGN_GEOMETRIC_PRESENTATION_REPRESENTATION (  '', ( #346 ), #191 ) ;
#345 = PRESENTATION_LAYER_ASSIGNMENT (  '', '', ( #346 ) ) ;
#346 = STYLED_ITEM ( 'NONE', ( #347 ), #3271 ) ;
#347 = PRESENTATION_STYLE_ASSIGNMENT (( #348 ) ) ;
#348 = SURFACE_STYLE_USAGE ( .BOTH. , #349 ) ;
#349 = SURFACE_SIDE_STYLE ('',( #368 ) ) ;
#350 = PRESENTATION_STYLE_ASSIGNMENT (( #351 ) ) ;
#351 = SURFACE_STYLE_USAGE ( .BOTH. , #392 ) ;
#352 = COLOUR_RGB ( '',0.06274509803921568500, 0.06274509803921568500, 0.06274509803921568500 ) ;
#353 = CARTESIAN_POINT ( 'NONE',  ( 1.623604257287043300, -3.073482234732894300, 0.05817412227494774700 ) ) ;
#354 = LINE ( 'NONE', #353, #338 ) ;
#355 = DIRECTION ( 'NONE',  ( 0.1736481776669268300, 0.0000000000000000000, -0.9848077530122086900 ) ) ;
#356 = DIRECTION ( 'NONE',  ( 0.9848077530122086900, -0.0000000000000000000, 0.1736481776669268300 ) ) ;
#357 = CARTESIAN_POINT ( 'NONE',  ( -1.750000000000000000, 3.250000000000000000, 0.7750000000000002400 ) ) ;
#358 =( NAMED_UNIT ( * ) PLANE_ANGLE_UNIT ( ) SI_UNIT ( $, .RADIAN. ) );
#359 = VECTOR ( 'NONE', #379, 1000.000000000000000 ) ;
#360 = LINE ( 'NONE', #377, #390 ) ;
#361 = PRESENTATION_LAYER_ASSIGNMENT (  '', '', ( #362 ) ) ;
#362 = STYLED_ITEM ( 'NONE', ( #350 ), #3264 ) ;
#363 = FACE_OUTER_BOUND ( 'NONE', #3255, .T. ) ;
#364 = CARTESIAN_POINT ( 'NONE',  ( -1.580207957427501400, 3.079326322523956400, 0.05000000000000002400 ) ) ;
#365 = FACE_OUTER_BOUND ( 'NONE', #3258, .T. ) ;
#366 = CARTESIAN_POINT ( 'NONE',  ( -1.580207957427501400, 3.250000000000000000, 0.05000000000000002400 ) ) ;
#367 = LINE ( 'NONE', #366, #359 ) ;
#368 = SURFACE_STYLE_FILL_AREA ( #380 ) ;
#369 = DIRECTION ( 'NONE',  ( -0.1710878697460393200, 0.1710878697460314300, -0.9702875252478139200 ) ) ;
#370 = CARTESIAN_POINT ( 'NONE',  ( 1.580207957427496300, 3.079326322523956400, 0.05000000000000002400 ) ) ;
#371 = CARTESIAN_POINT ( 'NONE',  ( -1.580207957427501400, -3.079326322523956900, 0.05000000000000002400 ) ) ;
#372 =( GEOMETRIC_REPRESENTATION_CONTEXT ( 3 ) GLOBAL_UNCERTAINTY_ASSIGNED_CONTEXT ( ( #375 ) ) GLOBAL_UNIT_ASSIGNED_CONTEXT ( ( #337, #358, #376 ) ) REPRESENTATION_CONTEXT ( 'NONE', 'WORKASPACE' ) );
#373 = FILL_AREA_STYLE_COLOUR ( '', #352 ) ;
#374 = AXIS2_PLACEMENT_3D ( 'NONE', #357, #356, #355 ) ;
#375 = UNCERTAINTY_MEASURE_WITH_UNIT (LENGTH_MEASURE( 1.000000000000000100E-005 ), #337, 'distance_accuracy_value', 'NONE');
#376 =( NAMED_UNIT ( * ) SI_UNIT ( $, .STERADIAN. ) SOLID_ANGLE_UNIT ( ) );
#377 = CARTESIAN_POINT ( 'NONE',  ( 1.700000000000000200, -3.250000000000000000, 1.069999999999988300 ) ) ;
#378 = FILL_AREA_STYLE_COLOUR ( '', #391 ) ;
#379 = DIRECTION ( 'NONE',  ( -0.0000000000000000000, 1.000000000000000000, -0.0000000000000000000 ) ) ;
#380 = FILL_AREA_STYLE ('',( #373 ) ) ;
#381 = UNCERTAINTY_MEASURE_WITH_UNIT (LENGTH_MEASURE( 1.000000000000000100E-005 ), #389, 'distance_accuracy_value', 'NONE');
#382 =( NAMED_UNIT ( * ) SI_UNIT ( $, .STERADIAN. ) SOLID_ANGLE_UNIT ( ) );
#383 = DIRECTION ( 'NONE',  ( 1.000000000000000000, -0.0000000000000000000, -0.0000000000000000000 ) ) ;
#384 = PLANE ( 'NONE',  #374 ) ;
#385 = CARTESIAN_POINT ( 'NONE',  ( -1.623604257287048800, 3.073482234732893800, 0.05817412227494758700 ) ) ;
#386 = VECTOR ( 'NONE', #383, 1000.000000000000000 ) ;
#387 = CARTESIAN_POINT ( 'NONE',  ( 1.622162938986360300, 3.079326322523956400, 0.05000000000000002400 ) ) ;
#388 =( NAMED_UNIT ( * ) PLANE_ANGLE_UNIT ( ) SI_UNIT ( $, .RADIAN. ) );
#389 =( LENGTH_UNIT ( ) NAMED_UNIT ( * ) SI_UNIT ( .MILLI., .METRE. ) );
#390 = VECTOR ( 'NONE', #395, 1000.000000000000000 ) ;
#391 = COLOUR_RGB ( '',0.06274509803921568500, 0.06274509803921568500, 0.06274509803921568500 ) ;
#392 = SURFACE_SIDE_STYLE ('',( #393 ) ) ;
#393 = SURFACE_STYLE_FILL_AREA ( #343 ) ;
#394 = MECHANICAL_DESIGN_GEOMETRIC_PRESENTATION_REPRESENTATION (  '', ( #362 ), #372 ) ;
#395 = DIRECTION ( 'NONE',  ( 7.228014483236699500E-016, -0.0000000000000000000, 1.000000000000000000 ) ) ;
#396 = SURFACE_STYLE_FILL_AREA ( #398 ) ;
#397 = SURFACE_STYLE_USAGE ( .BOTH. , #415 ) ;
#398 = FILL_AREA_STYLE ('',( #433 ) ) ;
#399 = PRESENTATION_LAYER_ASSIGNMENT (  '', '', ( #429 ) ) ;
#400 = FACE_OUTER_BOUND ( 'NONE', #3275, .T. ) ;
#401 = CARTESIAN_POINT ( 'NONE',  ( -1.622162938986365700, -3.079326322523956900, 0.05000000000000002400 ) ) ;
#402 =( LENGTH_UNIT ( ) NAMED_UNIT ( * ) SI_UNIT ( .MILLI., .METRE. ) );
#403 = DIRECTION ( 'NONE',  ( -1.000000000000000000, 0.0000000000000000000, 0.0000000000000000000 ) ) ;
#404 = CARTESIAN_POINT ( 'NONE',  ( -1.700000000000000200, 3.250000000000000000, 1.069999999999988700 ) ) ;
#405 =( GEOMETRIC_REPRESENTATION_CONTEXT ( 3 ) GLOBAL_UNCERTAINTY_ASSIGNED_CONTEXT ( ( #413 ) ) GLOBAL_UNIT_ASSIGNED_CONTEXT ( ( #402, #428, #431 ) ) REPRESENTATION_CONTEXT ( 'NONE', 'WORKASPACE' ) );
#406 = PRESENTATION_STYLE_ASSIGNMENT (( #397 ) ) ;
#407 = LINE ( 'NONE', #401, #414 ) ;
#408 = MECHANICAL_DESIGN_GEOMETRIC_PRESENTATION_REPRESENTATION (  '', ( #429 ), #405 ) ;
#409 = CARTESIAN_POINT ( 'NONE',  ( -1.700000000000000200, -3.250000000000000000, 0.7800000000000136800 ) ) ;
#410 = LINE ( 'NONE', #409, #436 ) ;
#411 = COLOUR_RGB ( '',0.06274509803921568500, 0.06274509803921568500, 0.06274509803921568500 ) ;
#412 = AXIS2_PLACEMENT_3D ( 'NONE', #426, #425, #424 ) ;
#413 = UNCERTAINTY_MEASURE_WITH_UNIT (LENGTH_MEASURE( 1.000000000000000100E-005 ), #402, 'distance_accuracy_value', 'NONE');
#414 = VECTOR ( 'NONE', #403, 1000.000000000000000 ) ;
#415 = SURFACE_SIDE_STYLE ('',( #396 ) ) ;
#416 = DIRECTION ( 'NONE',  ( 0.0000000000000000000, -1.000000000000000000, 0.0000000000000000000 ) ) ;
#417 = VECTOR ( 'NONE', #416, 1000.000000000000000 ) ;
#418 = CARTESIAN_POINT ( 'NONE',  ( 1.700000000000000000, -3.250000000000000000, 0.7800000000000136800 ) ) ;
#419 = CARTESIAN_POINT ( 'NONE',  ( -1.700000000000000200, -3.250000000000000000, 0.7800000000000136800 ) ) ;
#420 = CYLINDRICAL_SURFACE ( 'NONE', #427, 0.2807111581834856300 ) ;
#421 = CARTESIAN_POINT ( 'NONE',  ( -2.820905066443665000, 1.920000000000000400, 0.3479051466457238600 ) ) ;
#422 = CARTESIAN_POINT ( 'NONE',  ( 1.580207957427496300, 3.250000000000000000, 0.05000000000000002400 ) ) ;
#423 = LINE ( 'NONE', #422, #417 ) ;
#424 = DIRECTION ( 'NONE',  ( 0.0000000000000000000, -0.0000000000000000000, -1.000000000000000000 ) ) ;
#425 = DIRECTION ( 'NONE',  ( 0.0000000000000000000, -1.000000000000000000, 0.0000000000000000000 ) ) ;
#426 = CARTESIAN_POINT ( 'NONE',  ( -1.622162938986360300, 3.250000000000000000, 1.800000000000000500 ) ) ;
#427 = AXIS2_PLACEMENT_3D ( 'NONE', #434, #432, #437 ) ;
#428 =( NAMED_UNIT ( * ) PLANE_ANGLE_UNIT ( ) SI_UNIT ( $, .RADIAN. ) );
#429 = STYLED_ITEM ( 'NONE', ( #406 ), #3286 ) ;
#430 = PLANE ( 'NONE',  #412 ) ;
#431 =( NAMED_UNIT ( * ) SI_UNIT ( $, .STERADIAN. ) SOLID_ANGLE_UNIT ( ) );
#432 = DIRECTION ( 'NONE',  ( -0.0000000000000000000, 1.000000000000000000, 0.0000000000000000000 ) ) ;
#433 = FILL_AREA_STYLE_COLOUR ( '', #411 ) ;
#434 = CARTESIAN_POINT ( 'NONE',  ( -2.840486486979171900, 0.0000000000000000000, 0.6279325065563682300 ) ) ;
#435 = DIRECTION ( 'NONE',  ( -0.0000000000000000000, -0.0000000000000000000, -1.000000000000000000 ) ) ;
#436 = VECTOR ( 'NONE', #435, 1000.000000000000000 ) ;
#437 = DIRECTION ( 'NONE',  ( 0.0000000000000000000, 0.0000000000000000000, 1.000000000000000000 ) ) ;
#438 = CARTESIAN_POINT ( 'NONE',  ( -2.820905066443665000, 1.920000000000000400, 0.3479051466457238600 ) ) ;
#439 = DIRECTION ( 'NONE',  ( -0.9975640502598247500, 0.0000000000000000000, -0.06975647374411812800 ) ) ;
#440 = LINE ( 'NONE', #455, #444 ) ;
#441 = LINE ( 'NONE', #438, #456 ) ;
#442 = SURFACE_STYLE_FILL_AREA ( #443 ) ;
#443 = FILL_AREA_STYLE ('',( #452 ) ) ;
#444 = VECTOR ( 'NONE', #454, 1000.000000000000000 ) ;
#445 = MECHANICAL_DESIGN_GEOMETRIC_PRESENTATION_REPRESENTATION (  '', ( #447 ), #216 ) ;
#446 = PRESENTATION_LAYER_ASSIGNMENT (  '', '', ( #447 ) ) ;
#447 = STYLED_ITEM ( 'NONE', ( #448 ), #3300 ) ;
#448 = PRESENTATION_STYLE_ASSIGNMENT (( #449 ) ) ;
#449 = SURFACE_STYLE_USAGE ( .BOTH. , #450 ) ;
#450 = SURFACE_SIDE_STYLE ('',( #442 ) ) ;
#451 = FACE_OUTER_BOUND ( 'NONE', #3284, .T. ) ;
#452 = FILL_AREA_STYLE_COLOUR ( '', #453 ) ;
#453 = COLOUR_RGB ( '',0.8784313725490196000, 0.8784313725490196000, 0.8784313725490196000 ) ;
#454 = DIRECTION ( 'NONE',  ( -0.0000000000000000000, 1.000000000000000000, 0.0000000000000000000 ) ) ;
#455 = CARTESIAN_POINT ( 'NONE',  ( -2.820905066443665000, 2.299999999999999800, 0.3479051466457240300 ) ) ;
#456 = VECTOR ( 'NONE', #439, 1000.000000000000100 ) ;
#457 = CARTESIAN_POINT ( 'NONE',  ( -2.820905066443665000, 2.680000000000000200, 0.3479051466457240300 ) ) ;
#458 = CARTESIAN_POINT ( 'NONE',  ( -1.629448345078111900, -3.079326322523956900, 0.09131759111665369000 ) ) ;
#459 = CARTESIAN_POINT ( 'NONE',  ( -3.520905066443665600, 1.920000000000000400, 0.2989563782852715500 ) ) ;
#460 = VECTOR ( 'NONE', #464, 1000.000000000000100 ) ;
#461 = FACE_OUTER_BOUND ( 'NONE', #3313, .T. ) ;
#462 = CARTESIAN_POINT ( 'NONE',  ( -2.400000000000000400, -0.3799999999999996700, 0.2499999999999999400 ) ) ;
#463 = VECTOR ( 'NONE', #471, 1000.000000000000000 ) ;
#464 = DIRECTION ( 'NONE',  ( -0.9975640502598247500, 0.0000000000000000000, -0.06975647374411812800 ) ) ;
#465 = CARTESIAN_POINT ( 'NONE',  ( 1.580207957427496300, -3.079326322523956900, 0.05000000000000002400 ) ) ;
#466 = CARTESIAN_POINT ( 'NONE',  ( -2.820905066443665000, 0.0000000000000000000, 0.3479051466457240300 ) ) ;
#467 = LINE ( 'NONE', #469, #460 ) ;
#468 = AXIS2_PLACEMENT_3D ( 'NONE', #473, #472, #207 ) ;
#469 = CARTESIAN_POINT ( 'NONE',  ( -2.820905066443665000, 2.680000000000000200, 0.3479051466457240300 ) ) ;
#470 = CARTESIAN_POINT ( 'NONE',  ( -2.620168280221449700, -0.3799999999999996700, 0.4539823927312385800 ) ) ;
#471 = DIRECTION ( 'NONE',  ( -0.0000000000000000000, 1.000000000000000000, 0.0000000000000000000 ) ) ;
#472 = DIRECTION ( 'NONE',  ( -0.0000000000000000000, 1.000000000000000000, 0.0000000000000000000 ) ) ;
#473 = CARTESIAN_POINT ( 'NONE',  ( -2.840486486979171900, -0.3799999999999996700, 0.6279325065563682300 ) ) ;
#474 = SURFACE_STYLE_FILL_AREA ( #475 ) ;
#475 = FILL_AREA_STYLE ('',( #476 ) ) ;
#476 = FILL_AREA_STYLE_COLOUR ( '', #477 ) ;
#477 = COLOUR_RGB ( '',0.8784313725490196000, 0.8784313725490196000, 0.8784313725490196000 ) ;
#478 = CIRCLE ( 'NONE', #468, 0.5803975574752460200 ) ;
#479 = LINE ( 'NONE', #466, #463 ) ;
#480 = FILL_AREA_STYLE ('',( #491 ) ) ;
#481 = SURFACE_STYLE_FILL_AREA ( #480 ) ;
#482 = COLOUR_RGB ( '',0.8784313725490196000, 0.8784313725490196000, 0.8784313725490196000 ) ;
#483 =( LENGTH_UNIT ( ) NAMED_UNIT ( * ) SI_UNIT ( .MILLI., .METRE. ) );
#484 = MECHANICAL_DESIGN_GEOMETRIC_PRESENTATION_REPRESENTATION (  '', ( #486 ), #236 ) ;
#485 = PRESENTATION_LAYER_ASSIGNMENT (  '', '', ( #486 ) ) ;
#486 = STYLED_ITEM ( 'NONE', ( #487 ), #3315 ) ;
#487 = PRESENTATION_STYLE_ASSIGNMENT (( #488 ) ) ;
#488 = SURFACE_STYLE_USAGE ( .BOTH. , #489 ) ;
#489 = SURFACE_SIDE_STYLE ('',( #481 ) ) ;
#490 = FACE_OUTER_BOUND ( 'NONE', #3327, .T. ) ;
#491 = FILL_AREA_STYLE_COLOUR ( '', #482 ) ;
#492 = AXIS2_PLACEMENT_3D ( 'NONE', #504, #508, #507 ) ;
#493 = LINE ( 'NONE', #502, #501 ) ;
#494 = CARTESIAN_POINT ( 'NONE',  ( -2.620168280221449700, 1.920000000000000400, 0.4539823927312385800 ) ) ;
#495 = CARTESIAN_POINT ( 'NONE',  ( -3.520905066443665600, -0.3799999999999996700, 0.2989563782852715500 ) ) ;
#496 = VECTOR ( 'NONE', #505, 1000.000000000000100 ) ;
#497 = CARTESIAN_POINT ( 'NONE',  ( -2.799999999999999800, 0.3800000000000001200, 0.04894876836045235200 ) ) ;
#498 = LINE ( 'NONE', #497, #496 ) ;
#499 = CARTESIAN_POINT ( 'NONE',  ( -2.799999999999999800, -0.3799999999999996700, 0.04894876836045235200 ) ) ;
#500 = DIRECTION ( 'NONE',  ( -0.9975640502598247500, 0.0000000000000000000, -0.06975647374411812800 ) ) ;
#501 = VECTOR ( 'NONE', #500, 1000.000000000000100 ) ;
#502 = CARTESIAN_POINT ( 'NONE',  ( -2.820905066443665000, -0.3799999999999996700, 0.3479051466457238600 ) ) ;
#503 = CIRCLE ( 'NONE', #492, 0.5803975574752460200 ) ;
#504 = CARTESIAN_POINT ( 'NONE',  ( -2.840486486979171900, 0.3800000000000001200, 0.6279325065563682300 ) ) ;
#505 = DIRECTION ( 'NONE',  ( -0.9975640502598247500, 0.0000000000000000000, -0.06975647374411812800 ) ) ;
#506 = CARTESIAN_POINT ( 'NONE',  ( -3.520905066443665600, 0.3800000000000001700, 0.2989563782852717200 ) ) ;
#507 = DIRECTION ( 'NONE',  ( 0.0000000000000000000, 0.0000000000000000000, 1.000000000000000000 ) ) ;
#508 = DIRECTION ( 'NONE',  ( -0.0000000000000000000, 1.000000000000000000, 0.0000000000000000000 ) ) ;
#509 = CARTESIAN_POINT ( 'NONE',  ( -1.622162938986360300, 3.250000000000000000, 0.7800000000000137900 ) ) ;
#510 = DIRECTION ( 'NONE',  ( -0.0000000000000000000, 1.000000000000000000, 0.0000000000000000000 ) ) ;
#511 = AXIS2_PLACEMENT_3D ( 'NONE', #514, #533, #522 ) ;
#512 = AXIS2_PLACEMENT_3D ( 'NONE', #534, #510, #535 ) ;
#513 = CYLINDRICAL_SURFACE ( 'NONE', #512, 0.2807111581834856300 ) ;
#514 = CARTESIAN_POINT ( 'NONE',  ( -1.511964852404968500, -3.011083217501430800, 2.137025880828519400 ) ) ;
#515 = AXIS2_PLACEMENT_3D ( 'NONE', #527, #531, #519 ) ;
#516 = AXIS2_PLACEMENT_3D ( 'NONE', #525, #524, #518 ) ;
#517 = DIRECTION ( 'NONE',  ( 0.0000000000000000000, -0.9848077530122086900, 0.1736481776669269500 ) ) ;
#518 = DIRECTION ( 'NONE',  ( 1.000000000000000000, 0.0000000000000000000, 0.0000000000000000000 ) ) ;
#519 = DIRECTION ( 'NONE',  ( 0.0000000000000000000, 0.0000000000000000000, -1.000000000000000000 ) ) ;
#520 = AXIS2_PLACEMENT_3D ( 'NONE', #523, #521, #538 ) ;
#521 = DIRECTION ( 'NONE',  ( 0.0000000000000000000, 1.000000000000000000, 0.0000000000000000000 ) ) ;
#522 = DIRECTION ( 'NONE',  ( -0.9848077530122071300, 0.0000000000000000000, 0.1736481776669354900 ) ) ;
#523 = CARTESIAN_POINT ( 'NONE',  ( 1.580207957427501900, 3.079326322523956900, 1.750000000000000000 ) ) ;
#524 = DIRECTION ( 'NONE',  ( 0.0000000000000000000, 1.000000000000000000, 0.0000000000000000000 ) ) ;
#525 = CARTESIAN_POINT ( 'NONE',  ( -1.580207957427496500, 3.079326322523956900, 1.750000000000000400 ) ) ;
#526 = PLANE ( 'NONE',  #532 ) ;
#527 = CARTESIAN_POINT ( 'NONE',  ( -1.759999999999999800, 0.0000000000000000000, 0.4953947368421158800 ) ) ;
#528 = DIRECTION ( 'NONE',  ( 0.0000000000000000000, -0.1736481776669269500, -0.9848077530122086900 ) ) ;
#529 = CYLINDRICAL_SURFACE ( 'NONE', #511, 0.04999999999999991300 ) ;
#530 = SPHERICAL_SURFACE ( 'NONE', #520, 0.05000000000000000300 ) ;
#531 = DIRECTION ( 'NONE',  ( 0.0000000000000000000, -1.000000000000000000, -0.0000000000000000000 ) ) ;
#532 = AXIS2_PLACEMENT_3D ( 'NONE', #509, #517, #528 ) ;
#533 = DIRECTION ( 'NONE',  ( -0.1710878697460389600, -0.1710878697460319600, -0.9702875252478140300 ) ) ;
#534 = CARTESIAN_POINT ( 'NONE',  ( -2.840486486979171900, 2.299999999999999800, 0.6279325065563682300 ) ) ;
#535 = DIRECTION ( 'NONE',  ( 0.0000000000000000000, 0.0000000000000000000, 1.000000000000000000 ) ) ;
#536 = SPHERICAL_SURFACE ( 'NONE', #516, 0.05000000000000000300 ) ;
#537 = CYLINDRICAL_SURFACE ( 'NONE', #515, 0.5796052631578845200 ) ;
#538 = DIRECTION ( 'NONE',  ( 1.000000000000000000, 0.0000000000000000000, 0.0000000000000000000 ) ) ;
#539 = CIRCLE ( 'NONE', #543, 0.5803975574752460200 ) ;
#540 =( NAMED_UNIT ( * ) SI_UNIT ( $, .STERADIAN. ) SOLID_ANGLE_UNIT ( ) );
#541 = UNCERTAINTY_MEASURE_WITH_UNIT (LENGTH_MEASURE( 1.000000000000000100E-005 ), #1013, 'distance_accuracy_value', 'NONE');
#542 =( NAMED_UNIT ( * ) PLANE_ANGLE_UNIT ( ) SI_UNIT ( $, .RADIAN. ) );
#543 = AXIS2_PLACEMENT_3D ( 'NONE', #549, #548, #547 ) ;
#544 = LINE ( 'NONE', #550, #551 ) ;
#545 =( GEOMETRIC_REPRESENTATION_CONTEXT ( 3 ) GLOBAL_UNCERTAINTY_ASSIGNED_CONTEXT ( ( #541 ) ) GLOBAL_UNIT_ASSIGNED_CONTEXT ( ( #1013, #542, #540 ) ) REPRESENTATION_CONTEXT ( 'NONE', 'WORKASPACE' ) );
#546 =( GEOMETRIC_REPRESENTATION_CONTEXT ( 3 ) GLOBAL_UNCERTAINTY_ASSIGNED_CONTEXT ( ( #1223 ) ) GLOBAL_UNIT_ASSIGNED_CONTEXT ( ( #1226, #1225, #1224 ) ) REPRESENTATION_CONTEXT ( 'NONE', 'WORKASPACE' ) );
#547 = DIRECTION ( 'NONE',  ( 0.0000000000000000000, 0.0000000000000000000, 1.000000000000000000 ) ) ;
#548 = DIRECTION ( 'NONE',  ( -0.0000000000000000000, 1.000000000000000000, 0.0000000000000000000 ) ) ;
#549 = CARTESIAN_POINT ( 'NONE',  ( -2.840486486979171900, 1.920000000000000400, 0.6279325065563682300 ) ) ;
#550 = CARTESIAN_POINT ( 'NONE',  ( 1.574363869636433000, 3.122722622383503800, 0.05817412227494781600 ) ) ;
#551 = VECTOR ( 'NONE', #554, 1000.000000000000200 ) ;
#552 =( NAMED_UNIT ( * ) SI_UNIT ( $, .STERADIAN. ) SOLID_ANGLE_UNIT ( ) );
#553 =( NAMED_UNIT ( * ) PLANE_ANGLE_UNIT ( ) SI_UNIT ( $, .RADIAN. ) );
#554 = DIRECTION ( 'NONE',  ( -0.1710878697460392300, -0.1710878697460320200, -0.9702875252478138100 ) ) ;
#555 = UNCERTAINTY_MEASURE_WITH_UNIT (LENGTH_MEASURE( 1.000000000000000100E-005 ), #1436, 'distance_accuracy_value', 'NONE');
#556 = FILL_AREA_STYLE ('',( #557 ) ) ;
#557 = FILL_AREA_STYLE_COLOUR ( '', #1682 ) ;
#558 =( GEOMETRIC_REPRESENTATION_CONTEXT ( 3 ) GLOBAL_UNCERTAINTY_ASSIGNED_CONTEXT ( ( #555 ) ) GLOBAL_UNIT_ASSIGNED_CONTEXT ( ( #1436, #553, #552 ) ) REPRESENTATION_CONTEXT ( 'NONE', 'WORKASPACE' ) );
#559 = CARTESIAN_POINT ( 'NONE',  ( -1.759999999999997600, 2.680000000000000200, 0.7750000000000003600 ) ) ;
#560 = DIRECTION ( 'NONE',  ( 0.0000000000000000000, 0.0000000000000000000, 1.000000000000000000 ) ) ;
#561 = DIRECTION ( 'NONE',  ( 0.0000000000000000000, 1.000000000000000000, -0.0000000000000000000 ) ) ;
#562 =( LENGTH_UNIT ( ) NAMED_UNIT ( * ) SI_UNIT ( .MILLI., .METRE. ) );
#563 = PRESENTATION_STYLE_ASSIGNMENT (( #568 ) ) ;
#564 = SURFACE_SIDE_STYLE ('',( #565 ) ) ;
#565 = SURFACE_STYLE_FILL_AREA ( #556 ) ;
#566 = MECHANICAL_DESIGN_GEOMETRIC_PRESENTATION_REPRESENTATION (  '', ( #567 ), #571 ) ;
#567 = STYLED_ITEM ( 'NONE', ( #563 ), #3777 ) ;
#568 = SURFACE_STYLE_USAGE ( .BOTH. , #564 ) ;
#569 = PRESENTATION_LAYER_ASSIGNMENT (  '', '', ( #567 ) ) ;
#570 =( NAMED_UNIT ( * ) SI_UNIT ( $, .STERADIAN. ) SOLID_ANGLE_UNIT ( ) );
#571 =( GEOMETRIC_REPRESENTATION_CONTEXT ( 3 ) GLOBAL_UNCERTAINTY_ASSIGNED_CONTEXT ( ( #572 ) ) GLOBAL_UNIT_ASSIGNED_CONTEXT ( ( #562, #573, #570 ) ) REPRESENTATION_CONTEXT ( 'NONE', 'WORKASPACE' ) );
#572 = UNCERTAINTY_MEASURE_WITH_UNIT (LENGTH_MEASURE( 1.000000000000000100E-005 ), #562, 'distance_accuracy_value', 'NONE');
#573 =( NAMED_UNIT ( * ) PLANE_ANGLE_UNIT ( ) SI_UNIT ( $, .RADIAN. ) );
#574 = AXIS2_PLACEMENT_3D ( 'NONE', #603, #578, #577 ) ;
#575 = CARTESIAN_POINT ( 'NONE',  ( -3.520905066443665600, 0.0000000000000000000, 0.2989563782852717200 ) ) ;
#576 = LINE ( 'NONE', #575, #624 ) ;
#577 = DIRECTION ( 'NONE',  ( 0.0000000000000000000, 0.0000000000000000000, 1.000000000000000000 ) ) ;
#578 = DIRECTION ( 'NONE',  ( -0.0000000000000000000, 1.000000000000000000, 0.0000000000000000000 ) ) ;
#579 = FILL_AREA_STYLE_COLOUR ( '', #580 ) ;
#580 = COLOUR_RGB ( '',0.8784313725490196000, 0.8784313725490196000, 0.8784313725490196000 ) ;
#581 = CYLINDRICAL_SURFACE ( 'NONE', #574, 0.5803975574752460200 ) ;
#582 = CARTESIAN_POINT ( 'NONE',  ( -2.620168280221450100, 0.0000000000000000000, 0.4539823927312388000 ) ) ;
#583 = LINE ( 'NONE', #582, #643 ) ;
#584 =( GEOMETRIC_REPRESENTATION_CONTEXT ( 3 ) GLOBAL_UNCERTAINTY_ASSIGNED_CONTEXT ( ( #585 ) ) GLOBAL_UNIT_ASSIGNED_CONTEXT ( ( #588, #587, #586 ) ) REPRESENTATION_CONTEXT ( 'NONE', 'WORKASPACE' ) );
#585 = UNCERTAINTY_MEASURE_WITH_UNIT (LENGTH_MEASURE( 1.000000000000000100E-005 ), #588, 'distance_accuracy_value', 'NONE');
#586 =( NAMED_UNIT ( * ) SI_UNIT ( $, .STERADIAN. ) SOLID_ANGLE_UNIT ( ) );
#587 =( NAMED_UNIT ( * ) PLANE_ANGLE_UNIT ( ) SI_UNIT ( $, .RADIAN. ) );
#588 =( LENGTH_UNIT ( ) NAMED_UNIT ( * ) SI_UNIT ( .MILLI., .METRE. ) );
#589 = MECHANICAL_DESIGN_GEOMETRIC_PRESENTATION_REPRESENTATION (  '', ( #591 ), #584 ) ;
#590 = PRESENTATION_LAYER_ASSIGNMENT (  '', '', ( #591 ) ) ;
#591 = STYLED_ITEM ( 'NONE', ( #592 ), #3332 ) ;
#592 = PRESENTATION_STYLE_ASSIGNMENT (( #593 ) ) ;
#593 = SURFACE_STYLE_USAGE ( .BOTH. , #594 ) ;
#594 = SURFACE_SIDE_STYLE ('',( #595 ) ) ;
#595 = SURFACE_STYLE_FILL_AREA ( #596 ) ;
#596 = FILL_AREA_STYLE ('',( #597 ) ) ;
#597 = FILL_AREA_STYLE_COLOUR ( '', #599 ) ;
#598 = AXIS2_PLACEMENT_3D ( 'NONE', #608, #607, #606 ) ;
#599 = COLOUR_RGB ( '',0.8784313725490196000, 0.8784313725490196000, 0.8784313725490196000 ) ;
#600 = FACE_OUTER_BOUND ( 'NONE', #3338, .T. ) ;
#601 = LINE ( 'NONE', #647, #646 ) ;
#602 = SURFACE_STYLE_FILL_AREA ( #625 ) ;
#603 = CARTESIAN_POINT ( 'NONE',  ( -2.840486486979171900, 0.0000000000000000000, 0.6279325065563682300 ) ) ;
#604 = PLANE ( 'NONE',  #598 ) ;
#605 = FACE_OUTER_BOUND ( 'NONE', #3342, .T. ) ;
#606 = DIRECTION ( 'NONE',  ( -0.9975640502598247500, 0.0000000000000000000, -0.06975647374411812800 ) ) ;
#607 = DIRECTION ( 'NONE',  ( 0.06975647374411812800, 0.0000000000000000000, -0.9975640502598247500 ) ) ;
#608 = CARTESIAN_POINT ( 'NONE',  ( -2.799999999999999800, 0.0000000000000000000, 0.04894876836045235200 ) ) ;
#609 = CARTESIAN_POINT ( 'NONE',  ( -1.969999999999995500, 0.3800000000000001200, 0.6800000000000000500 ) ) ;
#610 = CARTESIAN_POINT ( 'NONE',  ( -2.799999999999999800, 0.3800000000000001200, 0.04894876836045235200 ) ) ;
#611 =( GEOMETRIC_REPRESENTATION_CONTEXT ( 3 ) GLOBAL_UNCERTAINTY_ASSIGNED_CONTEXT ( ( #612 ) ) GLOBAL_UNIT_ASSIGNED_CONTEXT ( ( #615, #614, #613 ) ) REPRESENTATION_CONTEXT ( 'NONE', 'WORKASPACE' ) );
#612 = UNCERTAINTY_MEASURE_WITH_UNIT (LENGTH_MEASURE( 1.000000000000000100E-005 ), #615, 'distance_accuracy_value', 'NONE');
#613 =( NAMED_UNIT ( * ) SI_UNIT ( $, .STERADIAN. ) SOLID_ANGLE_UNIT ( ) );
#614 =( NAMED_UNIT ( * ) PLANE_ANGLE_UNIT ( ) SI_UNIT ( $, .RADIAN. ) );
#615 =( LENGTH_UNIT ( ) NAMED_UNIT ( * ) SI_UNIT ( .MILLI., .METRE. ) );
#616 = MECHANICAL_DESIGN_GEOMETRIC_PRESENTATION_REPRESENTATION (  '', ( #618 ), #611 ) ;
#617 = PRESENTATION_LAYER_ASSIGNMENT (  '', '', ( #618 ) ) ;
#618 = STYLED_ITEM ( 'NONE', ( #619 ), #3335 ) ;
#619 = PRESENTATION_STYLE_ASSIGNMENT (( #620 ) ) ;
#620 = SURFACE_STYLE_USAGE ( .BOTH. , #621 ) ;
#621 = SURFACE_SIDE_STYLE ('',( #602 ) ) ;
#622 = CARTESIAN_POINT ( 'NONE',  ( -2.820905066443665000, 0.3800000000000001700, 0.3479051466457240300 ) ) ;
#623 = DIRECTION ( 'NONE',  ( -0.0000000000000000000, 1.000000000000000000, 0.0000000000000000000 ) ) ;
#624 = VECTOR ( 'NONE', #623, 1000.000000000000000 ) ;
#625 = FILL_AREA_STYLE ('',( #579 ) ) ;
#626 = LINE ( 'NONE', #653, #652 ) ;
#627 = FACE_OUTER_BOUND ( 'NONE', #3371, .T. ) ;
#628 = DIRECTION ( 'NONE',  ( -0.9975640502598247500, 0.0000000000000000000, -0.06975647374411812800 ) ) ;
#629 = VECTOR ( 'NONE', #628, 1000.000000000000100 ) ;
#630 = PLANE ( 'NONE',  #641 ) ;
#631 = CARTESIAN_POINT ( 'NONE',  ( -2.820905066443665000, 0.3800000000000001700, 0.3479051466457240300 ) ) ;
#632 = LINE ( 'NONE', #631, #629 ) ;
#633 = SURFACE_STYLE_FILL_AREA ( #634 ) ;
#634 = FILL_AREA_STYLE ('',( #672 ) ) ;
#635 = CARTESIAN_POINT ( 'NONE',  ( -1.750000000000000000, 3.250000000000000000, 1.075000000000000200 ) ) ;
#636 = CARTESIAN_POINT ( 'NONE',  ( -2.820905066443665000, -0.3799999999999996700, 0.3479051466457238600 ) ) ;
#637 = DIRECTION ( 'NONE',  ( -0.0000000000000000000, -1.000000000000000000, -0.0000000000000000000 ) ) ;
#638 = VECTOR ( 'NONE', #637, 1000.000000000000000 ) ;
#639 = CARTESIAN_POINT ( 'NONE',  ( -1.750000000000000000, 3.250000000000000000, 0.7750000000000002400 ) ) ;
#640 = LINE ( 'NONE', #639, #638 ) ;
#641 = AXIS2_PLACEMENT_3D ( 'NONE', #635, #716, #715 ) ;
#642 = DIRECTION ( 'NONE',  ( 0.0000000000000000000, -1.000000000000000000, 0.0000000000000000000 ) ) ;
#643 = VECTOR ( 'NONE', #642, 1000.000000000000000 ) ;
#644 = CARTESIAN_POINT ( 'NONE',  ( -2.400000000000000400, 0.3800000000000001200, 0.2499999999999999400 ) ) ;
#645 = DIRECTION ( 'NONE',  ( 0.0000000000000000000, 1.000000000000000000, 0.0000000000000000000 ) ) ;
#646 = VECTOR ( 'NONE', #645, 1000.000000000000000 ) ;
#647 = CARTESIAN_POINT ( 'NONE',  ( -2.400000000000000400, 0.0000000000000000000, 0.2499999999999999400 ) ) ;
#648 = CARTESIAN_POINT ( 'NONE',  ( -3.500000000000000400, 0.3800000000000001200, 7.453889935837843000E-017 ) ) ;
#649 = CARTESIAN_POINT ( 'NONE',  ( -2.620168280221450100, 0.3800000000000001700, 0.4539823927312388000 ) ) ;
#650 = CARTESIAN_POINT ( 'NONE',  ( -3.500000000000000400, -0.3799999999999996700, 7.453889935837843000E-017 ) ) ;
#651 = DIRECTION ( 'NONE',  ( -0.9975640502598247500, 0.0000000000000000000, -0.06975647374411812800 ) ) ;
#652 = VECTOR ( 'NONE', #651, 1000.000000000000100 ) ;
#653 = CARTESIAN_POINT ( 'NONE',  ( -2.799999999999999800, -0.3799999999999996700, 0.04894876836045235200 ) ) ;
#654 = DIRECTION ( 'NONE',  ( 0.0000000000000000000, -1.000000000000000000, -0.0000000000000000000 ) ) ;
#655 = VECTOR ( 'NONE', #654, 1000.000000000000000 ) ;
#656 = CARTESIAN_POINT ( 'NONE',  ( -3.500000000000000400, 0.0000000000000000000, 7.453889935837843000E-017 ) ) ;
#657 = LINE ( 'NONE', #656, #655 ) ;
#658 = LINE ( 'NONE', #699, #696 ) ;
#659 =( GEOMETRIC_REPRESENTATION_CONTEXT ( 3 ) GLOBAL_UNCERTAINTY_ASSIGNED_CONTEXT ( ( #660 ) ) GLOBAL_UNIT_ASSIGNED_CONTEXT ( ( #663, #662, #661 ) ) REPRESENTATION_CONTEXT ( 'NONE', 'WORKASPACE' ) );
#660 = UNCERTAINTY_MEASURE_WITH_UNIT (LENGTH_MEASURE( 1.000000000000000100E-005 ), #663, 'distance_accuracy_value', 'NONE');
#661 =( NAMED_UNIT ( * ) SI_UNIT ( $, .STERADIAN. ) SOLID_ANGLE_UNIT ( ) );
#662 =( NAMED_UNIT ( * ) PLANE_ANGLE_UNIT ( ) SI_UNIT ( $, .RADIAN. ) );
#663 =( LENGTH_UNIT ( ) NAMED_UNIT ( * ) SI_UNIT ( .MILLI., .METRE. ) );
#664 = MECHANICAL_DESIGN_GEOMETRIC_PRESENTATION_REPRESENTATION (  '', ( #666 ), #659 ) ;
#665 = PRESENTATION_LAYER_ASSIGNMENT (  '', '', ( #666 ) ) ;
#666 = STYLED_ITEM ( 'NONE', ( #667 ), #3370 ) ;
#667 = PRESENTATION_STYLE_ASSIGNMENT (( #677 ) ) ;
#668 = DIRECTION ( 'NONE',  ( -2.168404344971010100E-015, -0.0000000000000000000, -1.000000000000000000 ) ) ;
#669 = VECTOR ( 'NONE', #668, 1000.000000000000000 ) ;
#670 = CARTESIAN_POINT ( 'NONE',  ( -1.749999999999997800, 1.920000000000000400, 0.7750000000000003600 ) ) ;
#671 = LINE ( 'NONE', #670, #669 ) ;
#672 = FILL_AREA_STYLE_COLOUR ( '', #683 ) ;
#673 = DIRECTION ( 'NONE',  ( 1.000000000000000000, 0.0000000000000000000, -0.0000000000000000000 ) ) ;
#674 = VECTOR ( 'NONE', #673, 1000.000000000000000 ) ;
#675 = CARTESIAN_POINT ( 'NONE',  ( 1.622162938986359900, -3.250000000000000000, 0.7800000000000136800 ) ) ;
#676 = LINE ( 'NONE', #675, #674 ) ;
#677 = SURFACE_STYLE_USAGE ( .BOTH. , #678 ) ;
#678 = SURFACE_SIDE_STYLE ('',( #633 ) ) ;
#679 = DIRECTION ( 'NONE',  ( 0.0000000000000000000, -1.000000000000000000, -0.0000000000000000000 ) ) ;
#680 = VECTOR ( 'NONE', #679, 1000.000000000000000 ) ;
#681 = CARTESIAN_POINT ( 'NONE',  ( -2.799999999999999800, 0.0000000000000000000, 0.04894876836045235200 ) ) ;
#682 = LINE ( 'NONE', #681, #680 ) ;
#683 = COLOUR_RGB ( '',0.06274509803921568500, 0.06274509803921568500, 0.06274509803921568500 ) ;
#684 =( NAMED_UNIT ( * ) PLANE_ANGLE_UNIT ( ) SI_UNIT ( $, .RADIAN. ) );
#685 =( LENGTH_UNIT ( ) NAMED_UNIT ( * ) SI_UNIT ( .MILLI., .METRE. ) );
#686 = MECHANICAL_DESIGN_GEOMETRIC_PRESENTATION_REPRESENTATION (  '', ( #688 ), #739 ) ;
#687 = PRESENTATION_LAYER_ASSIGNMENT (  '', '', ( #688 ) ) ;
#688 = STYLED_ITEM ( 'NONE', ( #689 ), #3380 ) ;
#689 = PRESENTATION_STYLE_ASSIGNMENT (( #690 ) ) ;
#690 = SURFACE_STYLE_USAGE ( .BOTH. , #691 ) ;
#691 = SURFACE_SIDE_STYLE ('',( #692 ) ) ;
#692 = SURFACE_STYLE_FILL_AREA ( #698 ) ;
#693 = PLANE ( 'NONE',  #700 ) ;
#694 = CARTESIAN_POINT ( 'NONE',  ( -3.520905066443665600, 2.680000000000000200, 0.2989563782852717200 ) ) ;
#695 = DIRECTION ( 'NONE',  ( 0.0000000000000000000, 1.000000000000000000, -1.426581805901979900E-016 ) ) ;
#696 = VECTOR ( 'NONE', #695, 1000.000000000000000 ) ;
#697 = FACE_OUTER_BOUND ( 'NONE', #3481, .T. ) ;
#698 = FILL_AREA_STYLE ('',( #701 ) ) ;
#699 = CARTESIAN_POINT ( 'NONE',  ( -1.749999999999997800, 1.920000000000000400, 0.7750000000000003600 ) ) ;
#700 = AXIS2_PLACEMENT_3D ( 'NONE', #737, #736, #735 ) ;
#701 = FILL_AREA_STYLE_COLOUR ( '', #706 ) ;
#702 = DIRECTION ( 'NONE',  ( 2.168404344971009700E-015, 0.0000000000000000000, 1.000000000000000000 ) ) ;
#703 = VECTOR ( 'NONE', #702, 1000.000000000000000 ) ;
#704 = CARTESIAN_POINT ( 'NONE',  ( -1.749999999999997800, 0.3800000000000001200, 0.7750000000000002400 ) ) ;
#705 = LINE ( 'NONE', #704, #703 ) ;
#706 = COLOUR_RGB ( '',0.8784313725490196000, 0.8784313725490196000, 0.8784313725490196000 ) ;
#707 = CARTESIAN_POINT ( 'NONE',  ( 1.700000000000000200, -3.250000000000000000, 1.069999999999988300 ) ) ;
#708 = DIRECTION ( 'NONE',  ( -1.000000000000000000, 0.0000000000000000000, 0.0000000000000000000 ) ) ;
#709 = VECTOR ( 'NONE', #708, 1000.000000000000000 ) ;
#710 = CARTESIAN_POINT ( 'NONE',  ( -1.622162938986360300, 3.250000000000000000, 0.7800000000000137900 ) ) ;
#711 = LINE ( 'NONE', #710, #709 ) ;
#712 = CARTESIAN_POINT ( 'NONE',  ( 1.700000000000000200, 3.250000000000000000, 1.069999999999988300 ) ) ;
#713 = DIRECTION ( 'NONE',  ( -0.0000000000000000000, -1.000000000000000000, -0.0000000000000000000 ) ) ;
#714 = VECTOR ( 'NONE', #713, 1000.000000000000000 ) ;
#715 = DIRECTION ( 'NONE',  ( 0.0000000000000000000, 0.0000000000000000000, -1.000000000000000000 ) ) ;
#716 = DIRECTION ( 'NONE',  ( 1.000000000000000000, -0.0000000000000000000, 0.0000000000000000000 ) ) ;
#717 = CARTESIAN_POINT ( 'NONE',  ( -1.750000000000000000, 3.250000000000000000, 0.7750000000000002400 ) ) ;
#718 = LINE ( 'NONE', #717, #714 ) ;
#719 = LINE ( 'NONE', #774, #773 ) ;
#720 = DIRECTION ( 'NONE',  ( 1.000000000000000000, 0.0000000000000000000, -1.336736460226353200E-016 ) ) ;
#721 = VECTOR ( 'NONE', #720, 1000.000000000000000 ) ;
#722 = CARTESIAN_POINT ( 'NONE',  ( -1.622162938986360300, 3.250000000000000000, 1.069999999999988700 ) ) ;
#723 = AXIS2_PLACEMENT_3D ( 'NONE', #766, #765, #764 ) ;
#724 = LINE ( 'NONE', #722, #721 ) ;
#725 = CARTESIAN_POINT ( 'NONE',  ( -3.500000000000000400, 1.920000000000000400, 7.453889935837843000E-017 ) ) ;
#726 = DIRECTION ( 'NONE',  ( 0.0000000000000000000, 0.0000000000000000000, 1.000000000000000000 ) ) ;
#727 = VECTOR ( 'NONE', #726, 1000.000000000000000 ) ;
#728 = CARTESIAN_POINT ( 'NONE',  ( -1.700000000000000200, 3.250000000000000000, 1.800000000000000500 ) ) ;
#729 = LINE ( 'NONE', #728, #727 ) ;
#730 = CARTESIAN_POINT ( 'NONE',  ( -1.700000000000000200, -3.250000000000000000, 1.069999999999988700 ) ) ;
#731 = DIRECTION ( 'NONE',  ( 1.000000000000000000, -0.0000000000000000000, -1.084202172485525100E-014 ) ) ;
#732 = VECTOR ( 'NONE', #731, 1000.000000000000000 ) ;
#733 = CARTESIAN_POINT ( 'NONE',  ( -1.759999999999997600, 2.680000000000000200, 0.7750000000000003600 ) ) ;
#734 = CIRCLE ( 'NONE', #723, 0.5803975574752460200 ) ;
#735 = DIRECTION ( 'NONE',  ( -1.000000000000000000, 0.0000000000000000000, 1.084202172485525100E-014 ) ) ;
#736 = DIRECTION ( 'NONE',  ( -1.084202172485525100E-014, -1.426581805901979900E-016, -1.000000000000000000 ) ) ;
#737 = CARTESIAN_POINT ( 'NONE',  ( -1.759999999999997600, 1.920000000000000400, 0.7750000000000004700 ) ) ;
#738 = LINE ( 'NONE', #733, #732 ) ;
#739 =( GEOMETRIC_REPRESENTATION_CONTEXT ( 3 ) GLOBAL_UNCERTAINTY_ASSIGNED_CONTEXT ( ( #740 ) ) GLOBAL_UNIT_ASSIGNED_CONTEXT ( ( #685, #684, #741 ) ) REPRESENTATION_CONTEXT ( 'NONE', 'WORKASPACE' ) );
#740 = UNCERTAINTY_MEASURE_WITH_UNIT (LENGTH_MEASURE( 1.000000000000000100E-005 ), #685, 'distance_accuracy_value', 'NONE');
#741 =( NAMED_UNIT ( * ) SI_UNIT ( $, .STERADIAN. ) SOLID_ANGLE_UNIT ( ) );
#742 = SURFACE_STYLE_USAGE ( .BOTH. , #1877 ) ;
#743 =( GEOMETRIC_REPRESENTATION_CONTEXT ( 3 ) GLOBAL_UNCERTAINTY_ASSIGNED_CONTEXT ( ( #744 ) ) GLOBAL_UNIT_ASSIGNED_CONTEXT ( ( #747, #746, #745 ) ) REPRESENTATION_CONTEXT ( 'NONE', 'WORKASPACE' ) );
#744 = UNCERTAINTY_MEASURE_WITH_UNIT (LENGTH_MEASURE( 1.000000000000000100E-005 ), #747, 'distance_accuracy_value', 'NONE');
#745 =( NAMED_UNIT ( * ) SI_UNIT ( $, .STERADIAN. ) SOLID_ANGLE_UNIT ( ) );
#746 =( NAMED_UNIT ( * ) PLANE_ANGLE_UNIT ( ) SI_UNIT ( $, .RADIAN. ) );
#747 =( LENGTH_UNIT ( ) NAMED_UNIT ( * ) SI_UNIT ( .MILLI., .METRE. ) );
#748 = MECHANICAL_DESIGN_GEOMETRIC_PRESENTATION_REPRESENTATION (  '', ( #750 ), #743 ) ;
#749 = PRESENTATION_LAYER_ASSIGNMENT (  '', '', ( #750 ) ) ;
#750 = STYLED_ITEM ( 'NONE', ( #751 ), #3398 ) ;
#751 = PRESENTATION_STYLE_ASSIGNMENT (( #752 ) ) ;
#752 = SURFACE_STYLE_USAGE ( .BOTH. , #753 ) ;
#753 = SURFACE_SIDE_STYLE ('',( #769 ) ) ;
#754 = DIRECTION ( 'NONE',  ( -0.0000000000000000000, 1.000000000000000000, 0.0000000000000000000 ) ) ;
#755 = COLOUR_RGB ( '',0.8784313725490196000, 0.8784313725490196000, 0.8784313725490196000 ) ;
#756 = DIRECTION ( 'NONE',  ( 1.000000000000000000, -0.0000000000000000000, -1.084202172485525100E-014 ) ) ;
#757 = VECTOR ( 'NONE', #756, 1000.000000000000000 ) ;
#758 = CARTESIAN_POINT ( 'NONE',  ( -1.759999999999997100, 1.920000000000000400, 1.075000000000000400 ) ) ;
#759 = LINE ( 'NONE', #758, #757 ) ;
#760 = FILL_AREA_STYLE_COLOUR ( '', #762 ) ;
#761 = CARTESIAN_POINT ( 'NONE',  ( -2.620168280221450100, 2.680000000000000200, 0.4539823927312388000 ) ) ;
#762 = COLOUR_RGB ( '',0.8784313725490196000, 0.8784313725490196000, 0.8784313725490196000 ) ;
#763 = CYLINDRICAL_SURFACE ( 'NONE', #768, 0.5803975574752460200 ) ;
#764 = DIRECTION ( 'NONE',  ( 0.0000000000000000000, 0.0000000000000000000, 1.000000000000000000 ) ) ;
#765 = DIRECTION ( 'NONE',  ( -0.0000000000000000000, 1.000000000000000000, 0.0000000000000000000 ) ) ;
#766 = CARTESIAN_POINT ( 'NONE',  ( -2.840486486979171900, 2.680000000000000200, 0.6279325065563682300 ) ) ;
#767 = FILL_AREA_STYLE ('',( #760 ) ) ;
#768 = AXIS2_PLACEMENT_3D ( 'NONE', #802, #754, #799 ) ;
#769 = SURFACE_STYLE_FILL_AREA ( #767 ) ;
#770 = FACE_OUTER_BOUND ( 'NONE', #3400, .T. ) ;
#771 = STYLED_ITEM ( 'NONE', ( #798 ), #3790 ) ;
#772 = DIRECTION ( 'NONE',  ( -7.228014483236699500E-016, 0.0000000000000000000, -1.000000000000000000 ) ) ;
#773 = VECTOR ( 'NONE', #772, 1000.000000000000000 ) ;
#774 = CARTESIAN_POINT ( 'NONE',  ( 1.700000000000000600, 3.250000000000000000, 1.799999999999998000 ) ) ;
#775 = CARTESIAN_POINT ( 'NONE',  ( -2.400000000000000400, 2.680000000000000200, 0.2499999999999999400 ) ) ;
#776 = CIRCLE ( 'NONE', #792, 0.04999999999999991300 ) ;
#777 =( GEOMETRIC_REPRESENTATION_CONTEXT ( 3 ) GLOBAL_UNCERTAINTY_ASSIGNED_CONTEXT ( ( #2321 ) ) GLOBAL_UNIT_ASSIGNED_CONTEXT ( ( #2324, #2323, #2322 ) ) REPRESENTATION_CONTEXT ( 'NONE', 'WORKASPACE' ) );
#778 = CARTESIAN_POINT ( 'NONE',  ( -2.400000000000000400, 1.920000000000000400, 0.2499999999999999400 ) ) ;
#779 = PRESENTATION_LAYER_ASSIGNMENT (  '', '', ( #771 ) ) ;
#780 =( GEOMETRIC_REPRESENTATION_CONTEXT ( 3 ) GLOBAL_UNCERTAINTY_ASSIGNED_CONTEXT ( ( #781 ) ) GLOBAL_UNIT_ASSIGNED_CONTEXT ( ( #784, #783, #782 ) ) REPRESENTATION_CONTEXT ( 'NONE', 'WORKASPACE' ) );
#781 = UNCERTAINTY_MEASURE_WITH_UNIT (LENGTH_MEASURE( 1.000000000000000100E-005 ), #784, 'distance_accuracy_value', 'NONE');
#782 =( NAMED_UNIT ( * ) SI_UNIT ( $, .STERADIAN. ) SOLID_ANGLE_UNIT ( ) );
#783 =( NAMED_UNIT ( * ) PLANE_ANGLE_UNIT ( ) SI_UNIT ( $, .RADIAN. ) );
#784 =( LENGTH_UNIT ( ) NAMED_UNIT ( * ) SI_UNIT ( .MILLI., .METRE. ) );
#785 = MECHANICAL_DESIGN_GEOMETRIC_PRESENTATION_REPRESENTATION (  '', ( #787 ), #780 ) ;
#786 = PRESENTATION_LAYER_ASSIGNMENT (  '', '', ( #787 ) ) ;
#787 = STYLED_ITEM ( 'NONE', ( #788 ), #3408 ) ;
#788 = PRESENTATION_STYLE_ASSIGNMENT (( #789 ) ) ;
#789 = SURFACE_STYLE_USAGE ( .BOTH. , #790 ) ;
#790 = SURFACE_SIDE_STYLE ('',( #791 ) ) ;
#791 = SURFACE_STYLE_FILL_AREA ( #796 ) ;
#792 = AXIS2_PLACEMENT_3D ( 'NONE', #806, #807, #804 ) ;
#793 = CARTESIAN_POINT ( 'NONE',  ( -2.188892316906503300, 2.680000000000000200, 0.8852583560461810800 ) ) ;
#794 =( GEOMETRIC_REPRESENTATION_CONTEXT ( 3 ) GLOBAL_UNCERTAINTY_ASSIGNED_CONTEXT ( ( #2107 ) ) GLOBAL_UNIT_ASSIGNED_CONTEXT ( ( #2110, #2109, #2108 ) ) REPRESENTATION_CONTEXT ( 'NONE', 'WORKASPACE' ) );
#795 = FACE_OUTER_BOUND ( 'NONE', #3397, .T. ) ;
#796 = FILL_AREA_STYLE ('',( #797 ) ) ;
#797 = FILL_AREA_STYLE_COLOUR ( '', #755 ) ;
#798 = PRESENTATION_STYLE_ASSIGNMENT (( #742 ) ) ;
#799 = DIRECTION ( 'NONE',  ( 0.0000000000000000000, 0.0000000000000000000, 1.000000000000000000 ) ) ;
#800 = CARTESIAN_POINT ( 'NONE',  ( -3.500000000000000400, 2.680000000000000200, 7.453889935837843000E-017 ) ) ;
#801 = CARTESIAN_POINT ( 'NONE',  ( -1.969999999999995500, 1.920000000000000400, 0.6800000000000000500 ) ) ;
#802 = CARTESIAN_POINT ( 'NONE',  ( -2.840486486979171900, 2.299999999999999800, 0.6279325065563682300 ) ) ;
#803 = MECHANICAL_DESIGN_GEOMETRIC_PRESENTATION_REPRESENTATION (  '', ( #771 ), #1021 ) ;
#804 = DIRECTION ( 'NONE',  ( -1.000000000000000000, 8.673617379884051200E-015, 0.0000000000000000000 ) ) ;
#805 =( LENGTH_UNIT ( ) NAMED_UNIT ( * ) SI_UNIT ( .MILLI., .METRE. ) );
#806 = CARTESIAN_POINT ( 'NONE',  ( -1.580207957427501400, 3.079326322523956400, 0.1000000000000000200 ) ) ;
#807 = DIRECTION ( 'NONE',  ( -8.807421908848944200E-015, -1.000000000000000000, -0.0000000000000000000 ) ) ;
#808 =( NAMED_UNIT ( * ) SI_UNIT ( $, .STERADIAN. ) SOLID_ANGLE_UNIT ( ) );
#809 = UNCERTAINTY_MEASURE_WITH_UNIT (LENGTH_MEASURE( 1.000000000000000100E-005 ), #805, 'distance_accuracy_value', 'NONE');
#810 =( NAMED_UNIT ( * ) PLANE_ANGLE_UNIT ( ) SI_UNIT ( $, .RADIAN. ) );
#811 = PRESENTATION_STYLE_ASSIGNMENT (( #2772 ) ) ;
#812 =( NAMED_UNIT ( * ) PLANE_ANGLE_UNIT ( ) SI_UNIT ( $, .RADIAN. ) );
#813 =( LENGTH_UNIT ( ) NAMED_UNIT ( * ) SI_UNIT ( .MILLI., .METRE. ) );
#814 = MECHANICAL_DESIGN_GEOMETRIC_PRESENTATION_REPRESENTATION (  '', ( #816 ), #866 ) ;
#815 = PRESENTATION_LAYER_ASSIGNMENT (  '', '', ( #816 ) ) ;
#816 = STYLED_ITEM ( 'NONE', ( #817 ), #3424 ) ;
#817 = PRESENTATION_STYLE_ASSIGNMENT (( #818 ) ) ;
#818 = SURFACE_STYLE_USAGE ( .BOTH. , #819 ) ;
#819 = SURFACE_SIDE_STYLE ('',( #820 ) ) ;
#820 = SURFACE_STYLE_FILL_AREA ( #826 ) ;
#821 = AXIS2_PLACEMENT_3D ( 'NONE', #834, #823, #862 ) ;
#822 = DIRECTION ( 'NONE',  ( 0.0000000000000000000, 0.0000000000000000000, -1.000000000000000000 ) ) ;
#823 = DIRECTION ( 'NONE',  ( 0.0000000000000000000, -1.000000000000000000, -0.0000000000000000000 ) ) ;
#824 = CYLINDRICAL_SURFACE ( 'NONE', #828, 0.5796052631578845200 ) ;
#825 = FACE_OUTER_BOUND ( 'NONE', #3442, .T. ) ;
#826 = FILL_AREA_STYLE ('',( #836 ) ) ;
#827 = COLOUR_RGB ( '',0.8784313725490196000, 0.8784313725490196000, 0.8784313725490196000 ) ;
#828 = AXIS2_PLACEMENT_3D ( 'NONE', #857, #899, #898 ) ;
#829 = DIRECTION ( 'NONE',  ( 0.0000000000000000000, -1.000000000000000000, -0.0000000000000000000 ) ) ;
#830 = DIRECTION ( 'NONE',  ( 0.0000000000000000000, 0.0000000000000000000, -1.000000000000000000 ) ) ;
#831 = DIRECTION ( 'NONE',  ( 0.0000000000000000000, -1.000000000000000000, -0.0000000000000000000 ) ) ;
#832 = AXIS2_PLACEMENT_3D ( 'NONE', #844, #831, #830 ) ;
#833 = CIRCLE ( 'NONE', #845, 0.5796052631578845200 ) ;
#834 = CARTESIAN_POINT ( 'NONE',  ( -1.759999999999999800, 2.299999999999999800, 0.4953947368421158800 ) ) ;
#835 = CIRCLE ( 'NONE', #832, 0.5796052631578845200 ) ;
#836 = FILL_AREA_STYLE_COLOUR ( '', #827 ) ;
#837 = DIRECTION ( 'NONE',  ( 0.0000000000000000000, 1.000000000000000000, 0.0000000000000000000 ) ) ;
#838 = VECTOR ( 'NONE', #837, 1000.000000000000000 ) ;
#839 = CARTESIAN_POINT ( 'NONE',  ( -2.400000000000000400, 2.299999999999999800, 0.2499999999999999400 ) ) ;
#840 = LINE ( 'NONE', #839, #838 ) ;
#841 = CARTESIAN_POINT ( 'NONE',  ( -1.759999999999999800, 1.920000000000000400, 0.4953947368421158800 ) ) ;
#842 = CYLINDRICAL_SURFACE ( 'NONE', #821, 0.2796052631578845900 ) ;
#843 = CARTESIAN_POINT ( 'NONE',  ( -1.759999999999997600, 1.920000000000000400, 0.7750000000000004700 ) ) ;
#844 = CARTESIAN_POINT ( 'NONE',  ( -1.759999999999999800, 2.680000000000000200, 0.4953947368421158800 ) ) ;
#845 = AXIS2_PLACEMENT_3D ( 'NONE', #841, #829, #822 ) ;
#846 = UNCERTAINTY_MEASURE_WITH_UNIT (LENGTH_MEASURE( 1.000000000000000100E-005 ), #849, 'distance_accuracy_value', 'NONE');
#847 =( NAMED_UNIT ( * ) SI_UNIT ( $, .STERADIAN. ) SOLID_ANGLE_UNIT ( ) );
#848 =( NAMED_UNIT ( * ) PLANE_ANGLE_UNIT ( ) SI_UNIT ( $, .RADIAN. ) );
#849 =( LENGTH_UNIT ( ) NAMED_UNIT ( * ) SI_UNIT ( .MILLI., .METRE. ) );
#850 = MECHANICAL_DESIGN_GEOMETRIC_PRESENTATION_REPRESENTATION (  '', ( #852 ), #900 ) ;
#851 = PRESENTATION_LAYER_ASSIGNMENT (  '', '', ( #852 ) ) ;
#852 = STYLED_ITEM ( 'NONE', ( #853 ), #3425 ) ;
#853 = PRESENTATION_STYLE_ASSIGNMENT (( #854 ) ) ;
#854 = SURFACE_STYLE_USAGE ( .BOTH. , #855 ) ;
#855 = SURFACE_SIDE_STYLE ('',( #864 ) ) ;
#856 = DIRECTION ( 'NONE',  ( -0.9975640502598247500, 0.0000000000000000000, -0.06975647374411812800 ) ) ;
#857 = CARTESIAN_POINT ( 'NONE',  ( -1.759999999999999800, 2.299999999999999800, 0.4953947368421158800 ) ) ;
#858 = FILL_AREA_STYLE_COLOUR ( '', #859 ) ;
#859 = COLOUR_RGB ( '',0.8784313725490196000, 0.8784313725490196000, 0.8784313725490196000 ) ;
#860 = LINE ( 'NONE', #893, #892 ) ;
#861 = CARTESIAN_POINT ( 'NONE',  ( -1.759999999999997600, 2.680000000000000200, 0.7750000000000003600 ) ) ;
#862 = DIRECTION ( 'NONE',  ( 0.0000000000000000000, 0.0000000000000000000, -1.000000000000000000 ) ) ;
#863 = FACE_OUTER_BOUND ( 'NONE', #3441, .T. ) ;
#864 = SURFACE_STYLE_FILL_AREA ( #865 ) ;
#865 = FILL_AREA_STYLE ('',( #858 ) ) ;
#866 =( GEOMETRIC_REPRESENTATION_CONTEXT ( 3 ) GLOBAL_UNCERTAINTY_ASSIGNED_CONTEXT ( ( #867 ) ) GLOBAL_UNIT_ASSIGNED_CONTEXT ( ( #813, #812, #868 ) ) REPRESENTATION_CONTEXT ( 'NONE', 'WORKASPACE' ) );
#867 = UNCERTAINTY_MEASURE_WITH_UNIT (LENGTH_MEASURE( 1.000000000000000100E-005 ), #813, 'distance_accuracy_value', 'NONE');
#868 =( NAMED_UNIT ( * ) SI_UNIT ( $, .STERADIAN. ) SOLID_ANGLE_UNIT ( ) );
#869 = VECTOR ( 'NONE', #878, 999.9999999999998900 ) ;
#870 = CARTESIAN_POINT ( 'NONE',  ( -2.188892316906502900, 1.920000000000000400, 0.8852583560461810800 ) ) ;
#871 = LINE ( 'NONE', #870, #869 ) ;
#872 = FILL_AREA_STYLE_COLOUR ( '', #873 ) ;
#873 = COLOUR_RGB ( '',0.8784313725490196000, 0.8784313725490196000, 0.8784313725490196000 ) ;
#874 = FACE_OUTER_BOUND ( 'NONE', #3407, .T. ) ;
#875 = CARTESIAN_POINT ( 'NONE',  ( -1.759999999999997100, 1.920000000000000400, 1.075000000000000400 ) ) ;
#876 = PLANE ( 'NONE',  #886 ) ;
#877 = CARTESIAN_POINT ( 'NONE',  ( -1.759999999999999800, 1.920000000000000400, 0.4953947368421158800 ) ) ;
#878 = DIRECTION ( 'NONE',  ( -0.7071067811865512400, 0.0000000000000000000, -0.7071067811865439100 ) ) ;
#879 = FILL_AREA_STYLE ('',( #872 ) ) ;
#880 = VECTOR ( 'NONE', #856, 1000.000000000000100 ) ;
#881 = DIRECTION ( 'NONE',  ( -0.0000000000000000000, -1.000000000000000000, -0.0000000000000000000 ) ) ;
#882 = VECTOR ( 'NONE', #881, 1000.000000000000000 ) ;
#883 = CARTESIAN_POINT ( 'NONE',  ( -1.759999999999997100, 1.920000000000000400, 1.075000000000000400 ) ) ;
#884 = SURFACE_STYLE_FILL_AREA ( #879 ) ;
#885 = LINE ( 'NONE', #883, #882 ) ;
#886 = AXIS2_PLACEMENT_3D ( 'NONE', #911, #910, #909 ) ;
#887 = DIRECTION ( 'NONE',  ( 1.000000000000000000, -0.0000000000000000000, -1.084202172485525100E-014 ) ) ;
#888 = VECTOR ( 'NONE', #887, 1000.000000000000000 ) ;
#889 = CARTESIAN_POINT ( 'NONE',  ( -1.759999999999997600, 1.920000000000000400, 0.7750000000000004700 ) ) ;
#890 = CIRCLE ( 'NONE', #902, 0.2796052631578846400 ) ;
#891 = DIRECTION ( 'NONE',  ( 0.0000000000000000000, -1.000000000000000000, -0.0000000000000000000 ) ) ;
#892 = VECTOR ( 'NONE', #891, 1000.000000000000000 ) ;
#893 = CARTESIAN_POINT ( 'NONE',  ( -3.500000000000000400, 2.299999999999999800, 7.453889935837843000E-017 ) ) ;
#894 = PLANE ( 'NONE',  #926 ) ;
#895 = CARTESIAN_POINT ( 'NONE',  ( -2.799999999999999800, 2.680000000000000200, 0.04894876836045235200 ) ) ;
#896 = LINE ( 'NONE', #889, #888 ) ;
#897 = LINE ( 'NONE', #895, #880 ) ;
#898 = DIRECTION ( 'NONE',  ( 0.0000000000000000000, 0.0000000000000000000, -1.000000000000000000 ) ) ;
#899 = DIRECTION ( 'NONE',  ( 0.0000000000000000000, -1.000000000000000000, -0.0000000000000000000 ) ) ;
#900 =( GEOMETRIC_REPRESENTATION_CONTEXT ( 3 ) GLOBAL_UNCERTAINTY_ASSIGNED_CONTEXT ( ( #846 ) ) GLOBAL_UNIT_ASSIGNED_CONTEXT ( ( #849, #848, #847 ) ) REPRESENTATION_CONTEXT ( 'NONE', 'WORKASPACE' ) );
#901 = CIRCLE ( 'NONE', #906, 0.2796052631578845300 ) ;
#902 = AXIS2_PLACEMENT_3D ( 'NONE', #877, #945, #944 ) ;
#903 = DIRECTION ( 'NONE',  ( -0.0000000000000000000, 1.000000000000000000, 0.0000000000000000000 ) ) ;
#904 = VECTOR ( 'NONE', #903, 1000.000000000000000 ) ;
#905 = CARTESIAN_POINT ( 'NONE',  ( -2.188892316906503300, 2.299999999999999800, 0.8852583560461810800 ) ) ;
#906 = AXIS2_PLACEMENT_3D ( 'NONE', #953, #952, #951 ) ;
#907 = CARTESIAN_POINT ( 'NONE',  ( -1.759999999999997600, 1.920000000000000400, 0.7750000000000004700 ) ) ;
#908 = LINE ( 'NONE', #907, #948 ) ;
#909 = DIRECTION ( 'NONE',  ( 0.7071067811865512400, 0.0000000000000000000, 0.7071067811865439100 ) ) ;
#910 = DIRECTION ( 'NONE',  ( -0.7071067811865439100, -0.0000000000000000000, 0.7071067811865512400 ) ) ;
#911 = CARTESIAN_POINT ( 'NONE',  ( -2.188892316906503300, 2.299999999999999800, 0.8852583560461810800 ) ) ;
#912 = LINE ( 'NONE', #905, #904 ) ;
#913 = PLANE ( 'NONE',  #940 ) ;
#914 =( GEOMETRIC_REPRESENTATION_CONTEXT ( 3 ) GLOBAL_UNCERTAINTY_ASSIGNED_CONTEXT ( ( #915 ) ) GLOBAL_UNIT_ASSIGNED_CONTEXT ( ( #918, #917, #916 ) ) REPRESENTATION_CONTEXT ( 'NONE', 'WORKASPACE' ) );
#915 = UNCERTAINTY_MEASURE_WITH_UNIT (LENGTH_MEASURE( 1.000000000000000100E-005 ), #918, 'distance_accuracy_value', 'NONE');
#916 =( NAMED_UNIT ( * ) SI_UNIT ( $, .STERADIAN. ) SOLID_ANGLE_UNIT ( ) );
#917 =( NAMED_UNIT ( * ) PLANE_ANGLE_UNIT ( ) SI_UNIT ( $, .RADIAN. ) );
#918 =( LENGTH_UNIT ( ) NAMED_UNIT ( * ) SI_UNIT ( .MILLI., .METRE. ) );
#919 = MECHANICAL_DESIGN_GEOMETRIC_PRESENTATION_REPRESENTATION (  '', ( #921 ), #914 ) ;
#920 = PRESENTATION_LAYER_ASSIGNMENT (  '', '', ( #921 ) ) ;
#921 = STYLED_ITEM ( 'NONE', ( #922 ), #3443 ) ;
#922 = PRESENTATION_STYLE_ASSIGNMENT (( #923 ) ) ;
#923 = SURFACE_STYLE_USAGE ( .BOTH. , #924 ) ;
#924 = SURFACE_SIDE_STYLE ('',( #884 ) ) ;
#925 = FILL_AREA_STYLE_COLOUR ( '', #943 ) ;
#926 = AXIS2_PLACEMENT_3D ( 'NONE', #956, #955, #954 ) ;
#927 =( GEOMETRIC_REPRESENTATION_CONTEXT ( 3 ) GLOBAL_UNCERTAINTY_ASSIGNED_CONTEXT ( ( #928 ) ) GLOBAL_UNIT_ASSIGNED_CONTEXT ( ( #931, #930, #929 ) ) REPRESENTATION_CONTEXT ( 'NONE', 'WORKASPACE' ) );
#928 = UNCERTAINTY_MEASURE_WITH_UNIT (LENGTH_MEASURE( 1.000000000000000100E-005 ), #931, 'distance_accuracy_value', 'NONE');
#929 =( NAMED_UNIT ( * ) SI_UNIT ( $, .STERADIAN. ) SOLID_ANGLE_UNIT ( ) );
#930 =( NAMED_UNIT ( * ) PLANE_ANGLE_UNIT ( ) SI_UNIT ( $, .RADIAN. ) );
#931 =( LENGTH_UNIT ( ) NAMED_UNIT ( * ) SI_UNIT ( .MILLI., .METRE. ) );
#932 = MECHANICAL_DESIGN_GEOMETRIC_PRESENTATION_REPRESENTATION (  '', ( #934 ), #927 ) ;
#933 = PRESENTATION_LAYER_ASSIGNMENT (  '', '', ( #934 ) ) ;
#934 = STYLED_ITEM ( 'NONE', ( #935 ), #3457 ) ;
#935 = PRESENTATION_STYLE_ASSIGNMENT (( #936 ) ) ;
#936 = SURFACE_STYLE_USAGE ( .BOTH. , #937 ) ;
#937 = SURFACE_SIDE_STYLE ('',( #949 ) ) ;
#938 = CARTESIAN_POINT ( 'NONE',  ( -3.506378420924862300, 1.920000000000000400, 0.09121566889128197900 ) ) ;
#939 = DIRECTION ( 'NONE',  ( 0.0000000000000000000, 1.000000000000000000, -1.426581805901979900E-016 ) ) ;
#940 = AXIS2_PLACEMENT_3D ( 'NONE', #975, #974, #973 ) ;
#941 = FACE_OUTER_BOUND ( 'NONE', #3487, .T. ) ;
#942 = CARTESIAN_POINT ( 'NONE',  ( -1.759999999999997100, 2.680000000000000200, 1.075000000000000400 ) ) ;
#943 = COLOUR_RGB ( '',0.8784313725490196000, 0.8784313725490196000, 0.8784313725490196000 ) ;
#944 = DIRECTION ( 'NONE',  ( 0.0000000000000000000, 0.0000000000000000000, -1.000000000000000000 ) ) ;
#945 = DIRECTION ( 'NONE',  ( 0.0000000000000000000, -1.000000000000000000, -0.0000000000000000000 ) ) ;
#946 = COLOUR_RGB ( '',0.8784313725490196000, 0.8784313725490196000, 0.8784313725490196000 ) ;
#947 = FILL_AREA_STYLE_COLOUR ( '', #946 ) ;
#948 = VECTOR ( 'NONE', #939, 1000.000000000000000 ) ;
#949 = SURFACE_STYLE_FILL_AREA ( #950 ) ;
#950 = FILL_AREA_STYLE ('',( #947 ) ) ;
#951 = DIRECTION ( 'NONE',  ( 0.0000000000000000000, 0.0000000000000000000, -1.000000000000000000 ) ) ;
#952 = DIRECTION ( 'NONE',  ( 0.0000000000000000000, -1.000000000000000000, -0.0000000000000000000 ) ) ;
#953 = CARTESIAN_POINT ( 'NONE',  ( -1.759999999999999800, 2.680000000000000200, 0.4953947368421158800 ) ) ;
#954 = DIRECTION ( 'NONE',  ( 0.0000000000000000000, -0.0000000000000000000, -1.000000000000000000 ) ) ;
#955 = DIRECTION ( 'NONE',  ( 0.0000000000000000000, -1.000000000000000000, 0.0000000000000000000 ) ) ;
#956 = CARTESIAN_POINT ( 'NONE',  ( -1.759999999999997600, 1.920000000000000400, 0.7750000000000004700 ) ) ;
#957 = LINE ( 'NONE', #938, #1011 ) ;
#958 = LINE ( 'NONE', #1003, #1002 ) ;
#959 = LINE ( 'NONE', #993, #992 ) ;
#960 = FILL_AREA_STYLE ('',( #972 ) ) ;
#961 =( GEOMETRIC_REPRESENTATION_CONTEXT ( 3 ) GLOBAL_UNCERTAINTY_ASSIGNED_CONTEXT ( ( #962 ) ) GLOBAL_UNIT_ASSIGNED_CONTEXT ( ( #965, #964, #963 ) ) REPRESENTATION_CONTEXT ( 'NONE', 'WORKASPACE' ) );
#962 = UNCERTAINTY_MEASURE_WITH_UNIT (LENGTH_MEASURE( 1.000000000000000100E-005 ), #965, 'distance_accuracy_value', 'NONE');
#963 =( NAMED_UNIT ( * ) SI_UNIT ( $, .STERADIAN. ) SOLID_ANGLE_UNIT ( ) );
#964 =( NAMED_UNIT ( * ) PLANE_ANGLE_UNIT ( ) SI_UNIT ( $, .RADIAN. ) );
#965 =( LENGTH_UNIT ( ) NAMED_UNIT ( * ) SI_UNIT ( .MILLI., .METRE. ) );
#966 = MECHANICAL_DESIGN_GEOMETRIC_PRESENTATION_REPRESENTATION (  '', ( #968 ), #961 ) ;
#967 = PRESENTATION_LAYER_ASSIGNMENT (  '', '', ( #968 ) ) ;
#968 = STYLED_ITEM ( 'NONE', ( #969 ), #3461 ) ;
#969 = PRESENTATION_STYLE_ASSIGNMENT (( #970 ) ) ;
#970 = SURFACE_STYLE_USAGE ( .BOTH. , #971 ) ;
#971 = SURFACE_SIDE_STYLE ('',( #977 ) ) ;
#972 = FILL_AREA_STYLE_COLOUR ( '', #1009 ) ;
#973 = DIRECTION ( 'NONE',  ( 1.000000000000000000, 0.0000000000000000000, -1.084202172485525100E-014 ) ) ;
#974 = DIRECTION ( 'NONE',  ( 1.084202172485525100E-014, -0.0000000000000000000, 1.000000000000000000 ) ) ;
#975 = CARTESIAN_POINT ( 'NONE',  ( -1.759999999999997100, 1.920000000000000400, 1.075000000000000400 ) ) ;
#976 = FACE_OUTER_BOUND ( 'NONE', #3450, .T. ) ;
#977 = SURFACE_STYLE_FILL_AREA ( #978 ) ;
#978 = FILL_AREA_STYLE ('',( #925 ) ) ;
#979 =( NAMED_UNIT ( * ) SI_UNIT ( $, .STERADIAN. ) SOLID_ANGLE_UNIT ( ) );
#980 =( NAMED_UNIT ( * ) PLANE_ANGLE_UNIT ( ) SI_UNIT ( $, .RADIAN. ) );
#981 =( LENGTH_UNIT ( ) NAMED_UNIT ( * ) SI_UNIT ( .MILLI., .METRE. ) );
#982 = MECHANICAL_DESIGN_GEOMETRIC_PRESENTATION_REPRESENTATION (  '', ( #984 ), #1040 ) ;
#983 = PRESENTATION_LAYER_ASSIGNMENT (  '', '', ( #984 ) ) ;
#984 = STYLED_ITEM ( 'NONE', ( #985 ), #3475 ) ;
#985 = PRESENTATION_STYLE_ASSIGNMENT (( #986 ) ) ;
#986 = SURFACE_STYLE_USAGE ( .BOTH. , #989 ) ;
#987 = CIRCLE ( 'NONE', #1008, 0.2807111581834854100 ) ;
#988 = CARTESIAN_POINT ( 'NONE',  ( 1.580207957427496100, -3.128566710174567300, 0.09131759111665373200 ) ) ;
#989 = SURFACE_SIDE_STYLE ('',( #990 ) ) ;
#990 = SURFACE_STYLE_FILL_AREA ( #960 ) ;
#991 = DIRECTION ( 'NONE',  ( 0.0000000000000000000, -1.000000000000000000, -0.0000000000000000000 ) ) ;
#992 = VECTOR ( 'NONE', #991, 1000.000000000000000 ) ;
#993 = CARTESIAN_POINT ( 'NONE',  ( -1.969999999999995500, 2.299999999999999800, 0.6800000000000000500 ) ) ;
#994 = AXIS2_PLACEMENT_3D ( 'NONE', #1034, #1033, #1032 ) ;
#995 = FACE_OUTER_BOUND ( 'NONE', #3404, .T. ) ;
#996 = DIRECTION ( 'NONE',  ( -0.7071067811865512400, 0.0000000000000000000, -0.7071067811865439100 ) ) ;
#997 = VECTOR ( 'NONE', #996, 999.9999999999998900 ) ;
#998 = CARTESIAN_POINT ( 'NONE',  ( -1.969999999999995500, 1.920000000000000400, 0.6800000000000000500 ) ) ;
#999 = LINE ( 'NONE', #998, #997 ) ;
#1000 = PLANE ( 'NONE',  #994 ) ;
#1001 = DIRECTION ( 'NONE',  ( -0.7071067811865512400, 0.0000000000000000000, -0.7071067811865439100 ) ) ;
#1002 = VECTOR ( 'NONE', #1001, 999.9999999999998900 ) ;
#1003 = CARTESIAN_POINT ( 'NONE',  ( -1.969999999999995500, 2.680000000000000200, 0.6800000000000000500 ) ) ;
#1004 = DIRECTION ( 'NONE',  ( -0.7071067811865512400, 0.0000000000000000000, -0.7071067811865439100 ) ) ;
#1005 = VECTOR ( 'NONE', #1004, 999.9999999999998900 ) ;
#1006 = CARTESIAN_POINT ( 'NONE',  ( -2.188892316906503300, 2.680000000000000200, 0.8852583560461810800 ) ) ;
#1007 = LINE ( 'NONE', #1006, #1005 ) ;
#1008 = AXIS2_PLACEMENT_3D ( 'NONE', #1027, #1026, #1025 ) ;
#1009 = COLOUR_RGB ( '',0.8784313725490196000, 0.8784313725490196000, 0.8784313725490196000 ) ;
#1010 = DIRECTION ( 'NONE',  ( -0.06975647374411812800, 0.0000000000000000000, 0.9975640502598247500 ) ) ;
#1011 = VECTOR ( 'NONE', #1010, 1000.000000000000100 ) ;
#1012 = CARTESIAN_POINT ( 'NONE',  ( 1.701615153243947200, 3.249973905991012200, 0.7798520135212441100 ) ) ;
#1013 =( LENGTH_UNIT ( ) NAMED_UNIT ( * ) SI_UNIT ( .MILLI., .METRE. ) );
#1014 = MECHANICAL_DESIGN_GEOMETRIC_PRESENTATION_REPRESENTATION (  '', ( #1016 ), #545 ) ;
#1015 = PRESENTATION_LAYER_ASSIGNMENT (  '', '', ( #1016 ) ) ;
#1016 = STYLED_ITEM ( 'NONE', ( #1017 ), #3491 ) ;
#1017 = PRESENTATION_STYLE_ASSIGNMENT (( #1018 ) ) ;
#1018 = SURFACE_STYLE_USAGE ( .BOTH. , #1019 ) ;
#1019 = SURFACE_SIDE_STYLE ('',( #1038 ) ) ;
#1020 = FACE_OUTER_BOUND ( 'NONE', #3746, .T. ) ;
#1021 =( GEOMETRIC_REPRESENTATION_CONTEXT ( 3 ) GLOBAL_UNCERTAINTY_ASSIGNED_CONTEXT ( ( #809 ) ) GLOBAL_UNIT_ASSIGNED_CONTEXT ( ( #805, #810, #808 ) ) REPRESENTATION_CONTEXT ( 'NONE', 'WORKASPACE' ) );
#1022 = CARTESIAN_POINT ( 'NONE',  ( 1.580207957427496100, 3.128566710174566900, 0.09131759111665367600 ) ) ;
#1023 = FILL_AREA_STYLE_COLOUR ( '', #1024 ) ;
#1024 = COLOUR_RGB ( '',0.06274509803921568500, 0.06274509803921568500, 0.06274509803921568500 ) ;
#1025 = DIRECTION ( 'NONE',  ( 0.0000000000000000000, 0.0000000000000000000, 1.000000000000000000 ) ) ;
#1026 = DIRECTION ( 'NONE',  ( -0.0000000000000000000, 1.000000000000000000, 0.0000000000000000000 ) ) ;
#1027 = CARTESIAN_POINT ( 'NONE',  ( -2.840486486979171900, 2.680000000000000200, 0.6279325065563682300 ) ) ;
#1028 = CARTESIAN_POINT ( 'NONE',  ( -2.188892316906502900, 1.920000000000000400, 0.8852583560461810800 ) ) ;
#1029 = CARTESIAN_POINT ( 'NONE',  ( -1.969999999999995500, 2.680000000000000200, 0.6800000000000000500 ) ) ;
#1030 = CARTESIAN_POINT ( 'NONE',  ( -1.701615153243947200, 3.249973905991012700, 0.7798520135212440000 ) ) ;
#1031 = VECTOR ( 'NONE', #1035, 1000.000000000000000 ) ;
#1032 = DIRECTION ( 'NONE',  ( -0.7071067811865512400, 0.0000000000000000000, -0.7071067811865439100 ) ) ;
#1033 = DIRECTION ( 'NONE',  ( 0.7071067811865439100, 0.0000000000000000000, -0.7071067811865512400 ) ) ;
#1034 = CARTESIAN_POINT ( 'NONE',  ( -1.969999999999995500, 2.299999999999999800, 0.6800000000000000500 ) ) ;
#1035 = DIRECTION ( 'NONE',  ( 0.0000000000000000000, -1.000000000000000000, 0.0000000000000000000 ) ) ;
#1036 = CARTESIAN_POINT ( 'NONE',  ( -2.620168280221450100, 2.299999999999999800, 0.4539823927312388000 ) ) ;
#1037 = LINE ( 'NONE', #1036, #1031 ) ;
#1038 = SURFACE_STYLE_FILL_AREA ( #1039 ) ;
#1039 = FILL_AREA_STYLE ('',( #1023 ) ) ;
#1040 =( GEOMETRIC_REPRESENTATION_CONTEXT ( 3 ) GLOBAL_UNCERTAINTY_ASSIGNED_CONTEXT ( ( #1041 ) ) GLOBAL_UNIT_ASSIGNED_CONTEXT ( ( #981, #980, #979 ) ) REPRESENTATION_CONTEXT ( 'NONE', 'WORKASPACE' ) );
#1041 = UNCERTAINTY_MEASURE_WITH_UNIT (LENGTH_MEASURE( 1.000000000000000100E-005 ), #981, 'distance_accuracy_value', 'NONE');
#1042 = VECTOR ( 'NONE', #1063, 1000.000000000000100 ) ;
#1043 = CARTESIAN_POINT ( 'NONE',  ( 2.800000000000000700, -1.499999999999999600, 0.04894876836045224100 ) ) ;
#1044 = CARTESIAN_POINT ( 'NONE',  ( 2.840486486979173300, -1.499999999999999600, 0.6279325065563714500 ) ) ;
#1045 = LINE ( 'NONE', #1043, #1042 ) ;
#1046 = DIRECTION ( 'NONE',  ( 1.000000000000000000, -0.0000000000000000000, -0.0000000000000000000 ) ) ;
#1047 = VECTOR ( 'NONE', #1046, 1000.000000000000000 ) ;
#1048 = CARTESIAN_POINT ( 'NONE',  ( 1.622162938986360300, -3.128566710174567300, 0.09131759111665373200 ) ) ;
#1049 = DIRECTION ( 'NONE',  ( 0.1710878697460389300, -0.1710878697460319300, 0.9702875252478139200 ) ) ;
#1050 = VECTOR ( 'NONE', #1049, 1000.000000000000000 ) ;
#1051 = CARTESIAN_POINT ( 'NONE',  ( -1.574363869636433500, 3.122722622383504300, 1.791825877725052400 ) ) ;
#1052 = SURFACE_STYLE_FILL_AREA ( #1101 ) ;
#1053 = CIRCLE ( 'NONE', #1102, 0.2805571509599709700 ) ;
#1054 = CARTESIAN_POINT ( 'NONE',  ( 1.701615153243946700, -3.249973905991012200, 0.7798520135212415600 ) ) ;
#1055 = LINE ( 'NONE', #1048, #1047 ) ;
#1056 = LINE ( 'NONE', #1051, #1050 ) ;
#1057 = CARTESIAN_POINT ( 'NONE',  ( 1.701615153243947200, 3.249973905991012200, 0.7798520135212441100 ) ) ;
#1058 = CARTESIAN_POINT ( 'NONE',  ( 1.701076932763842200, 3.249991301240336300, 0.7799506668824801600 ) ) ;
#1059 = CARTESIAN_POINT ( 'NONE',  ( 1.700538501513371200, 3.249999999999999600, 0.7800000000000131300 ) ) ;
#1060 = CARTESIAN_POINT ( 'NONE',  ( 1.699999999999999700, 3.250000000000000000, 0.7800000000000137900 ) ) ;
#1061 =( BOUNDED_CURVE ( )  B_SPLINE_CURVE ( 3, ( #1060, #1059, #1058, #1057 ),
 .UNSPECIFIED., .F., .T. ) 
 B_SPLINE_CURVE_WITH_KNOTS ( ( 4, 4 ),
 ( 3.141592653589789100, 3.173901339085171800 ),
 .UNSPECIFIED. ) 
 CURVE ( )  GEOMETRIC_REPRESENTATION_ITEM ( )  RATIONAL_B_SPLINE_CURVE ( ( 1.000000000000000000, 0.9999130142951573300, 0.9999130142951573300, 1.000000000000000000 ) ) 
 REPRESENTATION_ITEM ( '' )  );
#1062 = CIRCLE ( 'NONE', #1064, 0.5803975574752494600 ) ;
#1063 = DIRECTION ( 'NONE',  ( 0.9975640502598246400, 0.0000000000000000000, -0.06975647374411872400 ) ) ;
#1064 = AXIS2_PLACEMENT_3D ( 'NONE', #1044, #1099, #1098 ) ;
#1065 = CARTESIAN_POINT ( 'NONE',  ( 2.820915809444509900, 0.0000000000000000000, 0.3480587787153857600 ) ) ;
#1066 = CARTESIAN_POINT ( 'NONE',  ( -1.701615153243946500, -3.249973905991012200, 0.7798520135212418900 ) ) ;
#1067 = CARTESIAN_POINT ( 'NONE',  ( -1.701076932763842000, -3.249991301240335900, 0.7799506668824776100 ) ) ;
#1068 = CARTESIAN_POINT ( 'NONE',  ( -1.700538501513371400, -3.249999999999999600, 0.7800000000000104600 ) ) ;
#1069 = CARTESIAN_POINT ( 'NONE',  ( -1.700000000000000200, -3.250000000000000000, 0.7800000000000136800 ) ) ;
#1070 = CARTESIAN_POINT ( 'NONE',  ( 2.620281606206675800, -1.499999999999999600, 0.4540873874452899800 ) ) ;
#1071 =( BOUNDED_CURVE ( )  B_SPLINE_CURVE ( 3, ( #1069, #1068, #1067, #1066 ),
 .UNSPECIFIED., .F., .T. ) 
 B_SPLINE_CURVE_WITH_KNOTS ( ( 4, 4 ),
 ( 3.141592653589793100, 3.173901339085154000 ),
 .UNSPECIFIED. ) 
 CURVE ( )  GEOMETRIC_REPRESENTATION_ITEM ( )  RATIONAL_B_SPLINE_CURVE ( ( 1.000000000000000000, 0.9999130142951575500, 0.9999130142951575500, 1.000000000000000000 ) ) 
 REPRESENTATION_ITEM ( '' )  );
#1072 = CARTESIAN_POINT ( 'NONE',  ( 1.700000000000000200, 3.250000000000000000, 1.069999999999988300 ) ) ;
#1073 = CARTESIAN_POINT ( 'NONE',  ( 1.700538501513371200, 3.250000000000000000, 1.069999999999989200 ) ) ;
#1074 = CARTESIAN_POINT ( 'NONE',  ( 1.701076932763842000, 3.249991301240336300, 1.070049333117522000 ) ) ;
#1075 = CARTESIAN_POINT ( 'NONE',  ( 1.701615153243947000, 3.249973905991012700, 1.070147986478758000 ) ) ;
#1076 = FACE_OUTER_BOUND ( 'NONE', #3613, .T. ) ;
#1077 =( BOUNDED_CURVE ( )  B_SPLINE_CURVE ( 3, ( #1075, #1074, #1073, #1072 ),
 .UNSPECIFIED., .F., .F. ) 
 B_SPLINE_CURVE_WITH_KNOTS ( ( 4, 4 ),
 ( 6.250876621684216900, 6.283185307179586200 ),
 .UNSPECIFIED. ) 
 CURVE ( )  GEOMETRIC_REPRESENTATION_ITEM ( )  RATIONAL_B_SPLINE_CURVE ( ( 1.000000000000000000, 0.9999130142951574400, 0.9999130142951574400, 1.000000000000000000 ) ) 
 REPRESENTATION_ITEM ( '' )  );
#1078 = PLANE ( 'NONE',  #1094 ) ;
#1079 = LINE ( 'NONE', #1095, #1132 ) ;
#1080 =( GEOMETRIC_REPRESENTATION_CONTEXT ( 3 ) GLOBAL_UNCERTAINTY_ASSIGNED_CONTEXT ( ( #1081 ) ) GLOBAL_UNIT_ASSIGNED_CONTEXT ( ( #1084, #1083, #1082 ) ) REPRESENTATION_CONTEXT ( 'NONE', 'WORKASPACE' ) );
#1081 = UNCERTAINTY_MEASURE_WITH_UNIT (LENGTH_MEASURE( 1.000000000000000100E-005 ), #1084, 'distance_accuracy_value', 'NONE');
#1082 =( NAMED_UNIT ( * ) SI_UNIT ( $, .STERADIAN. ) SOLID_ANGLE_UNIT ( ) );
#1083 =( NAMED_UNIT ( * ) PLANE_ANGLE_UNIT ( ) SI_UNIT ( $, .RADIAN. ) );
#1084 =( LENGTH_UNIT ( ) NAMED_UNIT ( * ) SI_UNIT ( .MILLI., .METRE. ) );
#1085 = MECHANICAL_DESIGN_GEOMETRIC_PRESENTATION_REPRESENTATION (  '', ( #1087 ), #1080 ) ;
#1086 = PRESENTATION_LAYER_ASSIGNMENT (  '', '', ( #1087 ) ) ;
#1087 = STYLED_ITEM ( 'NONE', ( #1088 ), #3521 ) ;
#1088 = PRESENTATION_STYLE_ASSIGNMENT (( #1089 ) ) ;
#1089 = SURFACE_STYLE_USAGE ( .BOTH. , #1090 ) ;
#1090 = SURFACE_SIDE_STYLE ('',( #1052 ) ) ;
#1091 = DIRECTION ( 'NONE',  ( 0.0000000000000000000, 0.0000000000000000000, -1.000000000000000000 ) ) ;
#1092 = DIRECTION ( 'NONE',  ( -0.0000000000000000000, -1.000000000000000000, -0.0000000000000000000 ) ) ;
#1093 = FILL_AREA_STYLE_COLOUR ( '', #1097 ) ;
#1094 = AXIS2_PLACEMENT_3D ( 'NONE', #1065, #1134, #1133 ) ;
#1095 = CARTESIAN_POINT ( 'NONE',  ( 2.820915809444509900, -1.499999999999999600, 0.3480587787153858200 ) ) ;
#1096 = FACE_OUTER_BOUND ( 'NONE', #3574, .T. ) ;
#1097 = COLOUR_RGB ( '',0.8784313725490196000, 0.8784313725490196000, 0.8784313725490196000 ) ;
#1098 = DIRECTION ( 'NONE',  ( 0.0000000000000000000, 0.0000000000000000000, -1.000000000000000000 ) ) ;
#1099 = DIRECTION ( 'NONE',  ( -0.0000000000000000000, -1.000000000000000000, -0.0000000000000000000 ) ) ;
#1100 = CARTESIAN_POINT ( 'NONE',  ( 2.840486486979173300, 1.500000000000000000, 0.6279325065563714500 ) ) ;
#1101 = FILL_AREA_STYLE ('',( #1093 ) ) ;
#1102 = AXIS2_PLACEMENT_3D ( 'NONE', #1100, #1092, #1091 ) ;
#1103 = VECTOR ( 'NONE', #1168, 1000.000000000000000 ) ;
#1104 = CARTESIAN_POINT ( 'NONE',  ( -1.622162938986365700, 3.128566710174566900, 0.09131759111665369000 ) ) ;
#1105 = LINE ( 'NONE', #1104, #1103 ) ;
#1106 = LINE ( 'NONE', #1159, #1158 ) ;
#1107 = DIRECTION ( 'NONE',  ( 0.7071067811865512400, 0.0000000000000000000, -0.7071067811865439100 ) ) ;
#1108 = CARTESIAN_POINT ( 'NONE',  ( 2.182184496825977600, 1.500000000000000000, 0.8921844968259835500 ) ) ;
#1109 = DIRECTION ( 'NONE',  ( 0.9975640502598246400, 0.0000000000000000000, -0.06975647374411872400 ) ) ;
#1110 = VECTOR ( 'NONE', #1109, 1000.000000000000100 ) ;
#1111 = CARTESIAN_POINT ( 'NONE',  ( 2.820915809444509900, 1.500000000000000000, 0.3480587787153857100 ) ) ;
#1112 = LINE ( 'NONE', #1111, #1110 ) ;
#1113 = CARTESIAN_POINT ( 'NONE',  ( 4.779784308131212400, 1.500000000000000000, 0.7749999999999999100 ) ) ;
#1114 = LINE ( 'NONE', #1113, #1146 ) ;
#1115 = LINE ( 'NONE', #1108, #1119 ) ;
#1116 = CARTESIAN_POINT ( 'NONE',  ( 1.759999999999999800, 1.500000000000000000, 0.7749999999999999100 ) ) ;
#1117 = DIRECTION ( 'NONE',  ( 0.7071067811865512400, 0.0000000000000000000, -0.7071067811865439100 ) ) ;
#1118 = VECTOR ( 'NONE', #1117, 1000.000000000000000 ) ;
#1119 = VECTOR ( 'NONE', #1107, 1000.000000000000000 ) ;
#1120 = DIRECTION ( 'NONE',  ( 0.0000000000000000000, -1.000000000000000000, -0.0000000000000000000 ) ) ;
#1121 = CARTESIAN_POINT ( 'NONE',  ( 1.769643243589889900, -1.499999999999999600, 1.075000000000000000 ) ) ;
#1122 = CARTESIAN_POINT ( 'NONE',  ( 1.969999999999995500, 1.500000000000000000, 0.6799999999999993800 ) ) ;
#1123 = LINE ( 'NONE', #1122, #1118 ) ;
#1124 = DIRECTION ( 'NONE',  ( 0.0000000000000000000, 1.000000000000000000, 0.0000000000000000000 ) ) ;
#1125 = VECTOR ( 'NONE', #1124, 1000.000000000000000 ) ;
#1126 = CARTESIAN_POINT ( 'NONE',  ( 2.820915809444509900, 0.0000000000000000000, 0.3480587787153857600 ) ) ;
#1127 = LINE ( 'NONE', #1126, #1125 ) ;
#1128 = VECTOR ( 'NONE', #1120, 1000.000000000000000 ) ;
#1129 = CARTESIAN_POINT ( 'NONE',  ( 1.969999999999995500, 0.0000000000000000000, 0.6799999999999993800 ) ) ;
#1130 = LINE ( 'NONE', #1129, #1128 ) ;
#1131 = DIRECTION ( 'NONE',  ( 0.9975640502598246400, 0.0000000000000000000, -0.06975647374411872400 ) ) ;
#1132 = VECTOR ( 'NONE', #1131, 1000.000000000000100 ) ;
#1133 = DIRECTION ( 'NONE',  ( -0.9975640502598246400, 0.0000000000000000000, 0.06975647374411872400 ) ) ;
#1134 = DIRECTION ( 'NONE',  ( -0.06975647374411873800, 0.0000000000000000000, -0.9975640502598247500 ) ) ;
#1135 =( NAMED_UNIT ( * ) SI_UNIT ( $, .STERADIAN. ) SOLID_ANGLE_UNIT ( ) );
#1136 =( NAMED_UNIT ( * ) PLANE_ANGLE_UNIT ( ) SI_UNIT ( $, .RADIAN. ) );
#1137 =( LENGTH_UNIT ( ) NAMED_UNIT ( * ) SI_UNIT ( .MILLI., .METRE. ) );
#1138 = MECHANICAL_DESIGN_GEOMETRIC_PRESENTATION_REPRESENTATION (  '', ( #1140 ), #1184 ) ;
#1139 = PRESENTATION_LAYER_ASSIGNMENT (  '', '', ( #1140 ) ) ;
#1140 = STYLED_ITEM ( 'NONE', ( #1141 ), #3560 ) ;
#1141 = PRESENTATION_STYLE_ASSIGNMENT (( #1154 ) ) ;
#1142 = CYLINDRICAL_SURFACE ( 'NONE', #1153, 0.04999999999999991300 ) ;
#1143 = SURFACE_STYLE_FILL_AREA ( #1144 ) ;
#1144 = FILL_AREA_STYLE ('',( #1169 ) ) ;
#1145 = DIRECTION ( 'NONE',  ( -1.000000000000000000, -0.0000000000000000000, -0.0000000000000000000 ) ) ;
#1146 = VECTOR ( 'NONE', #1145, 1000.000000000000000 ) ;
#1147 = FILL_AREA_STYLE_COLOUR ( '', #1150 ) ;
#1148 = SURFACE_STYLE_FILL_AREA ( #1160 ) ;
#1149 = CARTESIAN_POINT ( 'NONE',  ( 1.700000000000000600, 3.199999999999999700, 1.799999999999998000 ) ) ;
#1150 = COLOUR_RGB ( '',0.09411764705882352800, 0.09411764705882352800, 0.09411764705882352800 ) ;
#1151 = DIRECTION ( 'NONE',  ( -0.06975647374411854400, 0.0000000000000000000, -0.9975640502598246400 ) ) ;
#1152 = VECTOR ( 'NONE', #1151, 1000.000000000000100 ) ;
#1153 = AXIS2_PLACEMENT_3D ( 'NONE', #1149, #1182, #1183 ) ;
#1154 = SURFACE_STYLE_USAGE ( .BOTH. , #1155 ) ;
#1155 = SURFACE_SIDE_STYLE ('',( #1148 ) ) ;
#1156 = CYLINDRICAL_SURFACE ( 'NONE', #1180, 0.04999999999999983600 ) ;
#1157 = DIRECTION ( 'NONE',  ( -1.000000000000000000, -3.034673185585474800E-033, 1.336736460226353200E-016 ) ) ;
#1158 = VECTOR ( 'NONE', #1157, 1000.000000000000000 ) ;
#1159 = CARTESIAN_POINT ( 'NONE',  ( -1.622162938986360300, -3.128566710174567300, 1.758682408883346800 ) ) ;
#1160 = FILL_AREA_STYLE ('',( #1147 ) ) ;
#1161 = DIRECTION ( 'NONE',  ( -0.1710878697460315700, 0.1710878697460322100, 0.9702875252478152500 ) ) ;
#1162 = VECTOR ( 'NONE', #1161, 1000.000000000000100 ) ;
#1163 = CARTESIAN_POINT ( 'NONE',  ( 1.574363869636438800, -3.122722622383504300, 1.791825877725052200 ) ) ;
#1164 = CARTESIAN_POINT ( 'NONE',  ( 3.510328595855933800, 1.500000000000000000, 0.1477058022361644200 ) ) ;
#1165 = LINE ( 'NONE', #1164, #1152 ) ;
#1166 = LINE ( 'NONE', #1163, #1162 ) ;
#1167 = CARTESIAN_POINT ( 'NONE',  ( -1.580207957427496500, 3.128566710174567300, 1.758682408883346800 ) ) ;
#1168 = DIRECTION ( 'NONE',  ( -1.000000000000000000, -0.0000000000000000000, 0.0000000000000000000 ) ) ;
#1169 = FILL_AREA_STYLE_COLOUR ( '', #1215 ) ;
#1170 = DIRECTION ( 'NONE',  ( 1.000000000000000000, -3.034673185585474800E-033, -1.336736460226353200E-016 ) ) ;
#1171 = VECTOR ( 'NONE', #1170, 1000.000000000000000 ) ;
#1172 = LINE ( 'NONE', #1181, #1221 ) ;
#1173 = CARTESIAN_POINT ( 'NONE',  ( 1.622162938986366100, 3.128566710174567300, 1.758682408883346400 ) ) ;
#1174 = LINE ( 'NONE', #1173, #1171 ) ;
#1175 = CARTESIAN_POINT ( 'NONE',  ( 1.700000000000000000, -3.250000000000000000, 0.7800000000000136800 ) ) ;
#1176 = CARTESIAN_POINT ( 'NONE',  ( 1.700538501513370900, -3.249999999999999600, 0.7800000000000103500 ) ) ;
#1177 = CARTESIAN_POINT ( 'NONE',  ( 1.701076932763841800, -3.249991301240335900, 0.7799506668824773800 ) ) ;
#1178 = CARTESIAN_POINT ( 'NONE',  ( 1.701615153243946700, -3.249973905991012200, 0.7798520135212415600 ) ) ;
#1179 =( BOUNDED_CURVE ( )  B_SPLINE_CURVE ( 3, ( #1178, #1177, #1176, #1175 ),
 .UNSPECIFIED., .F., .T. ) 
 B_SPLINE_CURVE_WITH_KNOTS ( ( 4, 4 ),
 ( 6.250876621684216000, 6.283185307179586200 ),
 .UNSPECIFIED. ) 
 CURVE ( )  GEOMETRIC_REPRESENTATION_ITEM ( )  RATIONAL_B_SPLINE_CURVE ( ( 1.000000000000000000, 0.9999130142951574400, 0.9999130142951574400, 1.000000000000000000 ) ) 
 REPRESENTATION_ITEM ( '' )  );
#1180 = AXIS2_PLACEMENT_3D ( 'NONE', #1243, #1242, #1246 ) ;
#1181 = CARTESIAN_POINT ( 'NONE',  ( 1.702200930650072900, 3.250559683397138900, 1.066825877725052300 ) ) ;
#1182 = DIRECTION ( 'NONE',  ( -7.228014483236699500E-016, 0.0000000000000000000, -1.000000000000000000 ) ) ;
#1183 = DIRECTION ( 'NONE',  ( -1.000000000000000000, 0.0000000000000000000, 0.0000000000000000000 ) ) ;
#1184 =( GEOMETRIC_REPRESENTATION_CONTEXT ( 3 ) GLOBAL_UNCERTAINTY_ASSIGNED_CONTEXT ( ( #1185 ) ) GLOBAL_UNIT_ASSIGNED_CONTEXT ( ( #1137, #1136, #1135 ) ) REPRESENTATION_CONTEXT ( 'NONE', 'WORKASPACE' ) );
#1185 = UNCERTAINTY_MEASURE_WITH_UNIT (LENGTH_MEASURE( 1.000000000000000100E-005 ), #1137, 'distance_accuracy_value', 'NONE');
#1186 = UNCERTAINTY_MEASURE_WITH_UNIT (LENGTH_MEASURE( 1.000000000000000100E-005 ), #1189, 'distance_accuracy_value', 'NONE');
#1187 =( NAMED_UNIT ( * ) SI_UNIT ( $, .STERADIAN. ) SOLID_ANGLE_UNIT ( ) );
#1188 =( NAMED_UNIT ( * ) PLANE_ANGLE_UNIT ( ) SI_UNIT ( $, .RADIAN. ) );
#1189 =( LENGTH_UNIT ( ) NAMED_UNIT ( * ) SI_UNIT ( .MILLI., .METRE. ) );
#1190 = CARTESIAN_POINT ( 'NONE',  ( 1.701615153243947000, 3.249973905991012700, 1.070147986478758000 ) ) ;
#1191 = CARTESIAN_POINT ( 'NONE',  ( 1.707114265088595500, 3.249796175070073500, 1.071155948619464400 ) ) ;
#1192 = CARTESIAN_POINT ( 'NONE',  ( 1.712702412803779300, 3.248677987132460500, 1.071938824204258900 ) ) ;
#1193 = CARTESIAN_POINT ( 'NONE',  ( 1.717892875062906600, 3.246688810458001800, 1.072563391840049000 ) ) ;
#1194 = CARTESIAN_POINT ( 'NONE',  ( 1.723083700135530600, 3.244699494740022100, 1.073188003133139300 ) ) ;
#1195 = CARTESIAN_POINT ( 'NONE',  ( 1.728021484024214700, 3.241784781411135800, 1.073665121184258100 ) ) ;
#1196 = CARTESIAN_POINT ( 'NONE',  ( 1.732284749180227800, 3.238179771743290300, 1.074012477963528500 ) ) ;
#1197 = CARTESIAN_POINT ( 'NONE',  ( 1.736536146459030800, 3.234584797531959000, 1.074358867787318800 ) ) ;
#1198 = CARTESIAN_POINT ( 'NONE',  ( 1.740234272465180500, 3.230204363765369000, 1.074584198526241700 ) ) ;
#1199 = CARTESIAN_POINT ( 'NONE',  ( 1.743067360617897900, 3.225400835604521600, 1.074718112824411700 ) ) ;
#1200 = CARTESIAN_POINT ( 'NONE',  ( 1.745896490577139900, 3.220604018598711300, 1.074851840026849600 ) ) ;
#1201 = CARTESIAN_POINT ( 'NONE',  ( 1.747941134735240900, 3.215253788579332600, 1.074895497682411700 ) ) ;
#1202 = CARTESIAN_POINT ( 'NONE',  ( 1.749031965309374900, 3.209791137722464600, 1.074924600133884800 ) ) ;
#1203 = MECHANICAL_DESIGN_GEOMETRIC_PRESENTATION_REPRESENTATION (  '', ( #1205 ), #1247 ) ;
#1204 = PRESENTATION_LAYER_ASSIGNMENT (  '', '', ( #1205 ) ) ;
#1205 = STYLED_ITEM ( 'NONE', ( #1206 ), #3568 ) ;
#1206 = PRESENTATION_STYLE_ASSIGNMENT (( #1207 ) ) ;
#1207 = SURFACE_STYLE_USAGE ( .BOTH. , #1208 ) ;
#1208 = SURFACE_SIDE_STYLE ('',( #1143 ) ) ;
#1209 = AXIS2_PLACEMENT_3D ( 'NONE', #1245, #1244, #1241 ) ;
#1210 = FILL_AREA_STYLE_COLOUR ( '', #1222 ) ;
#1211 = CARTESIAN_POINT ( 'NONE',  ( 1.749674200216849500, 3.206574959930222700, 1.074941734426480000 ) ) ;
#1212 = CARTESIAN_POINT ( 'NONE',  ( 1.750000000000042600, 3.203279416277074400, 1.074954585577962500 ) ) ;
#1213 = CARTESIAN_POINT ( 'NONE',  ( 1.750000000000000000, 3.199999999999999700, 1.074999999999999700 ) ) ;
#1214 = B_SPLINE_CURVE_WITH_KNOTS ( 'NONE', 3,
 ( #1213, #1212, #1211, #1202, #1201, #1200, #1199, #1198, #1197, #1196, #1195, #1194, #1193, #1192, #1191, #1190 ),
 .UNSPECIFIED., .F., .F.,
 ( 4, 3, 3, 3, 3, 4 ),
 ( 0.0000000000000000000, 9.839157975407986400E-006, 2.670734561755462600E-005, 4.360088610855204200E-005, 6.054252695022814600E-005, 7.748168845637164900E-005 ),
 .UNSPECIFIED. ) ;
#1215 = COLOUR_RGB ( '',0.09411764705882352800, 0.09411764705882352800, 0.09411764705882352800 ) ;
#1216 = CIRCLE ( 'NONE', #1217, 0.04999999999999985700 ) ;
#1217 = AXIS2_PLACEMENT_3D ( 'NONE', #1219, #1237, #1236 ) ;
#1218 = FACE_OUTER_BOUND ( 'NONE', #3569, .T. ) ;
#1219 = CARTESIAN_POINT ( 'NONE',  ( -1.580207957427501400, 3.079326322523956900, 0.1000000000000000500 ) ) ;
#1220 = DIRECTION ( 'NONE',  ( 0.1710878697460315700, 0.1710878697460322100, -0.9702875252478152500 ) ) ;
#1221 = VECTOR ( 'NONE', #1220, 1000.000000000000100 ) ;
#1222 = COLOUR_RGB ( '',0.09411764705882352800, 0.09411764705882352800, 0.09411764705882352800 ) ;
#1223 = UNCERTAINTY_MEASURE_WITH_UNIT (LENGTH_MEASURE( 1.000000000000000100E-005 ), #1226, 'distance_accuracy_value', 'NONE');
#1224 =( NAMED_UNIT ( * ) SI_UNIT ( $, .STERADIAN. ) SOLID_ANGLE_UNIT ( ) );
#1225 =( NAMED_UNIT ( * ) PLANE_ANGLE_UNIT ( ) SI_UNIT ( $, .RADIAN. ) );
#1226 =( LENGTH_UNIT ( ) NAMED_UNIT ( * ) SI_UNIT ( .MILLI., .METRE. ) );
#1227 = MECHANICAL_DESIGN_GEOMETRIC_PRESENTATION_REPRESENTATION (  '', ( #1229 ), #546 ) ;
#1228 = PRESENTATION_LAYER_ASSIGNMENT (  '', '', ( #1229 ) ) ;
#1229 = STYLED_ITEM ( 'NONE', ( #1230 ), #3578 ) ;
#1230 = PRESENTATION_STYLE_ASSIGNMENT (( #1238 ) ) ;
#1231 = PRESENTATION_LAYER_ASSIGNMENT (  '', '', ( #1232 ) ) ;
#1232 = STYLED_ITEM ( 'NONE', ( #811 ), #4139 ) ;
#1233 = SURFACE_STYLE_FILL_AREA ( #1234 ) ;
#1234 = FILL_AREA_STYLE ('',( #1210 ) ) ;
#1235 = SPHERICAL_SURFACE ( 'NONE', #1209, 0.05000000000000000300 ) ;
#1236 = DIRECTION ( 'NONE',  ( 0.0000000000000000000, 0.9848077530122082400, -0.1736481776669297200 ) ) ;
#1237 = DIRECTION ( 'NONE',  ( 0.1710878697460318500, -0.1710878697460343800, -0.9702875252478149200 ) ) ;
#1238 = SURFACE_STYLE_USAGE ( .BOTH. , #1239 ) ;
#1239 = SURFACE_SIDE_STYLE ('',( #1233 ) ) ;
#1240 = FACE_OUTER_BOUND ( 'NONE', #3697, .T. ) ;
#1241 = DIRECTION ( 'NONE',  ( 1.000000000000000000, 0.0000000000000000000, 0.0000000000000000000 ) ) ;
#1242 = DIRECTION ( 'NONE',  ( 0.1710878697460321600, -0.1710878697460322700, -0.9702875252478151400 ) ) ;
#1243 = CARTESIAN_POINT ( 'NONE',  ( -1.702226737037504600, 3.201345102133960300, 0.7920028864541658300 ) ) ;
#1244 = DIRECTION ( 'NONE',  ( 0.0000000000000000000, 1.000000000000000000, 0.0000000000000000000 ) ) ;
#1245 = CARTESIAN_POINT ( 'NONE',  ( -1.580207957427501400, 3.079326322523956400, 0.1000000000000000200 ) ) ;
#1246 = DIRECTION ( 'NONE',  ( 0.0000000000000000000, 0.9848077530122086900, -0.1736481776669270800 ) ) ;
#1247 =( GEOMETRIC_REPRESENTATION_CONTEXT ( 3 ) GLOBAL_UNCERTAINTY_ASSIGNED_CONTEXT ( ( #1186 ) ) GLOBAL_UNIT_ASSIGNED_CONTEXT ( ( #1189, #1188, #1187 ) ) REPRESENTATION_CONTEXT ( 'NONE', 'WORKASPACE' ) );
#1248 = DIRECTION ( 'NONE',  ( 0.0000000000000000000, 1.000000000000000000, -7.228014483236687700E-016 ) ) ;
#1249 = CARTESIAN_POINT ( 'NONE',  ( 4.779784308131212400, -1.499999999999999800, 0.7749999999999996900 ) ) ;
#1250 = AXIS2_PLACEMENT_3D ( 'NONE', #1249, #1248, #1310 ) ;
#1251 = LINE ( 'NONE', #1297, #1295 ) ;
#1252 = FILL_AREA_STYLE ('',( #1285 ) ) ;
#1253 = LINE ( 'NONE', #1301, #1300 ) ;
#1254 =( GEOMETRIC_REPRESENTATION_CONTEXT ( 3 ) GLOBAL_UNCERTAINTY_ASSIGNED_CONTEXT ( ( #1255 ) ) GLOBAL_UNIT_ASSIGNED_CONTEXT ( ( #1258, #1257, #1256 ) ) REPRESENTATION_CONTEXT ( 'NONE', 'WORKASPACE' ) );
#1255 = UNCERTAINTY_MEASURE_WITH_UNIT (LENGTH_MEASURE( 1.000000000000000100E-005 ), #1258, 'distance_accuracy_value', 'NONE');
#1256 =( NAMED_UNIT ( * ) SI_UNIT ( $, .STERADIAN. ) SOLID_ANGLE_UNIT ( ) );
#1257 =( NAMED_UNIT ( * ) PLANE_ANGLE_UNIT ( ) SI_UNIT ( $, .RADIAN. ) );
#1258 =( LENGTH_UNIT ( ) NAMED_UNIT ( * ) SI_UNIT ( .MILLI., .METRE. ) );
#1259 = MECHANICAL_DESIGN_GEOMETRIC_PRESENTATION_REPRESENTATION (  '', ( #1261 ), #1254 ) ;
#1260 = PRESENTATION_LAYER_ASSIGNMENT (  '', '', ( #1261 ) ) ;
#1261 = STYLED_ITEM ( 'NONE', ( #1262 ), #3579 ) ;
#1262 = PRESENTATION_STYLE_ASSIGNMENT (( #1263 ) ) ;
#1263 = SURFACE_STYLE_USAGE ( .BOTH. , #1264 ) ;
#1264 = SURFACE_SIDE_STYLE ('',( #1265 ) ) ;
#1265 = SURFACE_STYLE_FILL_AREA ( #1266 ) ;
#1266 = FILL_AREA_STYLE ('',( #1267 ) ) ;
#1267 = FILL_AREA_STYLE_COLOUR ( '', #1268 ) ;
#1268 = COLOUR_RGB ( '',0.8784313725490196000, 0.8784313725490196000, 0.8784313725490196000 ) ;
#1269 = DIRECTION ( 'NONE',  ( 0.0000000000000000000, 1.000000000000000000, 0.0000000000000000000 ) ) ;
#1270 = PLANE ( 'NONE',  #1250 ) ;
#1271 = FACE_OUTER_BOUND ( 'NONE', #3662, .T. ) ;
#1272 =( LENGTH_UNIT ( ) NAMED_UNIT ( * ) SI_UNIT ( .MILLI., .METRE. ) );
#1273 = MECHANICAL_DESIGN_GEOMETRIC_PRESENTATION_REPRESENTATION (  '', ( #1275 ), #1333 ) ;
#1274 = PRESENTATION_LAYER_ASSIGNMENT (  '', '', ( #1275 ) ) ;
#1275 = STYLED_ITEM ( 'NONE', ( #1286 ), #3608 ) ;
#1276 = CARTESIAN_POINT ( 'NONE',  ( 2.620281606206675800, 1.500000000000000000, 0.4540873874452898100 ) ) ;
#1277 = COLOUR_RGB ( '',0.8784313725490196000, 0.8784313725490196000, 0.8784313725490196000 ) ;
#1278 = COLOUR_RGB ( '',0.8784313725490196000, 0.8784313725490196000, 0.8784313725490196000 ) ;
#1279 = FACE_OUTER_BOUND ( 'NONE', #3609, .T. ) ;
#1280 = DIRECTION ( 'NONE',  ( 0.06975647374411812800, 0.0000000000000000000, -0.9975640502598247500 ) ) ;
#1281 = VECTOR ( 'NONE', #1280, 1000.000000000000100 ) ;
#1282 = CARTESIAN_POINT ( 'NONE',  ( -3.506378420924862300, 2.680000000000000200, 0.09121566889128197900 ) ) ;
#1283 = CARTESIAN_POINT ( 'NONE',  ( 1.580207957427501900, 3.128566710174567300, 1.758682408883346400 ) ) ;
#1284 = AXIS2_PLACEMENT_3D ( 'NONE', #1340, #1339, #1338 ) ;
#1285 = FILL_AREA_STYLE_COLOUR ( '', #1278 ) ;
#1286 = PRESENTATION_STYLE_ASSIGNMENT (( #1287 ) ) ;
#1287 = SURFACE_STYLE_USAGE ( .BOTH. , #1289 ) ;
#1288 = LINE ( 'NONE', #1282, #1281 ) ;
#1289 = SURFACE_SIDE_STYLE ('',( #1290 ) ) ;
#1290 = SURFACE_STYLE_FILL_AREA ( #1252 ) ;
#1291 = CARTESIAN_POINT ( 'NONE',  ( 1.701615153243947000, 3.249973905991012700, 1.070147986478758000 ) ) ;
#1292 = AXIS2_PLACEMENT_3D ( 'NONE', #1327, #1326, #1325 ) ;
#1293 = VECTOR ( 'NONE', #1269, 1000.000000000000000 ) ;
#1294 = DIRECTION ( 'NONE',  ( 1.000000000000000000, -0.0000000000000000000, -1.084202172485525100E-014 ) ) ;
#1295 = VECTOR ( 'NONE', #1294, 1000.000000000000000 ) ;
#1296 = PLANE ( 'NONE',  #1292 ) ;
#1297 = CARTESIAN_POINT ( 'NONE',  ( -1.759999999999997100, 2.680000000000000200, 1.075000000000000400 ) ) ;
#1298 = CARTESIAN_POINT ( 'NONE',  ( 1.701615153243946500, -3.249973905991012200, 1.070147986478760200 ) ) ;
#1299 = DIRECTION ( 'NONE',  ( 0.1710878697460321600, 0.1710878697460316800, -0.9702875252478152500 ) ) ;
#1300 = VECTOR ( 'NONE', #1299, 1000.000000000000100 ) ;
#1301 = CARTESIAN_POINT ( 'NONE',  ( -1.574363869636438200, -3.122722622383504300, 0.05817412227494777500 ) ) ;
#1302 = LINE ( 'NONE', #1303, #1293 ) ;
#1303 = CARTESIAN_POINT ( 'NONE',  ( 2.400000000000000400, 0.0000000000000000000, 0.2499999999999993100 ) ) ;
#1304 = DIRECTION ( 'NONE',  ( 0.1710878697460392900, -0.1710878697460314600, 0.9702875252478139200 ) ) ;
#1305 = VECTOR ( 'NONE', #1304, 1000.000000000000100 ) ;
#1306 = CARTESIAN_POINT ( 'NONE',  ( 1.702200930650072900, -3.250559683397138400, 0.7831741222749477600 ) ) ;
#1307 = LINE ( 'NONE', #1306, #1305 ) ;
#1308 = CARTESIAN_POINT ( 'NONE',  ( -1.701615153243946500, -3.249973905991012200, 0.7798520135212418900 ) ) ;
#1309 = AXIS2_PLACEMENT_3D ( 'NONE', #1362, #1361, #1360 ) ;
#1310 = DIRECTION ( 'NONE',  ( 0.0000000000000000000, 7.228014483236687700E-016, 1.000000000000000000 ) ) ;
#1311 =( NAMED_UNIT ( * ) SI_UNIT ( $, .STERADIAN. ) SOLID_ANGLE_UNIT ( ) );
#1312 =( NAMED_UNIT ( * ) PLANE_ANGLE_UNIT ( ) SI_UNIT ( $, .RADIAN. ) );
#1313 =( LENGTH_UNIT ( ) NAMED_UNIT ( * ) SI_UNIT ( .MILLI., .METRE. ) );
#1314 = MECHANICAL_DESIGN_GEOMETRIC_PRESENTATION_REPRESENTATION (  '', ( #1316 ), #1365 ) ;
#1315 = PRESENTATION_LAYER_ASSIGNMENT (  '', '', ( #1316 ) ) ;
#1316 = STYLED_ITEM ( 'NONE', ( #1317 ), #3617 ) ;
#1317 = PRESENTATION_STYLE_ASSIGNMENT (( #1318 ) ) ;
#1318 = SURFACE_STYLE_USAGE ( .BOTH. , #1319 ) ;
#1319 = SURFACE_SIDE_STYLE ('',( #1322 ) ) ;
#1320 = CARTESIAN_POINT ( 'NONE',  ( 2.182184496825977600, -1.499999999999999600, 0.8921844968259834400 ) ) ;
#1321 = CARTESIAN_POINT ( 'NONE',  ( 2.182184496825977600, 1.500000000000000000, 0.8921844968259835500 ) ) ;
#1322 = SURFACE_STYLE_FILL_AREA ( #1323 ) ;
#1323 = FILL_AREA_STYLE ('',( #1328 ) ) ;
#1324 = FILL_AREA_STYLE_COLOUR ( '', #1346 ) ;
#1325 = DIRECTION ( 'NONE',  ( 0.9975640502598246400, 0.0000000000000000000, -0.06975647374411872400 ) ) ;
#1326 = DIRECTION ( 'NONE',  ( 0.06975647374411873800, -0.0000000000000000000, 0.9975640502598247500 ) ) ;
#1327 = CARTESIAN_POINT ( 'NONE',  ( 2.800000000000000700, 0.0000000000000000000, 0.04894876836045224100 ) ) ;
#1328 = FILL_AREA_STYLE_COLOUR ( '', #1277 ) ;
#1329 = CARTESIAN_POINT ( 'NONE',  ( -1.701615153243946700, -3.249973905991012200, 1.070147986478760900 ) ) ;
#1330 = CARTESIAN_POINT ( 'NONE',  ( 3.500000000000000900, -1.499999999999999600, -4.269046054161673700E-016 ) ) ;
#1331 = PLANE ( 'NONE',  #1309 ) ;
#1332 = FACE_OUTER_BOUND ( 'NONE', #3641, .T. ) ;
#1333 =( GEOMETRIC_REPRESENTATION_CONTEXT ( 3 ) GLOBAL_UNCERTAINTY_ASSIGNED_CONTEXT ( ( #1334 ) ) GLOBAL_UNIT_ASSIGNED_CONTEXT ( ( #1272, #1336, #1335 ) ) REPRESENTATION_CONTEXT ( 'NONE', 'WORKASPACE' ) );
#1334 = UNCERTAINTY_MEASURE_WITH_UNIT (LENGTH_MEASURE( 1.000000000000000100E-005 ), #1272, 'distance_accuracy_value', 'NONE');
#1335 =( NAMED_UNIT ( * ) SI_UNIT ( $, .STERADIAN. ) SOLID_ANGLE_UNIT ( ) );
#1336 =( NAMED_UNIT ( * ) PLANE_ANGLE_UNIT ( ) SI_UNIT ( $, .RADIAN. ) );
#1337 = FACE_OUTER_BOUND ( 'NONE', #3533, .T. ) ;
#1338 = DIRECTION ( 'NONE',  ( 0.0000000000000000000, 0.0000000000000000000, 1.000000000000000000 ) ) ;
#1339 = DIRECTION ( 'NONE',  ( -0.0000000000000000000, 1.000000000000000000, 0.0000000000000000000 ) ) ;
#1340 = CARTESIAN_POINT ( 'NONE',  ( 1.739021739130427200, 1.500000000000000000, 0.4490217391304288100 ) ) ;
#1341 = SURFACE_SIDE_STYLE ('',( #1342 ) ) ;
#1342 = SURFACE_STYLE_FILL_AREA ( #1347 ) ;
#1343 = PLANE ( 'NONE',  #1359 ) ;
#1344 = LINE ( 'NONE', #1459, #1458 ) ;
#1345 = FILL_AREA_STYLE ('',( #1376 ) ) ;
#1346 = COLOUR_RGB ( '',0.8784313725490196000, 0.8784313725490196000, 0.8784313725490196000 ) ;
#1347 = FILL_AREA_STYLE ('',( #1324 ) ) ;
#1348 = DIRECTION ( 'NONE',  ( 0.7071067811865512400, 0.0000000000000000000, -0.7071067811865439100 ) ) ;
#1349 = VECTOR ( 'NONE', #1348, 1000.000000000000000 ) ;
#1350 = CARTESIAN_POINT ( 'NONE',  ( 2.182184496825977600, -1.499999999999999600, 0.8921844968259834400 ) ) ;
#1351 = CARTESIAN_POINT ( 'NONE',  ( 1.969999999999995500, -1.499999999999999800, 0.6799999999999994900 ) ) ;
#1352 = CARTESIAN_POINT ( 'NONE',  ( 1.969999999999995500, 1.500000000000000000, 0.6799999999999993800 ) ) ;
#1353 = DIRECTION ( 'NONE',  ( -0.0000000000000000000, 1.000000000000000000, 0.0000000000000000000 ) ) ;
#1354 = VECTOR ( 'NONE', #1353, 1000.000000000000000 ) ;
#1355 = CARTESIAN_POINT ( 'NONE',  ( 2.182184496825977600, 0.0000000000000000000, 0.8921844968259834400 ) ) ;
#1356 = LINE ( 'NONE', #1355, #1354 ) ;
#1357 = CIRCLE ( 'NONE', #1284, 0.3266525891350961500 ) ;
#1358 = FILL_AREA_STYLE_COLOUR ( '', #1403 ) ;
#1359 = AXIS2_PLACEMENT_3D ( 'NONE', #1380, #1379, #1378 ) ;
#1360 = DIRECTION ( 'NONE',  ( -0.7071067811865512400, 0.0000000000000000000, 0.7071067811865439100 ) ) ;
#1361 = DIRECTION ( 'NONE',  ( -0.7071067811865439100, 0.0000000000000000000, -0.7071067811865512400 ) ) ;
#1362 = CARTESIAN_POINT ( 'NONE',  ( 2.182184496825977600, 0.0000000000000000000, 0.8921844968259834400 ) ) ;
#1363 = CARTESIAN_POINT ( 'NONE',  ( 1.759999999999999800, -1.499999999999999800, 0.7749999999999996900 ) ) ;
#1364 = LINE ( 'NONE', #1350, #1349 ) ;
#1365 =( GEOMETRIC_REPRESENTATION_CONTEXT ( 3 ) GLOBAL_UNCERTAINTY_ASSIGNED_CONTEXT ( ( #1366 ) ) GLOBAL_UNIT_ASSIGNED_CONTEXT ( ( #1313, #1312, #1311 ) ) REPRESENTATION_CONTEXT ( 'NONE', 'WORKASPACE' ) );
#1366 = UNCERTAINTY_MEASURE_WITH_UNIT (LENGTH_MEASURE( 1.000000000000000100E-005 ), #1313, 'distance_accuracy_value', 'NONE');
#1367 = PRESENTATION_LAYER_ASSIGNMENT (  '', '', ( #1368 ) ) ;
#1368 = STYLED_ITEM ( 'NONE', ( #1369 ), #3633 ) ;
#1369 = PRESENTATION_STYLE_ASSIGNMENT (( #1370 ) ) ;
#1370 = SURFACE_STYLE_USAGE ( .BOTH. , #1371 ) ;
#1371 = SURFACE_SIDE_STYLE ('',( #1372 ) ) ;
#1372 = SURFACE_STYLE_FILL_AREA ( #1345 ) ;
#1373 = DIRECTION ( 'NONE',  ( 0.7071067811865512400, 0.0000000000000000000, -0.7071067811865439100 ) ) ;
#1374 = VECTOR ( 'NONE', #1373, 1000.000000000000000 ) ;
#1375 = CARTESIAN_POINT ( 'NONE',  ( 1.969999999999995500, -1.499999999999999800, 0.6799999999999994900 ) ) ;
#1376 = FILL_AREA_STYLE_COLOUR ( '', #1377 ) ;
#1377 = COLOUR_RGB ( '',0.06274509803921568500, 0.06274509803921568500, 0.06274509803921568500 ) ;
#1378 = DIRECTION ( 'NONE',  ( 0.7071067811865512400, 0.0000000000000000000, -0.7071067811865439100 ) ) ;
#1379 = DIRECTION ( 'NONE',  ( 0.7071067811865439100, -0.0000000000000000000, 0.7071067811865512400 ) ) ;
#1380 = CARTESIAN_POINT ( 'NONE',  ( 1.969999999999995500, 0.0000000000000000000, 0.6799999999999993800 ) ) ;
#1381 = LINE ( 'NONE', #1375, #1374 ) ;
#1382 = AXIS2_PLACEMENT_3D ( 'NONE', #1406, #1405, #1404 ) ;
#1383 = SURFACE_STYLE_FILL_AREA ( #1384 ) ;
#1384 = FILL_AREA_STYLE ('',( #1358 ) ) ;
#1385 = PLANE ( 'NONE',  #1382 ) ;
#1386 =( GEOMETRIC_REPRESENTATION_CONTEXT ( 3 ) GLOBAL_UNCERTAINTY_ASSIGNED_CONTEXT ( ( #1387 ) ) GLOBAL_UNIT_ASSIGNED_CONTEXT ( ( #1390, #1389, #1388 ) ) REPRESENTATION_CONTEXT ( 'NONE', 'WORKASPACE' ) );
#1387 = UNCERTAINTY_MEASURE_WITH_UNIT (LENGTH_MEASURE( 1.000000000000000100E-005 ), #1390, 'distance_accuracy_value', 'NONE');
#1388 =( NAMED_UNIT ( * ) SI_UNIT ( $, .STERADIAN. ) SOLID_ANGLE_UNIT ( ) );
#1389 =( NAMED_UNIT ( * ) PLANE_ANGLE_UNIT ( ) SI_UNIT ( $, .RADIAN. ) );
#1390 =( LENGTH_UNIT ( ) NAMED_UNIT ( * ) SI_UNIT ( .MILLI., .METRE. ) );
#1391 = MECHANICAL_DESIGN_GEOMETRIC_PRESENTATION_REPRESENTATION (  '', ( #1393 ), #1386 ) ;
#1392 = PRESENTATION_LAYER_ASSIGNMENT (  '', '', ( #1393 ) ) ;
#1393 = STYLED_ITEM ( 'NONE', ( #1394 ), #3628 ) ;
#1394 = PRESENTATION_STYLE_ASSIGNMENT (( #1395 ) ) ;
#1395 = SURFACE_STYLE_USAGE ( .BOTH. , #1341 ) ;
#1396 = FACE_OUTER_BOUND ( 'NONE', #3603, .T. ) ;
#1397 = CARTESIAN_POINT ( 'NONE',  ( -1.701076932763842200, 3.249991301240336300, 0.7799506668824798300 ) ) ;
#1398 = CARTESIAN_POINT ( 'NONE',  ( -1.701615153243947200, 3.249973905991012700, 0.7798520135212440000 ) ) ;
#1399 = DIRECTION ( 'NONE',  ( -0.1710878697460321300, 0.1710878697460322400, 0.9702875252478151400 ) ) ;
#1400 = CARTESIAN_POINT ( 'NONE',  ( -1.702200930650072900, 3.250559683397138400, 0.7831741222749480900 ) ) ;
#1401 = LINE ( 'NONE', #1400, #1431 ) ;
#1402 =( BOUNDED_CURVE ( )  B_SPLINE_CURVE ( 3, ( #1398, #1397, #1435, #1434 ),
 .UNSPECIFIED., .F., .T. ) 
 B_SPLINE_CURVE_WITH_KNOTS ( ( 4, 4 ),
 ( 6.250876621684212400, 6.283185307179586200 ),
 .UNSPECIFIED. ) 
 CURVE ( )  GEOMETRIC_REPRESENTATION_ITEM ( )  RATIONAL_B_SPLINE_CURVE ( ( 1.000000000000000000, 0.9999130142951574400, 0.9999130142951574400, 1.000000000000000000 ) ) 
 REPRESENTATION_ITEM ( '' )  );
#1403 = COLOUR_RGB ( '',0.8784313725490196000, 0.8784313725490196000, 0.8784313725490196000 ) ;
#1404 = DIRECTION ( 'NONE',  ( 0.0000000000000000000, 0.1736481776669268600, -0.9848077530122088000 ) ) ;
#1405 = DIRECTION ( 'NONE',  ( -2.321218503392446700E-017, -0.9848077530122088000, -0.1736481776669268600 ) ) ;
#1406 = CARTESIAN_POINT ( 'NONE',  ( -1.622162938986360300, 3.250000000000000000, 1.069999999999988700 ) ) ;
#1407 = DIRECTION ( 'NONE',  ( 0.0000000000000000000, 0.0000000000000000000, -1.000000000000000000 ) ) ;
#1408 = AXIS2_PLACEMENT_3D ( 'NONE', #1428, #1416, #1407 ) ;
#1409 =( GEOMETRIC_REPRESENTATION_CONTEXT ( 3 ) GLOBAL_UNCERTAINTY_ASSIGNED_CONTEXT ( ( #1410 ) ) GLOBAL_UNIT_ASSIGNED_CONTEXT ( ( #1413, #1412, #1411 ) ) REPRESENTATION_CONTEXT ( 'NONE', 'WORKASPACE' ) );
#1410 = UNCERTAINTY_MEASURE_WITH_UNIT (LENGTH_MEASURE( 1.000000000000000100E-005 ), #1413, 'distance_accuracy_value', 'NONE');
#1411 =( NAMED_UNIT ( * ) SI_UNIT ( $, .STERADIAN. ) SOLID_ANGLE_UNIT ( ) );
#1412 =( NAMED_UNIT ( * ) PLANE_ANGLE_UNIT ( ) SI_UNIT ( $, .RADIAN. ) );
#1413 =( LENGTH_UNIT ( ) NAMED_UNIT ( * ) SI_UNIT ( .MILLI., .METRE. ) );
#1414 = MECHANICAL_DESIGN_GEOMETRIC_PRESENTATION_REPRESENTATION (  '', ( #1368 ), #1409 ) ;
#1415 = FILL_AREA_STYLE ('',( #1447 ) ) ;
#1416 = DIRECTION ( 'NONE',  ( -0.0000000000000000000, -1.000000000000000000, -0.0000000000000000000 ) ) ;
#1417 =( GEOMETRIC_REPRESENTATION_CONTEXT ( 3 ) GLOBAL_UNCERTAINTY_ASSIGNED_CONTEXT ( ( #1418 ) ) GLOBAL_UNIT_ASSIGNED_CONTEXT ( ( #1421, #1420, #1419 ) ) REPRESENTATION_CONTEXT ( 'NONE', 'WORKASPACE' ) );
#1418 = UNCERTAINTY_MEASURE_WITH_UNIT (LENGTH_MEASURE( 1.000000000000000100E-005 ), #1421, 'distance_accuracy_value', 'NONE');
#1419 =( NAMED_UNIT ( * ) SI_UNIT ( $, .STERADIAN. ) SOLID_ANGLE_UNIT ( ) );
#1420 =( NAMED_UNIT ( * ) PLANE_ANGLE_UNIT ( ) SI_UNIT ( $, .RADIAN. ) );
#1421 =( LENGTH_UNIT ( ) NAMED_UNIT ( * ) SI_UNIT ( .MILLI., .METRE. ) );
#1422 = MECHANICAL_DESIGN_GEOMETRIC_PRESENTATION_REPRESENTATION (  '', ( #1424 ), #1417 ) ;
#1423 = PRESENTATION_LAYER_ASSIGNMENT (  '', '', ( #1424 ) ) ;
#1424 = STYLED_ITEM ( 'NONE', ( #1425 ), #3638 ) ;
#1425 = PRESENTATION_STYLE_ASSIGNMENT (( #1426 ) ) ;
#1426 = SURFACE_STYLE_USAGE ( .BOTH. , #1427 ) ;
#1427 = SURFACE_SIDE_STYLE ('',( #1383 ) ) ;
#1428 = CARTESIAN_POINT ( 'NONE',  ( 2.840486486979173300, 0.0000000000000000000, 0.6279325065563714500 ) ) ;
#1429 = LINE ( 'NONE', #1465, #1463 ) ;
#1430 = CYLINDRICAL_SURFACE ( 'NONE', #1408, 0.5803975574752494600 ) ;
#1431 = VECTOR ( 'NONE', #1399, 1000.000000000000000 ) ;
#1432 = FACE_OUTER_BOUND ( 'NONE', #3755, .T. ) ;
#1433 = CARTESIAN_POINT ( 'NONE',  ( 2.400000000000000400, 1.500000000000000200, 0.2499999999999993100 ) ) ;
#1434 = CARTESIAN_POINT ( 'NONE',  ( -1.700000000000000200, 3.250000000000000000, 0.7800000000000137900 ) ) ;
#1435 = CARTESIAN_POINT ( 'NONE',  ( -1.700538501513371400, 3.250000000000000000, 0.7800000000000127900 ) ) ;
#1436 =( LENGTH_UNIT ( ) NAMED_UNIT ( * ) SI_UNIT ( .MILLI., .METRE. ) );
#1437 = MECHANICAL_DESIGN_GEOMETRIC_PRESENTATION_REPRESENTATION (  '', ( #1439 ), #558 ) ;
#1438 = PRESENTATION_LAYER_ASSIGNMENT (  '', '', ( #1439 ) ) ;
#1439 = STYLED_ITEM ( 'NONE', ( #1440 ), #3663 ) ;
#1440 = PRESENTATION_STYLE_ASSIGNMENT (( #1441 ) ) ;
#1441 = SURFACE_STYLE_USAGE ( .BOTH. , #1452 ) ;
#1442 = CARTESIAN_POINT ( 'NONE',  ( -1.701615153243947200, 3.249973905991012200, 1.070147986478758000 ) ) ;
#1443 = CARTESIAN_POINT ( 'NONE',  ( -1.701076932763842200, 3.249991301240336300, 1.070049333117522300 ) ) ;
#1444 = CARTESIAN_POINT ( 'NONE',  ( -1.700538501513371400, 3.250000000000000000, 1.069999999999989400 ) ) ;
#1445 = CARTESIAN_POINT ( 'NONE',  ( -1.700000000000000200, 3.250000000000000000, 1.069999999999988700 ) ) ;
#1446 = DIRECTION ( 'NONE',  ( 0.0000000000000000000, 7.228014483236697000E-017, -1.000000000000000000 ) ) ;
#1447 = FILL_AREA_STYLE_COLOUR ( '', #1450 ) ;
#1448 = AXIS2_PLACEMENT_3D ( 'NONE', #1460, #1446, #1455 ) ;
#1449 =( BOUNDED_CURVE ( )  B_SPLINE_CURVE ( 3, ( #1445, #1444, #1443, #1442 ),
 .UNSPECIFIED., .F., .T. ) 
 B_SPLINE_CURVE_WITH_KNOTS ( ( 4, 4 ),
 ( 3.141592653589793100, 3.173901339085166900 ),
 .UNSPECIFIED. ) 
 CURVE ( )  GEOMETRIC_REPRESENTATION_ITEM ( )  RATIONAL_B_SPLINE_CURVE ( ( 1.000000000000000000, 0.9999130142951574400, 0.9999130142951574400, 1.000000000000000000 ) ) 
 REPRESENTATION_ITEM ( '' )  );
#1450 = COLOUR_RGB ( '',0.8784313725490196000, 0.8784313725490196000, 0.8784313725490196000 ) ;
#1451 = PLANE ( 'NONE',  #1448 ) ;
#1452 = SURFACE_SIDE_STYLE ('',( #1453 ) ) ;
#1453 = SURFACE_STYLE_FILL_AREA ( #1415 ) ;
#1454 = MECHANICAL_DESIGN_GEOMETRIC_PRESENTATION_REPRESENTATION (  '', ( #1232 ), #2572 ) ;
#1455 = DIRECTION ( 'NONE',  ( 0.0000000000000000000, 1.000000000000000000, 7.228014483236697000E-017 ) ) ;
#1456 = DIRECTION ( 'NONE',  ( -1.000000000000000000, -0.0000000000000000000, -0.0000000000000000000 ) ) ;
#1457 = FACE_OUTER_BOUND ( 'NONE', #3556, .T. ) ;
#1458 = VECTOR ( 'NONE', #1456, 1000.000000000000000 ) ;
#1459 = CARTESIAN_POINT ( 'NONE',  ( 4.779784308131212400, -1.499999999999999600, 1.075000000000000000 ) ) ;
#1460 = CARTESIAN_POINT ( 'NONE',  ( 4.779784308131212400, 1.500000000000000000, 1.075000000000000200 ) ) ;
#1461 = CARTESIAN_POINT ( 'NONE',  ( -1.580207957427501200, -3.128566710174567300, 0.09131759111665371800 ) ) ;
#1462 = DIRECTION ( 'NONE',  ( 0.06975647374411854400, 0.0000000000000000000, 0.9975640502598246400 ) ) ;
#1463 = VECTOR ( 'NONE', #1462, 1000.000000000000100 ) ;
#1464 = CARTESIAN_POINT ( 'NONE',  ( 2.400000000000000400, -1.499999999999999600, 0.2499999999999993600 ) ) ;
#1465 = CARTESIAN_POINT ( 'NONE',  ( 3.510328595855933800, -1.499999999999999600, 0.1477058022361642200 ) ) ;
#1466 =( GEOMETRIC_REPRESENTATION_CONTEXT ( 3 ) GLOBAL_UNCERTAINTY_ASSIGNED_CONTEXT ( ( #1467 ) ) GLOBAL_UNIT_ASSIGNED_CONTEXT ( ( #1470, #1469, #1468 ) ) REPRESENTATION_CONTEXT ( 'NONE', 'WORKASPACE' ) );
#1467 = UNCERTAINTY_MEASURE_WITH_UNIT (LENGTH_MEASURE( 1.000000000000000100E-005 ), #1470, 'distance_accuracy_value', 'NONE');
#1468 =( NAMED_UNIT ( * ) SI_UNIT ( $, .STERADIAN. ) SOLID_ANGLE_UNIT ( ) );
#1469 =( NAMED_UNIT ( * ) PLANE_ANGLE_UNIT ( ) SI_UNIT ( $, .RADIAN. ) );
#1470 =( LENGTH_UNIT ( ) NAMED_UNIT ( * ) SI_UNIT ( .MILLI., .METRE. ) );
#1471 = MECHANICAL_DESIGN_GEOMETRIC_PRESENTATION_REPRESENTATION (  '', ( #1473 ), #1466 ) ;
#1472 = PRESENTATION_LAYER_ASSIGNMENT (  '', '', ( #1473 ) ) ;
#1473 = STYLED_ITEM ( 'NONE', ( #1474 ), #3675 ) ;
#1474 = PRESENTATION_STYLE_ASSIGNMENT (( #1475 ) ) ;
#1475 = SURFACE_STYLE_USAGE ( .BOTH. , #1476 ) ;
#1476 = SURFACE_SIDE_STYLE ('',( #1477 ) ) ;
#1477 = SURFACE_STYLE_FILL_AREA ( #1487 ) ;
#1478 = PLANE ( 'NONE',  #1524 ) ;
#1479 = DIRECTION ( 'NONE',  ( -1.000000000000000000, -0.0000000000000000000, -0.0000000000000000000 ) ) ;
#1480 = VECTOR ( 'NONE', #1479, 1000.000000000000000 ) ;
#1481 = CARTESIAN_POINT ( 'NONE',  ( 4.779784308131212400, -1.499999999999999800, 0.7749999999999996900 ) ) ;
#1482 = LINE ( 'NONE', #1481, #1480 ) ;
#1483 = FACE_OUTER_BOUND ( 'NONE', #3654, .T. ) ;
#1484 = CYLINDRICAL_SURFACE ( 'NONE', #1486, 0.04999999999999991300 ) ;
#1485 = B_SPLINE_CURVE_WITH_KNOTS ( 'NONE', 3,
 ( #1496, #1495, #1494, #1493, #1492, #1491, #1550, #1549, #1548, #1547, #1546, #1545, #1544, #1543, #1542, #1541 ),
 .UNSPECIFIED., .F., .F.,
 ( 4, 3, 3, 3, 3, 4 ),
 ( 2.168404344971008900E-019, 1.678065282047548800E-005, 3.356376177603067300E-005, 5.029922048130714900E-005, 6.700956357773639400E-005, 7.675665135249136100E-005 ),
 .UNSPECIFIED. ) ;
#1486 = AXIS2_PLACEMENT_3D ( 'NONE', #1515, #1533, #1532 ) ;
#1487 = FILL_AREA_STYLE ('',( #1488 ) ) ;
#1488 = FILL_AREA_STYLE_COLOUR ( '', #1489 ) ;
#1489 = COLOUR_RGB ( '',0.8784313725490196000, 0.8784313725490196000, 0.8784313725490196000 ) ;
#1490 = CARTESIAN_POINT ( 'NONE',  ( 3.520915809444510100, 1.500000000000000000, 0.2991100103549330600 ) ) ;
#1491 = CARTESIAN_POINT ( 'NONE',  ( -1.728021484024215000, 3.241784781411135800, 1.073665121184259600 ) ) ;
#1492 = CARTESIAN_POINT ( 'NONE',  ( -1.723083700135530800, 3.244699494740022100, 1.073188003133140900 ) ) ;
#1493 = CARTESIAN_POINT ( 'NONE',  ( -1.717892875062906600, 3.246688810458001800, 1.072563391840051000 ) ) ;
#1494 = CARTESIAN_POINT ( 'NONE',  ( -1.712702412803779300, 3.248677987132460500, 1.071938824204260900 ) ) ;
#1495 = CARTESIAN_POINT ( 'NONE',  ( -1.707114265088595500, 3.249796175070073500, 1.071155948619464800 ) ) ;
#1496 = CARTESIAN_POINT ( 'NONE',  ( -1.701615153243947200, 3.249973905991012200, 1.070147986478758000 ) ) ;
#1497 = CARTESIAN_POINT ( 'NONE',  ( -1.701615153243947200, 3.249973905991012700, 0.7798520135212440000 ) ) ;
#1498 = CARTESIAN_POINT ( 'NONE',  ( -1.707114265088595800, 3.249796175070073500, 0.7788440513805374700 ) ) ;
#1499 = CARTESIAN_POINT ( 'NONE',  ( -1.712702412803779300, 3.248677987132460500, 0.7780611757957415200 ) ) ;
#1500 = CARTESIAN_POINT ( 'NONE',  ( -1.717892875062906600, 3.246688810458001800, 0.7774366081599514100 ) ) ;
#1501 = CARTESIAN_POINT ( 'NONE',  ( -1.723083700135530800, 3.244699494740022100, 0.7768119968668613100 ) ) ;
#1502 = CARTESIAN_POINT ( 'NONE',  ( -1.728021484024215000, 3.241784781411135800, 0.7763348788157423700 ) ) ;
#1503 = CARTESIAN_POINT ( 'NONE',  ( -1.732284749180228000, 3.238179771743290300, 0.7759875220364720300 ) ) ;
#1504 = CARTESIAN_POINT ( 'NONE',  ( -1.736536146459031000, 3.234584797531958600, 0.7756411322126813800 ) ) ;
#1505 = CARTESIAN_POINT ( 'NONE',  ( -1.740234272465180700, 3.230204363765369000, 0.7754158014737587700 ) ) ;
#1506 = CARTESIAN_POINT ( 'NONE',  ( -1.743067360617898100, 3.225400835604521200, 0.7752818871755888800 ) ) ;
#1507 = CARTESIAN_POINT ( 'NONE',  ( -1.745896490577139900, 3.220604018598710800, 0.7751481599731510100 ) ) ;
#1508 = CARTESIAN_POINT ( 'NONE',  ( -1.747941134735240900, 3.215253788579332200, 0.7751045023175886500 ) ) ;
#1509 = CARTESIAN_POINT ( 'NONE',  ( -1.749031965309374900, 3.209791137722464600, 0.7750753998661157300 ) ) ;
#1510 = CARTESIAN_POINT ( 'NONE',  ( -1.749674200216849500, 3.206574959930222700, 0.7750582655735205300 ) ) ;
#1511 = CARTESIAN_POINT ( 'NONE',  ( -1.750000000000042900, 3.203279416277074400, 0.7750454144220382300 ) ) ;
#1512 = CARTESIAN_POINT ( 'NONE',  ( -1.750000000000000000, 3.199999999999999700, 0.7750000000000002400 ) ) ;
#1513 = FILL_AREA_STYLE ('',( #1526 ) ) ;
#1514 = COLOUR_RGB ( '',0.09411764705882352800, 0.09411764705882352800, 0.09411764705882352800 ) ;
#1515 = CARTESIAN_POINT ( 'NONE',  ( -1.700000000000000200, 3.199999999999999700, 1.800000000000000500 ) ) ;
#1516 = FACE_OUTER_BOUND ( 'NONE', #3644, .T. ) ;
#1517 = FILL_AREA_STYLE_COLOUR ( '', #1527 ) ;
#1518 = B_SPLINE_CURVE_WITH_KNOTS ( 'NONE', 3,
 ( #1512, #1511, #1510, #1509, #1508, #1507, #1506, #1505, #1504, #1503, #1502, #1501, #1500, #1499, #1498, #1497 ),
 .UNSPECIFIED., .F., .F.,
 ( 4, 3, 3, 3, 3, 4 ),
 ( 0.0000000000000000000, 9.839157975408005100E-006, 2.670734561755419600E-005, 4.360088610855196100E-005, 6.054252695022825500E-005, 7.748168845637186600E-005 ),
 .UNSPECIFIED. ) ;
#1519 = SURFACE_SIDE_STYLE ('',( #1520 ) ) ;
#1520 = SURFACE_STYLE_FILL_AREA ( #1513 ) ;
#1521 = DIRECTION ( 'NONE',  ( 0.0000000000000000000, -1.000000000000000000, -7.228014483236695800E-017 ) ) ;
#1522 = DIRECTION ( 'NONE',  ( 0.0000000000000000000, -7.228014483236695800E-017, 1.000000000000000000 ) ) ;
#1523 = CARTESIAN_POINT ( 'NONE',  ( 4.779784308131212400, 1.500000000000000000, 0.7749999999999999100 ) ) ;
#1524 = AXIS2_PLACEMENT_3D ( 'NONE', #1523, #1522, #1521 ) ;
#1525 = FACE_OUTER_BOUND ( 'NONE', #3679, .T. ) ;
#1526 = FILL_AREA_STYLE_COLOUR ( '', #1514 ) ;
#1527 = COLOUR_RGB ( '',0.09411764705882352800, 0.09411764705882352800, 0.09411764705882352800 ) ;
#1528 = FACE_OUTER_BOUND ( 'NONE', #3501, .T. ) ;
#1529 = CARTESIAN_POINT ( 'NONE',  ( 3.520915809444510100, 0.0000000000000000000, 0.2991100103549331200 ) ) ;
#1530 = CYLINDRICAL_SURFACE ( 'NONE', #1563, 0.05000000000000012100 ) ;
#1531 = CIRCLE ( 'NONE', #1560, 0.05000000000000012800 ) ;
#1532 = DIRECTION ( 'NONE',  ( 1.000000000000000000, 0.0000000000000000000, 0.0000000000000000000 ) ) ;
#1533 = DIRECTION ( 'NONE',  ( 0.0000000000000000000, 0.0000000000000000000, 1.000000000000000000 ) ) ;
#1534 = DIRECTION ( 'NONE',  ( -0.9848077530122073500, 0.0000000000000000000, 0.1736481776669347700 ) ) ;
#1535 = CARTESIAN_POINT ( 'NONE',  ( -1.580207957427496300, 3.079326322523956900, 1.750000000000000400 ) ) ;
#1536 =( GEOMETRIC_REPRESENTATION_CONTEXT ( 3 ) GLOBAL_UNCERTAINTY_ASSIGNED_CONTEXT ( ( #1537 ) ) GLOBAL_UNIT_ASSIGNED_CONTEXT ( ( #1540, #1539, #1538 ) ) REPRESENTATION_CONTEXT ( 'NONE', 'WORKASPACE' ) );
#1537 = UNCERTAINTY_MEASURE_WITH_UNIT (LENGTH_MEASURE( 1.000000000000000100E-005 ), #1540, 'distance_accuracy_value', 'NONE');
#1538 =( NAMED_UNIT ( * ) SI_UNIT ( $, .STERADIAN. ) SOLID_ANGLE_UNIT ( ) );
#1539 =( NAMED_UNIT ( * ) PLANE_ANGLE_UNIT ( ) SI_UNIT ( $, .RADIAN. ) );
#1540 =( LENGTH_UNIT ( ) NAMED_UNIT ( * ) SI_UNIT ( .MILLI., .METRE. ) );
#1541 = CARTESIAN_POINT ( 'NONE',  ( -1.750000000000000000, 3.199999999999999700, 1.075000000000000200 ) ) ;
#1542 = CARTESIAN_POINT ( 'NONE',  ( -1.750000000000042900, 3.203279416277074400, 1.074954585577963000 ) ) ;
#1543 = CARTESIAN_POINT ( 'NONE',  ( -1.749674200216849500, 3.206574959930222700, 1.074941734426480900 ) ) ;
#1544 = CARTESIAN_POINT ( 'NONE',  ( -1.749031965309374900, 3.209791137722464600, 1.074924600133885700 ) ) ;
#1545 = CARTESIAN_POINT ( 'NONE',  ( -1.747941134735240900, 3.215253788579332200, 1.074895497682412800 ) ) ;
#1546 = CARTESIAN_POINT ( 'NONE',  ( -1.745896490577139900, 3.220604018598710800, 1.074851840026850700 ) ) ;
#1547 = CARTESIAN_POINT ( 'NONE',  ( -1.743067360617898100, 3.225400835604521200, 1.074718112824413000 ) ) ;
#1548 = CARTESIAN_POINT ( 'NONE',  ( -1.740234272465180700, 3.230204363765369000, 1.074584198526243200 ) ) ;
#1549 = CARTESIAN_POINT ( 'NONE',  ( -1.736536146459031000, 3.234584797531958600, 1.074358867787320400 ) ) ;
#1550 = CARTESIAN_POINT ( 'NONE',  ( -1.732284749180228000, 3.238179771743290300, 1.074012477963529800 ) ) ;
#1551 = MECHANICAL_DESIGN_GEOMETRIC_PRESENTATION_REPRESENTATION (  '', ( #1553 ), #1536 ) ;
#1552 = PRESENTATION_LAYER_ASSIGNMENT (  '', '', ( #1553 ) ) ;
#1553 = STYLED_ITEM ( 'NONE', ( #1554 ), #3685 ) ;
#1554 = PRESENTATION_STYLE_ASSIGNMENT (( #1555 ) ) ;
#1555 = SURFACE_STYLE_USAGE ( .BOTH. , #1519 ) ;
#1556 = CARTESIAN_POINT ( 'NONE',  ( -1.580207957427496300, 3.079326322523956900, 1.750000000000000400 ) ) ;
#1557 = CIRCLE ( 'NONE', #1608, 0.04999999999999991300 ) ;
#1558 = DIRECTION ( 'NONE',  ( 4.336808689942006700E-015, -1.000000000000000000, 0.0000000000000000000 ) ) ;
#1559 = DIRECTION ( 'NONE',  ( 1.000000000000000000, 4.403710954424491800E-015, -0.0000000000000000000 ) ) ;
#1560 = AXIS2_PLACEMENT_3D ( 'NONE', #1535, #1559, #1558 ) ;
#1561 = PLANE ( 'NONE',  #1562 ) ;
#1562 = AXIS2_PLACEMENT_3D ( 'NONE', #1586, #1585, #1584 ) ;
#1563 = AXIS2_PLACEMENT_3D ( 'NONE', #1566, #1565, #1534 ) ;
#1564 = FILL_AREA_STYLE_COLOUR ( '', #1605 ) ;
#1565 = DIRECTION ( 'NONE',  ( -0.1710878697460389600, 0.1710878697460319600, -0.9702875252478140300 ) ) ;
#1566 = CARTESIAN_POINT ( 'NONE',  ( -1.702226737037504800, 3.201345102133960700, 1.057997113545834400 ) ) ;
#1567 =( GEOMETRIC_REPRESENTATION_CONTEXT ( 3 ) GLOBAL_UNCERTAINTY_ASSIGNED_CONTEXT ( ( #1568 ) ) GLOBAL_UNIT_ASSIGNED_CONTEXT ( ( #1571, #1570, #1569 ) ) REPRESENTATION_CONTEXT ( 'NONE', 'WORKASPACE' ) );
#1568 = UNCERTAINTY_MEASURE_WITH_UNIT (LENGTH_MEASURE( 1.000000000000000100E-005 ), #1571, 'distance_accuracy_value', 'NONE');
#1569 =( NAMED_UNIT ( * ) SI_UNIT ( $, .STERADIAN. ) SOLID_ANGLE_UNIT ( ) );
#1570 =( NAMED_UNIT ( * ) PLANE_ANGLE_UNIT ( ) SI_UNIT ( $, .RADIAN. ) );
#1571 =( LENGTH_UNIT ( ) NAMED_UNIT ( * ) SI_UNIT ( .MILLI., .METRE. ) );
#1572 = MECHANICAL_DESIGN_GEOMETRIC_PRESENTATION_REPRESENTATION (  '', ( #1574 ), #1567 ) ;
#1573 = PRESENTATION_LAYER_ASSIGNMENT (  '', '', ( #1574 ) ) ;
#1574 = STYLED_ITEM ( 'NONE', ( #1575 ), #3693 ) ;
#1575 = PRESENTATION_STYLE_ASSIGNMENT (( #1576 ) ) ;
#1576 = SURFACE_STYLE_USAGE ( .BOTH. , #1577 ) ;
#1577 = SURFACE_SIDE_STYLE ('',( #1578 ) ) ;
#1578 = SURFACE_STYLE_FILL_AREA ( #1579 ) ;
#1579 = FILL_AREA_STYLE ('',( #1517 ) ) ;
#1580 = COLOUR_RGB ( '',0.8784313725490196000, 0.8784313725490196000, 0.8784313725490196000 ) ;
#1581 = PLANE ( 'NONE',  #1665 ) ;
#1582 = DIRECTION ( 'NONE',  ( 0.0000000000000000000, 1.000000000000000000, 0.0000000000000000000 ) ) ;
#1583 = FACE_OUTER_BOUND ( 'NONE', #3705, .T. ) ;
#1584 = DIRECTION ( 'NONE',  ( 0.0000000000000000000, 0.1736481776669263600, -0.9848077530122088000 ) ) ;
#1585 = DIRECTION ( 'NONE',  ( 0.0000000000000000000, -0.9848077530122088000, -0.1736481776669263600 ) ) ;
#1586 = CARTESIAN_POINT ( 'NONE',  ( -1.622162938986365700, -3.121281304082820900, 0.05000000000000002400 ) ) ;
#1587 = LINE ( 'NONE', #1529, #1603 ) ;
#1588 = CIRCLE ( 'NONE', #1629, 0.6267267822717118600 ) ;
#1589 = CARTESIAN_POINT ( 'NONE',  ( 1.769643243589889700, 1.500000000000000000, 1.075000000000000200 ) ) ;
#1590 =( GEOMETRIC_REPRESENTATION_CONTEXT ( 3 ) GLOBAL_UNCERTAINTY_ASSIGNED_CONTEXT ( ( #1591 ) ) GLOBAL_UNIT_ASSIGNED_CONTEXT ( ( #1594, #1593, #1592 ) ) REPRESENTATION_CONTEXT ( 'NONE', 'WORKASPACE' ) );
#1591 = UNCERTAINTY_MEASURE_WITH_UNIT (LENGTH_MEASURE( 1.000000000000000100E-005 ), #1594, 'distance_accuracy_value', 'NONE');
#1592 =( NAMED_UNIT ( * ) SI_UNIT ( $, .STERADIAN. ) SOLID_ANGLE_UNIT ( ) );
#1593 =( NAMED_UNIT ( * ) PLANE_ANGLE_UNIT ( ) SI_UNIT ( $, .RADIAN. ) );
#1594 =( LENGTH_UNIT ( ) NAMED_UNIT ( * ) SI_UNIT ( .MILLI., .METRE. ) );
#1595 = MECHANICAL_DESIGN_GEOMETRIC_PRESENTATION_REPRESENTATION (  '', ( #1597 ), #1590 ) ;
#1596 = PRESENTATION_LAYER_ASSIGNMENT (  '', '', ( #1597 ) ) ;
#1597 = STYLED_ITEM ( 'NONE', ( #1598 ), #3699 ) ;
#1598 = PRESENTATION_STYLE_ASSIGNMENT (( #1599 ) ) ;
#1599 = SURFACE_STYLE_USAGE ( .BOTH. , #1600 ) ;
#1600 = SURFACE_SIDE_STYLE ('',( #1601 ) ) ;
#1601 = SURFACE_STYLE_FILL_AREA ( #1602 ) ;
#1602 = FILL_AREA_STYLE ('',( #1564 ) ) ;
#1603 = VECTOR ( 'NONE', #1582, 1000.000000000000000 ) ;
#1604 = FILL_AREA_STYLE_COLOUR ( '', #1580 ) ;
#1605 = COLOUR_RGB ( '',0.06274509803921568500, 0.06274509803921568500, 0.06274509803921568500 ) ;
#1606 = DIRECTION ( 'NONE',  ( 0.0000000000000000000, 0.0000000000000000000, 1.000000000000000000 ) ) ;
#1607 = DIRECTION ( 'NONE',  ( -0.0000000000000000000, -1.000000000000000000, 0.0000000000000000000 ) ) ;
#1608 = AXIS2_PLACEMENT_3D ( 'NONE', #1556, #1607, #1606 ) ;
#1609 = CARTESIAN_POINT ( 'NONE',  ( 4.779784308131212400, 1.500000000000000000, 1.075000000000000200 ) ) ;
#1610 = LINE ( 'NONE', #1609, #1661 ) ;
#1611 =( GEOMETRIC_REPRESENTATION_CONTEXT ( 3 ) GLOBAL_UNCERTAINTY_ASSIGNED_CONTEXT ( ( #1612 ) ) GLOBAL_UNIT_ASSIGNED_CONTEXT ( ( #1615, #1614, #1613 ) ) REPRESENTATION_CONTEXT ( 'NONE', 'WORKASPACE' ) );
#1612 = UNCERTAINTY_MEASURE_WITH_UNIT (LENGTH_MEASURE( 1.000000000000000100E-005 ), #1615, 'distance_accuracy_value', 'NONE');
#1613 =( NAMED_UNIT ( * ) SI_UNIT ( $, .STERADIAN. ) SOLID_ANGLE_UNIT ( ) );
#1614 =( NAMED_UNIT ( * ) PLANE_ANGLE_UNIT ( ) SI_UNIT ( $, .RADIAN. ) );
#1615 =( LENGTH_UNIT ( ) NAMED_UNIT ( * ) SI_UNIT ( .MILLI., .METRE. ) );
#1616 = MECHANICAL_DESIGN_GEOMETRIC_PRESENTATION_REPRESENTATION (  '', ( #1618 ), #1611 ) ;
#1617 = PRESENTATION_LAYER_ASSIGNMENT (  '', '', ( #1618 ) ) ;
#1618 = STYLED_ITEM ( 'NONE', ( #1619 ), #3709 ) ;
#1619 = PRESENTATION_STYLE_ASSIGNMENT (( #1620 ) ) ;
#1620 = SURFACE_STYLE_USAGE ( .BOTH. , #1621 ) ;
#1621 = SURFACE_SIDE_STYLE ('',( #1622 ) ) ;
#1622 = SURFACE_STYLE_FILL_AREA ( #1631 ) ;
#1623 = PLANE ( 'NONE',  #1632 ) ;
#1624 = DIRECTION ( 'NONE',  ( -2.323383477770071400E-018, -1.000000000000000000, -7.228014483236697000E-017 ) ) ;
#1625 = VECTOR ( 'NONE', #1624, 1000.000000000000000 ) ;
#1626 = DIRECTION ( 'NONE',  ( 0.0000000000000000000, 0.0000000000000000000, 1.000000000000000000 ) ) ;
#1627 = DIRECTION ( 'NONE',  ( -0.0000000000000000000, 1.000000000000000000, 0.0000000000000000000 ) ) ;
#1628 = CARTESIAN_POINT ( 'NONE',  ( 1.739021739130427200, -1.499999999999999600, 0.4490217391304288100 ) ) ;
#1629 = AXIS2_PLACEMENT_3D ( 'NONE', #1628, #1627, #1626 ) ;
#1630 = LINE ( 'NONE', #1589, #1625 ) ;
#1631 = FILL_AREA_STYLE ('',( #1604 ) ) ;
#1632 = AXIS2_PLACEMENT_3D ( 'NONE', #559, #561, #560 ) ;
#1633 =( BOUNDED_CURVE ( )  B_SPLINE_CURVE ( 3, ( #1686, #1685, #1684, #1683 ),
 .UNSPECIFIED., .F., .F. ) 
 B_SPLINE_CURVE_WITH_KNOTS ( ( 4, 4 ),
 ( 6.250876621684220400, 6.283185307179586200 ),
 .UNSPECIFIED. ) 
 CURVE ( )  GEOMETRIC_REPRESENTATION_ITEM ( )  RATIONAL_B_SPLINE_CURVE ( ( 1.000000000000000000, 0.9999130142951574400, 0.9999130142951574400, 1.000000000000000000 ) ) 
 REPRESENTATION_ITEM ( '' )  );
#1634 = CARTESIAN_POINT ( 'NONE',  ( 2.800000000000000700, -1.499999999999999600, 0.04894876836045224100 ) ) ;
#1635 = AXIS2_PLACEMENT_3D ( 'NONE', #1668, #1667, #1666 ) ;
#1636 = SURFACE_SIDE_STYLE ('',( #1637 ) ) ;
#1637 = SURFACE_STYLE_FILL_AREA ( #1639 ) ;
#1638 = VECTOR ( 'NONE', #1641, 1000.000000000000000 ) ;
#1639 = FILL_AREA_STYLE ('',( #1640 ) ) ;
#1640 = FILL_AREA_STYLE_COLOUR ( '', #1643 ) ;
#1641 = DIRECTION ( 'NONE',  ( -0.0000000000000000000, -1.000000000000000000, -0.0000000000000000000 ) ) ;
#1642 = CARTESIAN_POINT ( 'NONE',  ( 2.800000000000000700, 0.0000000000000000000, 0.04894876836045224100 ) ) ;
#1643 = COLOUR_RGB ( '',0.8784313725490196000, 0.8784313725490196000, 0.8784313725490196000 ) ;
#1644 = DIRECTION ( 'NONE',  ( 0.9975640502598246400, 0.0000000000000000000, -0.06975647374411872400 ) ) ;
#1645 = VECTOR ( 'NONE', #1644, 1000.000000000000100 ) ;
#1646 = CARTESIAN_POINT ( 'NONE',  ( 2.800000000000000700, 1.500000000000000200, 0.04894876836045224100 ) ) ;
#1647 = LINE ( 'NONE', #1646, #1645 ) ;
#1648 = CARTESIAN_POINT ( 'NONE',  ( 2.800000000000000700, 1.500000000000000200, 0.04894876836045224100 ) ) ;
#1649 = CARTESIAN_POINT ( 'NONE',  ( 3.500000000000000900, 1.500000000000000200, -4.269046054161673700E-016 ) ) ;
#1650 = DIRECTION ( 'NONE',  ( -0.0000000000000000000, -1.000000000000000000, -0.0000000000000000000 ) ) ;
#1651 = VECTOR ( 'NONE', #1650, 1000.000000000000000 ) ;
#1652 = CARTESIAN_POINT ( 'NONE',  ( 3.500000000000000900, 0.0000000000000000000, -4.269046054161673700E-016 ) ) ;
#1653 = LINE ( 'NONE', #1652, #1651 ) ;
#1654 = LINE ( 'NONE', #1642, #1638 ) ;
#1655 = DIRECTION ( 'NONE',  ( -0.1710878697460389300, -0.1710878697460319300, -0.9702875252478139200 ) ) ;
#1656 = VECTOR ( 'NONE', #1655, 1000.000000000000000 ) ;
#1657 = CARTESIAN_POINT ( 'NONE',  ( -1.702200930650073400, -3.250559683397138900, 1.066825877725051700 ) ) ;
#1658 = LINE ( 'NONE', #1657, #1656 ) ;
#1659 = CARTESIAN_POINT ( 'NONE',  ( 2.820915809444509900, -1.499999999999999600, 0.3480587787153858200 ) ) ;
#1660 = DIRECTION ( 'NONE',  ( -1.000000000000000000, -0.0000000000000000000, -0.0000000000000000000 ) ) ;
#1661 = VECTOR ( 'NONE', #1660, 1000.000000000000000 ) ;
#1662 = DIRECTION ( 'NONE',  ( 0.0000000000000000000, -0.0000000000000000000, -1.000000000000000000 ) ) ;
#1663 = DIRECTION ( 'NONE',  ( 0.0000000000000000000, -1.000000000000000000, 0.0000000000000000000 ) ) ;
#1664 = CARTESIAN_POINT ( 'NONE',  ( 4.779784308131212400, 1.500000000000000000, 0.7749999999999999100 ) ) ;
#1665 = AXIS2_PLACEMENT_3D ( 'NONE', #1664, #1663, #1662 ) ;
#1666 = DIRECTION ( 'NONE',  ( 1.000000000000000000, 0.0000000000000000000, 0.0000000000000000000 ) ) ;
#1667 = DIRECTION ( 'NONE',  ( 0.0000000000000000000, 1.000000000000000000, 0.0000000000000000000 ) ) ;
#1668 = CARTESIAN_POINT ( 'NONE',  ( -1.580207957427496500, -3.079326322523956900, 1.750000000000000400 ) ) ;
#1669 = SPHERICAL_SURFACE ( 'NONE', #1635, 0.05000000000000000300 ) ;
#1670 =( GEOMETRIC_REPRESENTATION_CONTEXT ( 3 ) GLOBAL_UNCERTAINTY_ASSIGNED_CONTEXT ( ( #1671 ) ) GLOBAL_UNIT_ASSIGNED_CONTEXT ( ( #1674, #1673, #1672 ) ) REPRESENTATION_CONTEXT ( 'NONE', 'WORKASPACE' ) );
#1671 = UNCERTAINTY_MEASURE_WITH_UNIT (LENGTH_MEASURE( 1.000000000000000100E-005 ), #1674, 'distance_accuracy_value', 'NONE');
#1672 =( NAMED_UNIT ( * ) SI_UNIT ( $, .STERADIAN. ) SOLID_ANGLE_UNIT ( ) );
#1673 =( NAMED_UNIT ( * ) PLANE_ANGLE_UNIT ( ) SI_UNIT ( $, .RADIAN. ) );
#1674 =( LENGTH_UNIT ( ) NAMED_UNIT ( * ) SI_UNIT ( .MILLI., .METRE. ) );
#1675 = MECHANICAL_DESIGN_GEOMETRIC_PRESENTATION_REPRESENTATION (  '', ( #1677 ), #1670 ) ;
#1676 = PRESENTATION_LAYER_ASSIGNMENT (  '', '', ( #1677 ) ) ;
#1677 = STYLED_ITEM ( 'NONE', ( #1678 ), #3722 ) ;
#1678 = PRESENTATION_STYLE_ASSIGNMENT (( #1679 ) ) ;
#1679 = SURFACE_STYLE_USAGE ( .BOTH. , #1636 ) ;
#1680 = FACE_OUTER_BOUND ( 'NONE', #3831, .T. ) ;
#1681 = FACE_OUTER_BOUND ( 'NONE', #3499, .T. ) ;
#1682 = COLOUR_RGB ( '',0.09411764705882352800, 0.09411764705882352800, 0.09411764705882352800 ) ;
#1683 = CARTESIAN_POINT ( 'NONE',  ( -1.700000000000000200, -3.250000000000000000, 1.069999999999988700 ) ) ;
#1684 = CARTESIAN_POINT ( 'NONE',  ( -1.700538501513371200, -3.249999999999999600, 1.069999999999991800 ) ) ;
#1685 = CARTESIAN_POINT ( 'NONE',  ( -1.701076932763841800, -3.249991301240335900, 1.070049333117524700 ) ) ;
#1686 = CARTESIAN_POINT ( 'NONE',  ( -1.701615153243946700, -3.249973905991012200, 1.070147986478760900 ) ) ;
#1687 = DIRECTION ( 'NONE',  ( 2.321218503392446700E-017, -0.9848077530122088000, 0.1736481776669268600 ) ) ;
#1688 = CARTESIAN_POINT ( 'NONE',  ( 1.622162938986366100, -3.121281304082820900, 1.800000000000000000 ) ) ;
#1689 = AXIS2_PLACEMENT_3D ( 'NONE', #1688, #1687, #1742 ) ;
#1690 = FILL_AREA_STYLE_COLOUR ( '', #1741 ) ;
#1691 = CARTESIAN_POINT ( 'NONE',  ( 1.739021739130427200, 0.0000000000000000000, 0.4490217391304288100 ) ) ;
#1692 = AXIS2_PLACEMENT_3D ( 'NONE', #1728, #1719, #1718 ) ;
#1693 = CIRCLE ( 'NONE', #1692, 0.3266525891350959300 ) ;
#1694 = CYLINDRICAL_SURFACE ( 'NONE', #1739, 0.3266525891350960400 ) ;
#1695 =( GEOMETRIC_REPRESENTATION_CONTEXT ( 3 ) GLOBAL_UNCERTAINTY_ASSIGNED_CONTEXT ( ( #1696 ) ) GLOBAL_UNIT_ASSIGNED_CONTEXT ( ( #1699, #1698, #1697 ) ) REPRESENTATION_CONTEXT ( 'NONE', 'WORKASPACE' ) );
#1696 = UNCERTAINTY_MEASURE_WITH_UNIT (LENGTH_MEASURE( 1.000000000000000100E-005 ), #1699, 'distance_accuracy_value', 'NONE');
#1697 =( NAMED_UNIT ( * ) SI_UNIT ( $, .STERADIAN. ) SOLID_ANGLE_UNIT ( ) );
#1698 =( NAMED_UNIT ( * ) PLANE_ANGLE_UNIT ( ) SI_UNIT ( $, .RADIAN. ) );
#1699 =( LENGTH_UNIT ( ) NAMED_UNIT ( * ) SI_UNIT ( .MILLI., .METRE. ) );
#1700 = MECHANICAL_DESIGN_GEOMETRIC_PRESENTATION_REPRESENTATION (  '', ( #1702 ), #1695 ) ;
#1701 = PRESENTATION_LAYER_ASSIGNMENT (  '', '', ( #1702 ) ) ;
#1702 = STYLED_ITEM ( 'NONE', ( #1703 ), #3725 ) ;
#1703 = PRESENTATION_STYLE_ASSIGNMENT (( #1704 ) ) ;
#1704 = SURFACE_STYLE_USAGE ( .BOTH. , #1705 ) ;
#1705 = SURFACE_SIDE_STYLE ('',( #1714 ) ) ;
#1706 = PLANE ( 'NONE',  #1689 ) ;
#1707 = CIRCLE ( 'NONE', #1722, 0.6267267822717120800 ) ;
#1708 = FILL_AREA_STYLE ('',( #1690 ) ) ;
#1709 = FACE_OUTER_BOUND ( 'NONE', #3631, .T. ) ;
#1710 = FACE_OUTER_BOUND ( 'NONE', #3539, .T. ) ;
#1711 = SURFACE_SIDE_STYLE ('',( #1712 ) ) ;
#1712 = SURFACE_STYLE_FILL_AREA ( #1708 ) ;
#1713 = CARTESIAN_POINT ( 'NONE',  ( -1.580207957427496800, -3.128566710174567300, 1.758682408883346800 ) ) ;
#1714 = SURFACE_STYLE_FILL_AREA ( #1715 ) ;
#1715 = FILL_AREA_STYLE ('',( #1716 ) ) ;
#1716 = FILL_AREA_STYLE_COLOUR ( '', #1717 ) ;
#1717 = COLOUR_RGB ( '',0.06274509803921568500, 0.06274509803921568500, 0.06274509803921568500 ) ;
#1718 = DIRECTION ( 'NONE',  ( 0.0000000000000000000, 0.0000000000000000000, 1.000000000000000000 ) ) ;
#1719 = DIRECTION ( 'NONE',  ( -0.0000000000000000000, 1.000000000000000000, 0.0000000000000000000 ) ) ;
#1720 = SURFACE_STYLE_FILL_AREA ( #1769 ) ;
#1721 = CYLINDRICAL_SURFACE ( 'NONE', #1766, 0.6267267822717118600 ) ;
#1722 = AXIS2_PLACEMENT_3D ( 'NONE', #1762, #1761, #1760 ) ;
#1723 = VECTOR ( 'NONE', #1768, 1000.000000000000000 ) ;
#1724 = CARTESIAN_POINT ( 'NONE',  ( 1.759999999999999800, 1.500000000000000000, 0.7749999999999999100 ) ) ;
#1725 = LINE ( 'NONE', #1724, #1723 ) ;
#1726 = DIRECTION ( 'NONE',  ( 0.0000000000000000000, 0.0000000000000000000, 1.000000000000000000 ) ) ;
#1727 = DIRECTION ( 'NONE',  ( -0.0000000000000000000, 1.000000000000000000, 0.0000000000000000000 ) ) ;
#1728 = CARTESIAN_POINT ( 'NONE',  ( 1.739021739130427200, -1.499999999999999800, 0.4490217391304288100 ) ) ;
#1729 =( GEOMETRIC_REPRESENTATION_CONTEXT ( 3 ) GLOBAL_UNCERTAINTY_ASSIGNED_CONTEXT ( ( #1730 ) ) GLOBAL_UNIT_ASSIGNED_CONTEXT ( ( #1733, #1732, #1731 ) ) REPRESENTATION_CONTEXT ( 'NONE', 'WORKASPACE' ) );
#1730 = UNCERTAINTY_MEASURE_WITH_UNIT (LENGTH_MEASURE( 1.000000000000000100E-005 ), #1733, 'distance_accuracy_value', 'NONE');
#1731 =( NAMED_UNIT ( * ) SI_UNIT ( $, .STERADIAN. ) SOLID_ANGLE_UNIT ( ) );
#1732 =( NAMED_UNIT ( * ) PLANE_ANGLE_UNIT ( ) SI_UNIT ( $, .RADIAN. ) );
#1733 =( LENGTH_UNIT ( ) NAMED_UNIT ( * ) SI_UNIT ( .MILLI., .METRE. ) );
#1734 = MECHANICAL_DESIGN_GEOMETRIC_PRESENTATION_REPRESENTATION (  '', ( #1736 ), #1729 ) ;
#1735 = PRESENTATION_LAYER_ASSIGNMENT (  '', '', ( #1736 ) ) ;
#1736 = STYLED_ITEM ( 'NONE', ( #1737 ), #3729 ) ;
#1737 = PRESENTATION_STYLE_ASSIGNMENT (( #1738 ) ) ;
#1738 = SURFACE_STYLE_USAGE ( .BOTH. , #1711 ) ;
#1739 = AXIS2_PLACEMENT_3D ( 'NONE', #1691, #1727, #1726 ) ;
#1740 = CARTESIAN_POINT ( 'NONE',  ( 1.580207957427501900, -3.128566710174567300, 1.758682408883346400 ) ) ;
#1741 = COLOUR_RGB ( '',0.8784313725490196000, 0.8784313725490196000, 0.8784313725490196000 ) ;
#1742 = DIRECTION ( 'NONE',  ( 0.0000000000000000000, -0.1736481776669268600, -0.9848077530122088000 ) ) ;
#1743 = DIRECTION ( 'NONE',  ( -0.0000000000000000000, 1.000000000000000000, 0.0000000000000000000 ) ) ;
#1744 = CARTESIAN_POINT ( 'NONE',  ( 1.739021739130427200, 0.0000000000000000000, 0.4490217391304288100 ) ) ;
#1745 = PLANE ( 'NONE',  #1779 ) ;
#1746 =( GEOMETRIC_REPRESENTATION_CONTEXT ( 3 ) GLOBAL_UNCERTAINTY_ASSIGNED_CONTEXT ( ( #1747 ) ) GLOBAL_UNIT_ASSIGNED_CONTEXT ( ( #1750, #1749, #1748 ) ) REPRESENTATION_CONTEXT ( 'NONE', 'WORKASPACE' ) );
#1747 = UNCERTAINTY_MEASURE_WITH_UNIT (LENGTH_MEASURE( 1.000000000000000100E-005 ), #1750, 'distance_accuracy_value', 'NONE');
#1748 =( NAMED_UNIT ( * ) SI_UNIT ( $, .STERADIAN. ) SOLID_ANGLE_UNIT ( ) );
#1749 =( NAMED_UNIT ( * ) PLANE_ANGLE_UNIT ( ) SI_UNIT ( $, .RADIAN. ) );
#1750 =( LENGTH_UNIT ( ) NAMED_UNIT ( * ) SI_UNIT ( .MILLI., .METRE. ) );
#1751 = MECHANICAL_DESIGN_GEOMETRIC_PRESENTATION_REPRESENTATION (  '', ( #1753 ), #1746 ) ;
#1752 = PRESENTATION_LAYER_ASSIGNMENT (  '', '', ( #1753 ) ) ;
#1753 = STYLED_ITEM ( 'NONE', ( #1754 ), #3738 ) ;
#1754 = PRESENTATION_STYLE_ASSIGNMENT (( #1755 ) ) ;
#1755 = SURFACE_STYLE_USAGE ( .BOTH. , #1756 ) ;
#1756 = SURFACE_SIDE_STYLE ('',( #1720 ) ) ;
#1757 = AXIS2_PLACEMENT_3D ( 'NONE', #1811, #1775, #1774 ) ;
#1758 = FACE_OUTER_BOUND ( 'NONE', #3514, .T. ) ;
#1759 = CARTESIAN_POINT ( 'NONE',  ( -1.701615153243947200, 3.249973905991012200, 1.070147986478758000 ) ) ;
#1760 = DIRECTION ( 'NONE',  ( 0.0000000000000000000, 0.0000000000000000000, 1.000000000000000000 ) ) ;
#1761 = DIRECTION ( 'NONE',  ( -0.0000000000000000000, 1.000000000000000000, 0.0000000000000000000 ) ) ;
#1762 = CARTESIAN_POINT ( 'NONE',  ( 1.739021739130427200, 1.500000000000000000, 0.4490217391304288100 ) ) ;
#1763 = FILL_AREA_STYLE_COLOUR ( '', #1771 ) ;
#1764 = DIRECTION ( 'NONE',  ( 0.0000000000000000000, 0.0000000000000000000, 1.000000000000000000 ) ) ;
#1765 = CARTESIAN_POINT ( 'NONE',  ( 2.820915809444509900, 1.500000000000000000, 0.3480587787153857100 ) ) ;
#1766 = AXIS2_PLACEMENT_3D ( 'NONE', #1744, #1743, #1764 ) ;
#1767 = FACE_OUTER_BOUND ( 'NONE', #3732, .T. ) ;
#1768 = DIRECTION ( 'NONE',  ( 2.323383477770071000E-018, 1.000000000000000000, 7.228014483236695800E-017 ) ) ;
#1769 = FILL_AREA_STYLE ('',( #1763 ) ) ;
#1770 = FACE_OUTER_BOUND ( 'NONE', #3496, .T. ) ;
#1771 = COLOUR_RGB ( '',0.8784313725490196000, 0.8784313725490196000, 0.8784313725490196000 ) ;
#1772 = CARTESIAN_POINT ( 'NONE',  ( 1.769643243589889700, 1.500000000000000000, 1.075000000000000200 ) ) ;
#1773 = CARTESIAN_POINT ( 'NONE',  ( -1.580207957427501400, 3.128566710174566900, 0.09131759111665369000 ) ) ;
#1774 = DIRECTION ( 'NONE',  ( 0.0000000000000000000, 0.0000000000000000000, -1.000000000000000000 ) ) ;
#1775 = DIRECTION ( 'NONE',  ( -0.0000000000000000000, -1.000000000000000000, -0.0000000000000000000 ) ) ;
#1776 = DIRECTION ( 'NONE',  ( -0.06975647374411812800, 0.0000000000000000000, 0.9975640502598247500 ) ) ;
#1777 = DIRECTION ( 'NONE',  ( -0.9975640502598247500, 0.0000000000000000000, -0.06975647374411812800 ) ) ;
#1778 = CARTESIAN_POINT ( 'NONE',  ( -3.510452533221833300, 2.299999999999999800, 0.1494781891426356900 ) ) ;
#1779 = AXIS2_PLACEMENT_3D ( 'NONE', #1778, #1777, #1776 ) ;
#1780 = COLOUR_RGB ( '',0.8784313725490196000, 0.8784313725490196000, 0.8784313725490196000 ) ;
#1781 = SURFACE_SIDE_STYLE ('',( #1847 ) ) ;
#1782 = FILL_AREA_STYLE ('',( #1807 ) ) ;
#1783 =( GEOMETRIC_REPRESENTATION_CONTEXT ( 3 ) GLOBAL_UNCERTAINTY_ASSIGNED_CONTEXT ( ( #1784 ) ) GLOBAL_UNIT_ASSIGNED_CONTEXT ( ( #1787, #1786, #1785 ) ) REPRESENTATION_CONTEXT ( 'NONE', 'WORKASPACE' ) );
#1784 = UNCERTAINTY_MEASURE_WITH_UNIT (LENGTH_MEASURE( 1.000000000000000100E-005 ), #1787, 'distance_accuracy_value', 'NONE');
#1785 =( NAMED_UNIT ( * ) SI_UNIT ( $, .STERADIAN. ) SOLID_ANGLE_UNIT ( ) );
#1786 =( NAMED_UNIT ( * ) PLANE_ANGLE_UNIT ( ) SI_UNIT ( $, .RADIAN. ) );
#1787 =( LENGTH_UNIT ( ) NAMED_UNIT ( * ) SI_UNIT ( .MILLI., .METRE. ) );
#1788 = MECHANICAL_DESIGN_GEOMETRIC_PRESENTATION_REPRESENTATION (  '', ( #1790 ), #1783 ) ;
#1789 = PRESENTATION_LAYER_ASSIGNMENT (  '', '', ( #1790 ) ) ;
#1790 = STYLED_ITEM ( 'NONE', ( #1791 ), #3747 ) ;
#1791 = PRESENTATION_STYLE_ASSIGNMENT (( #1792 ) ) ;
#1792 = SURFACE_STYLE_USAGE ( .BOTH. , #1793 ) ;
#1793 = SURFACE_SIDE_STYLE ('',( #1794 ) ) ;
#1794 = SURFACE_STYLE_FILL_AREA ( #1797 ) ;
#1795 = FILL_AREA_STYLE ('',( #1796 ) ) ;
#1796 = FILL_AREA_STYLE_COLOUR ( '', #1780 ) ;
#1797 = FILL_AREA_STYLE ('',( #1798 ) ) ;
#1798 = FILL_AREA_STYLE_COLOUR ( '', #1799 ) ;
#1799 = COLOUR_RGB ( '',0.8784313725490196000, 0.8784313725490196000, 0.8784313725490196000 ) ;
#1800 = CARTESIAN_POINT ( 'NONE',  ( 3.520915809444510100, -1.499999999999999600, 0.2991100103549331800 ) ) ;
#1801 = CYLINDRICAL_SURFACE ( 'NONE', #1757, 0.2805571509599709100 ) ;
#1802 = DIRECTION ( 'NONE',  ( 0.0000000000000000000, 0.0000000000000000000, -1.000000000000000000 ) ) ;
#1803 = DIRECTION ( 'NONE',  ( -0.0000000000000000000, -1.000000000000000000, -0.0000000000000000000 ) ) ;
#1804 = CARTESIAN_POINT ( 'NONE',  ( 2.840486486979173300, -1.499999999999999600, 0.6279325065563714500 ) ) ;
#1805 = AXIS2_PLACEMENT_3D ( 'NONE', #1804, #1803, #1802 ) ;
#1806 = CIRCLE ( 'NONE', #1805, 0.2805571509599709100 ) ;
#1807 = FILL_AREA_STYLE_COLOUR ( '', #1825 ) ;
#1808 = CARTESIAN_POINT ( 'NONE',  ( 2.620281606206675400, 0.0000000000000000000, 0.4540873874452899800 ) ) ;
#1809 = LINE ( 'NONE', #1808, #1849 ) ;
#1810 = CARTESIAN_POINT ( 'NONE',  ( 2.840486486979173300, 1.500000000000000200, 0.6279325065563714500 ) ) ;
#1811 = CARTESIAN_POINT ( 'NONE',  ( 2.840486486979173300, 0.0000000000000000000, 0.6279325065563714500 ) ) ;
#1812 =( GEOMETRIC_REPRESENTATION_CONTEXT ( 3 ) GLOBAL_UNCERTAINTY_ASSIGNED_CONTEXT ( ( #1813 ) ) GLOBAL_UNIT_ASSIGNED_CONTEXT ( ( #1816, #1815, #1814 ) ) REPRESENTATION_CONTEXT ( 'NONE', 'WORKASPACE' ) );
#1813 = UNCERTAINTY_MEASURE_WITH_UNIT (LENGTH_MEASURE( 1.000000000000000100E-005 ), #1816, 'distance_accuracy_value', 'NONE');
#1814 =( NAMED_UNIT ( * ) SI_UNIT ( $, .STERADIAN. ) SOLID_ANGLE_UNIT ( ) );
#1815 =( NAMED_UNIT ( * ) PLANE_ANGLE_UNIT ( ) SI_UNIT ( $, .RADIAN. ) );
#1816 =( LENGTH_UNIT ( ) NAMED_UNIT ( * ) SI_UNIT ( .MILLI., .METRE. ) );
#1817 = MECHANICAL_DESIGN_GEOMETRIC_PRESENTATION_REPRESENTATION (  '', ( #1819 ), #1812 ) ;
#1818 = PRESENTATION_LAYER_ASSIGNMENT (  '', '', ( #1819 ) ) ;
#1819 = STYLED_ITEM ( 'NONE', ( #1820 ), #3750 ) ;
#1820 = PRESENTATION_STYLE_ASSIGNMENT (( #1821 ) ) ;
#1821 = SURFACE_STYLE_USAGE ( .BOTH. , #1822 ) ;
#1822 = SURFACE_SIDE_STYLE ('',( #1823 ) ) ;
#1823 = SURFACE_STYLE_FILL_AREA ( #1795 ) ;
#1824 = CIRCLE ( 'NONE', #1846, 0.5803975574752494600 ) ;
#1825 = COLOUR_RGB ( '',0.09411764705882352800, 0.09411764705882352800, 0.09411764705882352800 ) ;
#1826 = B_SPLINE_CURVE_WITH_KNOTS ( 'NONE', 3,
 ( #1834, #1833, #1832, #1831, #1830, #1870, #1869, #1868, #1867, #1866, #1865, #1864, #1863, #1862, #1861, #1860 ),
 .UNSPECIFIED., .F., .F.,
 ( 4, 3, 3, 3, 3, 4 ),
 ( 0.0000000000000000000, 1.678065282047546100E-005, 3.356376177603089700E-005, 5.029922048130719600E-005, 6.700956357773631300E-005, 7.675665135249081900E-005 ),
 .UNSPECIFIED. ) ;
#1827 = SURFACE_SIDE_STYLE ('',( #1828 ) ) ;
#1828 = SURFACE_STYLE_FILL_AREA ( #1782 ) ;
#1829 = AXIS2_PLACEMENT_3D ( 'NONE', #1850, #1852, #1854 ) ;
#1830 = CARTESIAN_POINT ( 'NONE',  ( 1.723083700135530800, 3.244699494740021600, 0.7768119968668606400 ) ) ;
#1831 = CARTESIAN_POINT ( 'NONE',  ( 1.717892875062906600, 3.246688810458001400, 0.7774366081599508600 ) ) ;
#1832 = CARTESIAN_POINT ( 'NONE',  ( 1.712702412803779300, 3.248677987132460000, 0.7780611757957410800 ) ) ;
#1833 = CARTESIAN_POINT ( 'NONE',  ( 1.707114265088595800, 3.249796175070073500, 0.7788440513805372500 ) ) ;
#1834 = CARTESIAN_POINT ( 'NONE',  ( 1.701615153243947200, 3.249973905991012200, 0.7798520135212441100 ) ) ;
#1835 = CYLINDRICAL_SURFACE ( 'NONE', #1829, 0.05000000000000005100 ) ;
#1836 = FACE_OUTER_BOUND ( 'NONE', #3791, .T. ) ;
#1837 = CARTESIAN_POINT ( 'NONE',  ( 1.701615153243946500, -3.249973905991012200, 1.070147986478760200 ) ) ;
#1838 = CARTESIAN_POINT ( 'NONE',  ( 1.701076932763842000, -3.249991301240335900, 1.070049333117524500 ) ) ;
#1839 = CARTESIAN_POINT ( 'NONE',  ( 1.700538501513371400, -3.249999999999999600, 1.069999999999991400 ) ) ;
#1840 = CARTESIAN_POINT ( 'NONE',  ( 1.700000000000000200, -3.250000000000000000, 1.069999999999988300 ) ) ;
#1841 = FACE_OUTER_BOUND ( 'NONE', #3766, .T. ) ;
#1842 = CIRCLE ( 'NONE', #1901, 0.04999999999999984300 ) ;
#1843 =( BOUNDED_CURVE ( )  B_SPLINE_CURVE ( 3, ( #1840, #1839, #1838, #1837 ),
 .UNSPECIFIED., .F., .T. ) 
 B_SPLINE_CURVE_WITH_KNOTS ( ( 4, 4 ),
 ( 3.141592653589793100, 3.173901339085154000 ),
 .UNSPECIFIED. ) 
 CURVE ( )  GEOMETRIC_REPRESENTATION_ITEM ( )  RATIONAL_B_SPLINE_CURVE ( ( 1.000000000000000000, 0.9999130142951575500, 0.9999130142951575500, 1.000000000000000000 ) ) 
 REPRESENTATION_ITEM ( '' )  );
#1844 = DIRECTION ( 'NONE',  ( 0.0000000000000000000, 0.0000000000000000000, -1.000000000000000000 ) ) ;
#1845 = DIRECTION ( 'NONE',  ( -0.0000000000000000000, -1.000000000000000000, -0.0000000000000000000 ) ) ;
#1846 = AXIS2_PLACEMENT_3D ( 'NONE', #1810, #1845, #1844 ) ;
#1847 = SURFACE_STYLE_FILL_AREA ( #1851 ) ;
#1848 = DIRECTION ( 'NONE',  ( 0.0000000000000000000, -1.000000000000000000, 0.0000000000000000000 ) ) ;
#1849 = VECTOR ( 'NONE', #1848, 1000.000000000000000 ) ;
#1850 = CARTESIAN_POINT ( 'NONE',  ( -1.511964852404975800, -3.011083217501431700, -0.2870258808285186500 ) ) ;
#1851 = FILL_AREA_STYLE ('',( #1896 ) ) ;
#1852 = DIRECTION ( 'NONE',  ( 0.1710878697460321600, 0.1710878697460316800, -0.9702875252478153600 ) ) ;
#1853 = FACE_OUTER_BOUND ( 'NONE', #3788, .T. ) ;
#1854 = DIRECTION ( 'NONE',  ( -0.9848077530122086900, 0.0000000000000000000, -0.1736481776669263300 ) ) ;
#1855 =( GEOMETRIC_REPRESENTATION_CONTEXT ( 3 ) GLOBAL_UNCERTAINTY_ASSIGNED_CONTEXT ( ( #1856 ) ) GLOBAL_UNIT_ASSIGNED_CONTEXT ( ( #1859, #1858, #1857 ) ) REPRESENTATION_CONTEXT ( 'NONE', 'WORKASPACE' ) );
#1856 = UNCERTAINTY_MEASURE_WITH_UNIT (LENGTH_MEASURE( 1.000000000000000100E-005 ), #1859, 'distance_accuracy_value', 'NONE');
#1857 =( NAMED_UNIT ( * ) SI_UNIT ( $, .STERADIAN. ) SOLID_ANGLE_UNIT ( ) );
#1858 =( NAMED_UNIT ( * ) PLANE_ANGLE_UNIT ( ) SI_UNIT ( $, .RADIAN. ) );
#1859 =( LENGTH_UNIT ( ) NAMED_UNIT ( * ) SI_UNIT ( .MILLI., .METRE. ) );
#1860 = CARTESIAN_POINT ( 'NONE',  ( 1.749999999999999800, 3.199999999999999700, 0.7749999999999999100 ) ) ;
#1861 = CARTESIAN_POINT ( 'NONE',  ( 1.750000000000042400, 3.203279416277074400, 0.7750454144220367800 ) ) ;
#1862 = CARTESIAN_POINT ( 'NONE',  ( 1.749674200216849300, 3.206574959930222200, 0.7750582655735192000 ) ) ;
#1863 = CARTESIAN_POINT ( 'NONE',  ( 1.749031965309374700, 3.209791137722464200, 0.7750753998661145100 ) ) ;
#1864 = CARTESIAN_POINT ( 'NONE',  ( 1.747941134735240900, 3.215253788579331800, 0.7751045023175874300 ) ) ;
#1865 = CARTESIAN_POINT ( 'NONE',  ( 1.745896490577139900, 3.220604018598710400, 0.7751481599731497900 ) ) ;
#1866 = CARTESIAN_POINT ( 'NONE',  ( 1.743067360617898100, 3.225400835604520700, 0.7752818871755878800 ) ) ;
#1867 = CARTESIAN_POINT ( 'NONE',  ( 1.740234272465180900, 3.230204363765368600, 0.7754158014737576600 ) ) ;
#1868 = CARTESIAN_POINT ( 'NONE',  ( 1.736536146459031200, 3.234584797531958200, 0.7756411322126806100 ) ) ;
#1869 = CARTESIAN_POINT ( 'NONE',  ( 1.732284749180228200, 3.238179771743289900, 0.7759875220364711400 ) ) ;
#1870 = CARTESIAN_POINT ( 'NONE',  ( 1.728021484024215200, 3.241784781411135400, 0.7763348788157415900 ) ) ;
#1871 = MECHANICAL_DESIGN_GEOMETRIC_PRESENTATION_REPRESENTATION (  '', ( #1873 ), #1855 ) ;
#1872 = PRESENTATION_LAYER_ASSIGNMENT (  '', '', ( #1873 ) ) ;
#1873 = STYLED_ITEM ( 'NONE', ( #1874 ), #3763 ) ;
#1874 = PRESENTATION_STYLE_ASSIGNMENT (( #1875 ) ) ;
#1875 = SURFACE_STYLE_USAGE ( .BOTH. , #1827 ) ;
#1876 = CARTESIAN_POINT ( 'NONE',  ( -1.580207957427501200, -3.079326322523956900, 0.1000000000000000500 ) ) ;
#1877 = SURFACE_SIDE_STYLE ('',( #1878 ) ) ;
#1878 = SURFACE_STYLE_FILL_AREA ( #1879 ) ;
#1879 = FILL_AREA_STYLE ('',( #1897 ) ) ;
#1880 =( GEOMETRIC_REPRESENTATION_CONTEXT ( 3 ) GLOBAL_UNCERTAINTY_ASSIGNED_CONTEXT ( ( #1881 ) ) GLOBAL_UNIT_ASSIGNED_CONTEXT ( ( #1884, #1883, #1882 ) ) REPRESENTATION_CONTEXT ( 'NONE', 'WORKASPACE' ) );
#1881 = UNCERTAINTY_MEASURE_WITH_UNIT (LENGTH_MEASURE( 1.000000000000000100E-005 ), #1884, 'distance_accuracy_value', 'NONE');
#1882 =( NAMED_UNIT ( * ) SI_UNIT ( $, .STERADIAN. ) SOLID_ANGLE_UNIT ( ) );
#1883 =( NAMED_UNIT ( * ) PLANE_ANGLE_UNIT ( ) SI_UNIT ( $, .RADIAN. ) );
#1884 =( LENGTH_UNIT ( ) NAMED_UNIT ( * ) SI_UNIT ( .MILLI., .METRE. ) );
#1885 = MECHANICAL_DESIGN_GEOMETRIC_PRESENTATION_REPRESENTATION (  '', ( #1887 ), #1880 ) ;
#1886 = PRESENTATION_LAYER_ASSIGNMENT (  '', '', ( #1887 ) ) ;
#1887 = STYLED_ITEM ( 'NONE', ( #1888 ), #3773 ) ;
#1888 = PRESENTATION_STYLE_ASSIGNMENT (( #1889 ) ) ;
#1889 = SURFACE_STYLE_USAGE ( .BOTH. , #1781 ) ;
#1890 = COLOUR_RGB ( '',0.09411764705882352800, 0.09411764705882352800, 0.09411764705882352800 ) ;
#1891 = DIRECTION ( 'NONE',  ( 0.9848077530122071300, 0.0000000000000000000, -0.1736481776669354900 ) ) ;
#1892 = DIRECTION ( 'NONE',  ( 0.1710878697460400900, 0.1710878697460277700, 0.9702875252478145900 ) ) ;
#1893 = CARTESIAN_POINT ( 'NONE',  ( -1.580207957427496300, -3.079326322523956000, 1.750000000000000400 ) ) ;
#1894 = AXIS2_PLACEMENT_3D ( 'NONE', #1893, #1892, #1891 ) ;
#1895 = CIRCLE ( 'NONE', #1894, 0.04999999999999991300 ) ;
#1896 = FILL_AREA_STYLE_COLOUR ( '', #1890 ) ;
#1897 = FILL_AREA_STYLE_COLOUR ( '', #1898 ) ;
#1898 = COLOUR_RGB ( '',0.09411764705882352800, 0.09411764705882352800, 0.09411764705882352800 ) ;
#1899 = DIRECTION ( 'NONE',  ( 0.0000000000000000000, 0.9848077530122084600, 0.1736481776669276100 ) ) ;
#1900 = DIRECTION ( 'NONE',  ( 0.1710878697460314600, 0.1710878697460324300, -0.9702875252478152500 ) ) ;
#1901 = AXIS2_PLACEMENT_3D ( 'NONE', #1876, #1900, #1899 ) ;
#1902 =( LENGTH_UNIT ( ) NAMED_UNIT ( * ) SI_UNIT ( .MILLI., .METRE. ) );
#1903 = FACE_OUTER_BOUND ( 'NONE', #3674, .T. ) ;
#1904 = FACE_OUTER_BOUND ( 'NONE', #3874, .T. ) ;
#1905 = COLOUR_RGB ( '',0.09411764705882352800, 0.09411764705882352800, 0.09411764705882352800 ) ;
#1906 = CARTESIAN_POINT ( 'NONE',  ( -1.750000000000000000, -3.199999999999997500, 0.7750000000000002400 ) ) ;
#1907 = CARTESIAN_POINT ( 'NONE',  ( -1.750000000000000000, -3.205593391238395400, 0.7750768731497798000 ) ) ;
#1908 = CARTESIAN_POINT ( 'NONE',  ( -1.749034636517727800, -3.211264694380346000, 0.7750699577455867400 ) ) ;
#1909 = CARTESIAN_POINT ( 'NONE',  ( -1.747183888289025800, -3.216543297311258900, 0.7751237177176271100 ) ) ;
#1910 = CARTESIAN_POINT ( 'NONE',  ( -1.745333034944174700, -3.221822200048707300, 0.7751774807430496000 ) ) ;
#1911 = CARTESIAN_POINT ( 'NONE',  ( -1.742545120822284000, -3.226854456429298200, 0.7752862639639061000 ) ) ;
#1912 = CARTESIAN_POINT ( 'NONE',  ( -1.739054574151282400, -3.231220830191747800, 0.7755012681095421200 ) ) ;
#1913 = CARTESIAN_POINT ( 'NONE',  ( -1.735573360012126400, -3.235575529759284800, 0.7757156974073892200 ) ) ;
#1914 = CARTESIAN_POINT ( 'NONE',  ( -1.731297091269638600, -3.239387983622708400, 0.7760400513115303100 ) ) ;
#1915 = CARTESIAN_POINT ( 'NONE',  ( -1.726587760909226800, -3.242344904886346900, 0.7764950945260563600 ) ) ;
#1916 = CARTESIAN_POINT ( 'NONE',  ( -1.721885962015754500, -3.245297097249475900, 0.7769494100059229900 ) ) ;
#1917 = CARTESIAN_POINT ( 'NONE',  ( -1.716623160296446600, -3.247477589945547900, 0.7775440121054687500 ) ) ;
#1918 = CARTESIAN_POINT ( 'NONE',  ( -1.711246318097693100, -3.248718788257154400, 0.7783041106910437700 ) ) ;
#1919 = CARTESIAN_POINT ( 'NONE',  ( -1.708081812007401300, -3.249449287585783900, 0.7787514618526292200 ) ) ;
#1920 = CARTESIAN_POINT ( 'NONE',  ( -1.704838194106027100, -3.249869737529508000, 0.7792612448190920900 ) ) ;
#1921 = PRESENTATION_STYLE_ASSIGNMENT (( #1922 ) ) ;
#1922 = SURFACE_STYLE_USAGE ( .BOTH. , #1923 ) ;
#1923 = SURFACE_SIDE_STYLE ('',( #1932 ) ) ;
#1924 = CARTESIAN_POINT ( 'NONE',  ( 1.702226737037504600, 3.201345102133960300, 1.057997113545834400 ) ) ;
#1925 = AXIS2_PLACEMENT_3D ( 'NONE', #2014, #2013, #2015 ) ;
#1926 = DIRECTION ( 'NONE',  ( 0.0000000000000000000, -0.9848077530122086900, -0.1736481776669270800 ) ) ;
#1927 = DIRECTION ( 'NONE',  ( -0.1710878697460316600, -0.1710878697460324300, 0.9702875252478151400 ) ) ;
#1928 = CARTESIAN_POINT ( 'NONE',  ( 1.580207957427501900, 3.079326322523956900, 1.750000000000000000 ) ) ;
#1929 = CARTESIAN_POINT ( 'NONE',  ( -1.701615153243946500, -3.249973905991012200, 0.7798520135212418900 ) ) ;
#1930 = AXIS2_PLACEMENT_3D ( 'NONE', #1953, #1952, #1951 ) ;
#1931 = B_SPLINE_CURVE_WITH_KNOTS ( 'NONE', 3,
 ( #1929, #1920, #1919, #1918, #1917, #1916, #1915, #1914, #1913, #1912, #1911, #1910, #1909, #1908, #1907, #1906 ),
 .UNSPECIFIED., .F., .F.,
 ( 4, 3, 3, 3, 3, 4 ),
 ( 0.0000000000000000000, 9.835174636860438300E-006, 2.670282118442371300E-005, 4.359928940089507400E-005, 6.054187110790416900E-005, 7.748224670846733600E-005 ),
 .UNSPECIFIED. ) ;
#1932 = SURFACE_STYLE_FILL_AREA ( #1933 ) ;
#1933 = FILL_AREA_STYLE ('',( #1936 ) ) ;
#1934 = AXIS2_PLACEMENT_3D ( 'NONE', #1928, #1927, #1926 ) ;
#1935 = CYLINDRICAL_SURFACE ( 'NONE', #1925, 0.04999999999999991300 ) ;
#1936 = FILL_AREA_STYLE_COLOUR ( '', #1937 ) ;
#1937 = COLOUR_RGB ( '',0.8784313725490196000, 0.8784313725490196000, 0.8784313725490196000 ) ;
#1938 = PLANE ( 'NONE',  #1930 ) ;
#1939 = CIRCLE ( 'NONE', #1934, 0.04999999999999983600 ) ;
#1940 = CIRCLE ( 'NONE', #2007, 0.04999999999999991300 ) ;
#1941 =( NAMED_UNIT ( * ) PLANE_ANGLE_UNIT ( ) SI_UNIT ( $, .RADIAN. ) );
#1942 =( LENGTH_UNIT ( ) NAMED_UNIT ( * ) SI_UNIT ( .MILLI., .METRE. ) );
#1943 = MECHANICAL_DESIGN_GEOMETRIC_PRESENTATION_REPRESENTATION (  '', ( #1945 ), #1984 ) ;
#1944 = PRESENTATION_LAYER_ASSIGNMENT (  '', '', ( #1945 ) ) ;
#1945 = STYLED_ITEM ( 'NONE', ( #1946 ), #3799 ) ;
#1946 = PRESENTATION_STYLE_ASSIGNMENT (( #1947 ) ) ;
#1947 = SURFACE_STYLE_USAGE ( .BOTH. , #1948 ) ;
#1948 = SURFACE_SIDE_STYLE ('',( #1949 ) ) ;
#1949 = SURFACE_STYLE_FILL_AREA ( #1950 ) ;
#1950 = FILL_AREA_STYLE ('',( #1955 ) ) ;
#1951 = DIRECTION ( 'NONE',  ( -0.06975647374411854400, 0.0000000000000000000, -0.9975640502598246400 ) ) ;
#1952 = DIRECTION ( 'NONE',  ( 0.9975640502598247500, 0.0000000000000000000, -0.06975647374411855800 ) ) ;
#1953 = CARTESIAN_POINT ( 'NONE',  ( 3.510457904722255100, 4.336808689942017700E-016, 0.1495550051774663400 ) ) ;
#1954 = FACE_OUTER_BOUND ( 'NONE', #3784, .T. ) ;
#1955 = FILL_AREA_STYLE_COLOUR ( '', #1905 ) ;
#1956 =( GEOMETRIC_REPRESENTATION_CONTEXT ( 3 ) GLOBAL_UNCERTAINTY_ASSIGNED_CONTEXT ( ( #1957 ) ) GLOBAL_UNIT_ASSIGNED_CONTEXT ( ( #1960, #1959, #1958 ) ) REPRESENTATION_CONTEXT ( 'NONE', 'WORKASPACE' ) );
#1957 = UNCERTAINTY_MEASURE_WITH_UNIT (LENGTH_MEASURE( 1.000000000000000100E-005 ), #1960, 'distance_accuracy_value', 'NONE');
#1958 =( NAMED_UNIT ( * ) SI_UNIT ( $, .STERADIAN. ) SOLID_ANGLE_UNIT ( ) );
#1959 =( NAMED_UNIT ( * ) PLANE_ANGLE_UNIT ( ) SI_UNIT ( $, .RADIAN. ) );
#1960 =( LENGTH_UNIT ( ) NAMED_UNIT ( * ) SI_UNIT ( .MILLI., .METRE. ) );
#1961 = MECHANICAL_DESIGN_GEOMETRIC_PRESENTATION_REPRESENTATION (  '', ( #1963 ), #1956 ) ;
#1962 = PRESENTATION_LAYER_ASSIGNMENT (  '', '', ( #1963 ) ) ;
#1963 = STYLED_ITEM ( 'NONE', ( #1921 ), #3797 ) ;
#1964 =( GEOMETRIC_REPRESENTATION_CONTEXT ( 3 ) GLOBAL_UNCERTAINTY_ASSIGNED_CONTEXT ( ( #1965 ) ) GLOBAL_UNIT_ASSIGNED_CONTEXT ( ( #1968, #1967, #1966 ) ) REPRESENTATION_CONTEXT ( 'NONE', 'WORKASPACE' ) );
#1965 = UNCERTAINTY_MEASURE_WITH_UNIT (LENGTH_MEASURE( 1.000000000000000100E-005 ), #1968, 'distance_accuracy_value', 'NONE');
#1966 =( NAMED_UNIT ( * ) SI_UNIT ( $, .STERADIAN. ) SOLID_ANGLE_UNIT ( ) );
#1967 =( NAMED_UNIT ( * ) PLANE_ANGLE_UNIT ( ) SI_UNIT ( $, .RADIAN. ) );
#1968 =( LENGTH_UNIT ( ) NAMED_UNIT ( * ) SI_UNIT ( .MILLI., .METRE. ) );
#1969 = MECHANICAL_DESIGN_GEOMETRIC_PRESENTATION_REPRESENTATION (  '', ( #1971 ), #1964 ) ;
#1970 = PRESENTATION_LAYER_ASSIGNMENT (  '', '', ( #1971 ) ) ;
#1971 = STYLED_ITEM ( 'NONE', ( #1972 ), #3801 ) ;
#1972 = PRESENTATION_STYLE_ASSIGNMENT (( #1973 ) ) ;
#1973 = SURFACE_STYLE_USAGE ( .BOTH. , #1974 ) ;
#1974 = SURFACE_SIDE_STYLE ('',( #1975 ) ) ;
#1975 = SURFACE_STYLE_FILL_AREA ( #1978 ) ;
#1976 = DIRECTION ( 'NONE',  ( 0.0000000000000000000, -0.9848077530122086900, -0.1736481776669270800 ) ) ;
#1977 = DIRECTION ( 'NONE',  ( -0.1710878697460316000, -0.1710878697460321600, 0.9702875252478153600 ) ) ;
#1978 = FILL_AREA_STYLE ('',( #1979 ) ) ;
#1979 = FILL_AREA_STYLE_COLOUR ( '', #1980 ) ;
#1980 = COLOUR_RGB ( '',0.09411764705882352800, 0.09411764705882352800, 0.09411764705882352800 ) ;
#1981 = CARTESIAN_POINT ( 'NONE',  ( -1.750000000000000000, -3.199999999999997500, 1.075000000000000200 ) ) ;
#1982 = CYLINDRICAL_SURFACE ( 'NONE', #1983, 0.04999999999999983600 ) ;
#1983 = AXIS2_PLACEMENT_3D ( 'NONE', #1924, #1977, #1976 ) ;
#1984 =( GEOMETRIC_REPRESENTATION_CONTEXT ( 3 ) GLOBAL_UNCERTAINTY_ASSIGNED_CONTEXT ( ( #1985 ) ) GLOBAL_UNIT_ASSIGNED_CONTEXT ( ( #1942, #1941, #1986 ) ) REPRESENTATION_CONTEXT ( 'NONE', 'WORKASPACE' ) );
#1985 = UNCERTAINTY_MEASURE_WITH_UNIT (LENGTH_MEASURE( 1.000000000000000100E-005 ), #1942, 'distance_accuracy_value', 'NONE');
#1986 =( NAMED_UNIT ( * ) SI_UNIT ( $, .STERADIAN. ) SOLID_ANGLE_UNIT ( ) );
#1987 = CARTESIAN_POINT ( 'NONE',  ( 1.750000000000000000, -3.199999999999997500, 1.074999999999999700 ) ) ;
#1988 = CIRCLE ( 'NONE', #2039, 0.04999999999999991300 ) ;
#1989 = DIRECTION ( 'NONE',  ( -0.0000000000000000000, -1.000000000000000000, -0.0000000000000000000 ) ) ;
#1990 = VECTOR ( 'NONE', #1989, 1000.000000000000000 ) ;
#1991 = CYLINDRICAL_SURFACE ( 'NONE', #2002, 0.04999999999999989200 ) ;
#1992 = CARTESIAN_POINT ( 'NONE',  ( 1.750000000000000000, -3.199877977445842800, 1.074999999999999700 ) ) ;
#1993 = DIRECTION ( 'NONE',  ( -0.0000000000000000000, 0.0000000000000000000, 1.000000000000000000 ) ) ;
#1994 = VECTOR ( 'NONE', #1993, 1000.000000000000000 ) ;
#1995 = CARTESIAN_POINT ( 'NONE',  ( -1.750000000000000000, -3.199999999999999300, 1.069999999999982500 ) ) ;
#1996 = LINE ( 'NONE', #2044, #2043 ) ;
#1997 = CARTESIAN_POINT ( 'NONE',  ( -1.580207957427501400, -3.079326322523956900, 0.1000000000000000300 ) ) ;
#1998 = CARTESIAN_POINT ( 'NONE',  ( -1.750000000000000000, 3.250000000000000000, 1.075000000000000200 ) ) ;
#1999 = FILL_AREA_STYLE_COLOUR ( '', #2040 ) ;
#2000 = DIRECTION ( 'NONE',  ( -0.0000000000000000000, -1.000000000000000000, -0.0000000000000000000 ) ) ;
#2001 = VECTOR ( 'NONE', #2000, 1000.000000000000000 ) ;
#2002 = AXIS2_PLACEMENT_3D ( 'NONE', #2033, #2077, #2076 ) ;
#2003 = CARTESIAN_POINT ( 'NONE',  ( 1.749999999999999800, -3.199999999999997500, 0.7749999999999999100 ) ) ;
#2004 = DIRECTION ( 'NONE',  ( 0.0000000000000000000, 0.0000000000000000000, -1.000000000000000000 ) ) ;
#2005 = DIRECTION ( 'NONE',  ( 1.000000000000000000, 0.0000000000000000000, 0.0000000000000000000 ) ) ;
#2006 = CARTESIAN_POINT ( 'NONE',  ( 1.580207957427501900, 3.079326322523956900, 1.750000000000000000 ) ) ;
#2007 = AXIS2_PLACEMENT_3D ( 'NONE', #2006, #2005, #2004 ) ;
#2008 = CARTESIAN_POINT ( 'NONE',  ( -1.750000000000000000, 3.250000000000000000, 0.7750000000000002400 ) ) ;
#2009 = CARTESIAN_POINT ( 'NONE',  ( -1.750000000000000000, -3.199999999999997500, 0.7750000000000002400 ) ) ;
#2010 = LINE ( 'NONE', #1995, #1994 ) ;
#2011 = LINE ( 'NONE', #1998, #1990 ) ;
#2012 = LINE ( 'NONE', #2008, #2001 ) ;
#2013 = DIRECTION ( 'NONE',  ( -1.000000000000000000, 4.753691803391211100E-035, 1.336736460226353200E-016 ) ) ;
#2014 = CARTESIAN_POINT ( 'NONE',  ( 1.622162938986366100, 3.079326322523956900, 1.750000000000000000 ) ) ;
#2015 = DIRECTION ( 'NONE',  ( 0.0000000000000000000, 0.0000000000000000000, 1.000000000000000000 ) ) ;
#2016 =( GEOMETRIC_REPRESENTATION_CONTEXT ( 3 ) GLOBAL_UNCERTAINTY_ASSIGNED_CONTEXT ( ( #2017 ) ) GLOBAL_UNIT_ASSIGNED_CONTEXT ( ( #2020, #2019, #2018 ) ) REPRESENTATION_CONTEXT ( 'NONE', 'WORKASPACE' ) );
#2017 = UNCERTAINTY_MEASURE_WITH_UNIT (LENGTH_MEASURE( 1.000000000000000100E-005 ), #2020, 'distance_accuracy_value', 'NONE');
#2018 =( NAMED_UNIT ( * ) SI_UNIT ( $, .STERADIAN. ) SOLID_ANGLE_UNIT ( ) );
#2019 =( NAMED_UNIT ( * ) PLANE_ANGLE_UNIT ( ) SI_UNIT ( $, .RADIAN. ) );
#2020 =( LENGTH_UNIT ( ) NAMED_UNIT ( * ) SI_UNIT ( .MILLI., .METRE. ) );
#2021 = MECHANICAL_DESIGN_GEOMETRIC_PRESENTATION_REPRESENTATION (  '', ( #2023 ), #2016 ) ;
#2022 = PRESENTATION_LAYER_ASSIGNMENT (  '', '', ( #2023 ) ) ;
#2023 = STYLED_ITEM ( 'NONE', ( #2024 ), #3827 ) ;
#2024 = PRESENTATION_STYLE_ASSIGNMENT (( #2025 ) ) ;
#2025 = SURFACE_STYLE_USAGE ( .BOTH. , #2026 ) ;
#2026 = SURFACE_SIDE_STYLE ('',( #2027 ) ) ;
#2027 = SURFACE_STYLE_FILL_AREA ( #2041 ) ;
#2028 = CARTESIAN_POINT ( 'NONE',  ( -1.750000000000000000, -3.199877977445842800, 1.075000000000000200 ) ) ;
#2029 = CIRCLE ( 'NONE', #2063, 0.04999999999999991300 ) ;
#2030 = DIRECTION ( 'NONE',  ( 0.0000000000000000000, 0.0000000000000000000, -1.000000000000000000 ) ) ;
#2031 = DIRECTION ( 'NONE',  ( 0.0000000000000000000, -1.000000000000000000, -0.0000000000000000000 ) ) ;
#2032 = FACE_OUTER_BOUND ( 'NONE', #3875, .T. ) ;
#2033 = CARTESIAN_POINT ( 'NONE',  ( 1.702226737037504600, 3.201345102133960300, 0.7920028864541657200 ) ) ;
#2034 = AXIS2_PLACEMENT_3D ( 'NONE', #1997, #2031, #2030 ) ;
#2035 = CIRCLE ( 'NONE', #2034, 0.05000000000000000300 ) ;
#2036 = DIRECTION ( 'NONE',  ( 0.9848077530122071300, 0.0000000000000000000, -0.1736481776669354900 ) ) ;
#2037 = DIRECTION ( 'NONE',  ( 0.1710878697460407300, -0.1710878697460321600, 0.9702875252478138100 ) ) ;
#2038 = CARTESIAN_POINT ( 'NONE',  ( -1.580207957427496500, 3.079326322523956900, 1.750000000000000400 ) ) ;
#2039 = AXIS2_PLACEMENT_3D ( 'NONE', #2038, #2037, #2036 ) ;
#2040 = COLOUR_RGB ( '',0.09411764705882352800, 0.09411764705882352800, 0.09411764705882352800 ) ;
#2041 = FILL_AREA_STYLE ('',( #1999 ) ) ;
#2042 = DIRECTION ( 'NONE',  ( -0.0000000000000000000, -1.000000000000000000, -0.0000000000000000000 ) ) ;
#2043 = VECTOR ( 'NONE', #2042, 1000.000000000000000 ) ;
#2044 = CARTESIAN_POINT ( 'NONE',  ( -1.750000000000000000, 3.250000000000000000, 1.075000000000000200 ) ) ;
#2045 = CARTESIAN_POINT ( 'NONE',  ( -1.750000000000000000, -2.679999999999997900, 1.075000000000000200 ) ) ;
#2046 = CARTESIAN_POINT ( 'NONE',  ( -1.708081812007401500, -3.249449287585783900, 1.071248538147370400 ) ) ;
#2047 = CARTESIAN_POINT ( 'NONE',  ( -1.711246318097692900, -3.248718788257154400, 1.071695889308956100 ) ) ;
#2048 = CARTESIAN_POINT ( 'NONE',  ( -1.716623160296446600, -3.247477589945547900, 1.072455987894531200 ) ) ;
#2049 = CARTESIAN_POINT ( 'NONE',  ( -1.721885962015754500, -3.245297097249475900, 1.073050589994077200 ) ) ;
#2050 = CARTESIAN_POINT ( 'NONE',  ( -1.726587760909226800, -3.242344904886346900, 1.073504905473944100 ) ) ;
#2051 = CARTESIAN_POINT ( 'NONE',  ( -1.731297091269638600, -3.239387983622708400, 1.073959948688470100 ) ) ;
#2052 = CARTESIAN_POINT ( 'NONE',  ( -1.735573360012126400, -3.235575529759284800, 1.074284302592611900 ) ) ;
#2053 = CARTESIAN_POINT ( 'NONE',  ( -1.739054574151282400, -3.231220830191747800, 1.074498731890459100 ) ) ;
#2054 = CARTESIAN_POINT ( 'NONE',  ( -1.742545120822284000, -3.226854456429298200, 1.074713736036095400 ) ) ;
#2055 = CARTESIAN_POINT ( 'NONE',  ( -1.745333034944174700, -3.221822200048707300, 1.074822519256952000 ) ) ;
#2056 = CARTESIAN_POINT ( 'NONE',  ( -1.747183888289025800, -3.216543297311258900, 1.074876282282374800 ) ) ;
#2057 = CARTESIAN_POINT ( 'NONE',  ( -1.749034636517727800, -3.211264694380346000, 1.074930042254415500 ) ) ;
#2058 = CARTESIAN_POINT ( 'NONE',  ( -1.750000000000000000, -3.205593391238395400, 1.074923126850222800 ) ) ;
#2059 = CARTESIAN_POINT ( 'NONE',  ( -1.750000000000000000, -3.199999999999997500, 1.075000000000000200 ) ) ;
#2060 = DIRECTION ( 'NONE',  ( 8.673617379884051200E-015, 0.0000000000000000000, 1.000000000000000000 ) ) ;
#2061 = DIRECTION ( 'NONE',  ( 1.000000000000000000, -1.529392764415392000E-015, -8.673617379884051200E-015 ) ) ;
#2062 = CARTESIAN_POINT ( 'NONE',  ( -1.580207957427496800, -3.079326322523956900, 1.750000000000000400 ) ) ;
#2063 = AXIS2_PLACEMENT_3D ( 'NONE', #2062, #2061, #2060 ) ;
#2064 =( NAMED_UNIT ( * ) PLANE_ANGLE_UNIT ( ) SI_UNIT ( $, .RADIAN. ) );
#2065 = CYLINDRICAL_SURFACE ( 'NONE', #2066, 0.05000000000000000300 ) ;
#2066 = AXIS2_PLACEMENT_3D ( 'NONE', #2088, #2121, #2120 ) ;
#2067 = B_SPLINE_CURVE_WITH_KNOTS ( 'NONE', 3,
 ( #2059, #2058, #2057, #2056, #2055, #2054, #2053, #2052, #2051, #2050, #2049, #2048, #2047, #2046, #2106, #2105 ),
 .UNSPECIFIED., .F., .F.,
 ( 4, 3, 3, 3, 3, 4 ),
 ( 0.0000000000000000000, 1.678172435675043100E-005, 3.356563415915745200E-005, 5.030386233645899700E-005, 6.701353876765301300E-005, 7.675660430811219900E-005 ),
 .UNSPECIFIED. ) ;
#2068 = COLOUR_RGB ( '',0.7529411764705882200, 0.7529411764705882200, 0.7529411764705882200 ) ;
#2069 = FACE_OUTER_BOUND ( 'NONE', #3807, .T. ) ;
#2070 = DIRECTION ( 'NONE',  ( 0.0000000000000000000, 0.0000000000000000000, 1.000000000000000000 ) ) ;
#2071 = DIRECTION ( 'NONE',  ( 1.000000000000000000, -0.0000000000000000000, -0.0000000000000000000 ) ) ;
#2072 = AXIS2_PLACEMENT_3D ( 'NONE', #2075, #2071, #2070 ) ;
#2073 = FILL_AREA_STYLE ('',( #2074 ) ) ;
#2074 = FILL_AREA_STYLE_COLOUR ( '', #2068 ) ;
#2075 = CARTESIAN_POINT ( 'NONE',  ( -1.580207957427501400, 3.079326322523956400, 0.1000000000000000500 ) ) ;
#2076 = DIRECTION ( 'NONE',  ( 0.9848077530122075800, 0.0000000000000000000, -0.1736481776669334100 ) ) ;
#2077 = DIRECTION ( 'NONE',  ( 0.1710878697460392600, 0.1710878697460320500, 0.9702875252478139200 ) ) ;
#2078 = CIRCLE ( 'NONE', #2072, 0.04999999999999999600 ) ;
#2079 =( NAMED_UNIT ( * ) PLANE_ANGLE_UNIT ( ) SI_UNIT ( $, .RADIAN. ) );
#2080 =( LENGTH_UNIT ( ) NAMED_UNIT ( * ) SI_UNIT ( .MILLI., .METRE. ) );
#2081 = MECHANICAL_DESIGN_GEOMETRIC_PRESENTATION_REPRESENTATION (  '', ( #2083 ), #2125 ) ;
#2082 = PRESENTATION_LAYER_ASSIGNMENT (  '', '', ( #2083 ) ) ;
#2083 = STYLED_ITEM ( 'NONE', ( #2084 ), #3843 ) ;
#2084 = PRESENTATION_STYLE_ASSIGNMENT (( #2085 ) ) ;
#2085 = SURFACE_STYLE_USAGE ( .BOTH. , #2086 ) ;
#2086 = SURFACE_SIDE_STYLE ('',( #2087 ) ) ;
#2087 = SURFACE_STYLE_FILL_AREA ( #2090 ) ;
#2088 = CARTESIAN_POINT ( 'NONE',  ( -1.580207957427501400, 3.250000000000000000, 0.1000000000000000500 ) ) ;
#2089 = CARTESIAN_POINT ( 'NONE',  ( 1.749999999999999800, -1.499999999999995800, 0.7749999999999999100 ) ) ;
#2090 = FILL_AREA_STYLE ('',( #2091 ) ) ;
#2091 = FILL_AREA_STYLE_COLOUR ( '', #2092 ) ;
#2092 = COLOUR_RGB ( '',0.09411764705882352800, 0.09411764705882352800, 0.09411764705882352800 ) ;
#2093 =( GEOMETRIC_REPRESENTATION_CONTEXT ( 3 ) GLOBAL_UNCERTAINTY_ASSIGNED_CONTEXT ( ( #2094 ) ) GLOBAL_UNIT_ASSIGNED_CONTEXT ( ( #2097, #2096, #2095 ) ) REPRESENTATION_CONTEXT ( 'NONE', 'WORKASPACE' ) );
#2094 = UNCERTAINTY_MEASURE_WITH_UNIT (LENGTH_MEASURE( 1.000000000000000100E-005 ), #2097, 'distance_accuracy_value', 'NONE');
#2095 =( NAMED_UNIT ( * ) SI_UNIT ( $, .STERADIAN. ) SOLID_ANGLE_UNIT ( ) );
#2096 =( NAMED_UNIT ( * ) PLANE_ANGLE_UNIT ( ) SI_UNIT ( $, .RADIAN. ) );
#2097 =( LENGTH_UNIT ( ) NAMED_UNIT ( * ) SI_UNIT ( .MILLI., .METRE. ) );
#2098 = MECHANICAL_DESIGN_GEOMETRIC_PRESENTATION_REPRESENTATION (  '', ( #2100 ), #2093 ) ;
#2099 = PRESENTATION_LAYER_ASSIGNMENT (  '', '', ( #2100 ) ) ;
#2100 = STYLED_ITEM ( 'NONE', ( #2101 ), #3839 ) ;
#2101 = PRESENTATION_STYLE_ASSIGNMENT (( #2102 ) ) ;
#2102 = SURFACE_STYLE_USAGE ( .BOTH. , #2103 ) ;
#2103 = SURFACE_SIDE_STYLE ('',( #2104 ) ) ;
#2104 = SURFACE_STYLE_FILL_AREA ( #2073 ) ;
#2105 = CARTESIAN_POINT ( 'NONE',  ( -1.701615153243946700, -3.249973905991012200, 1.070147986478760900 ) ) ;
#2106 = CARTESIAN_POINT ( 'NONE',  ( -1.704838194106027300, -3.249869737529508000, 1.070738755180907100 ) ) ;
#2107 = UNCERTAINTY_MEASURE_WITH_UNIT (LENGTH_MEASURE( 1.000000000000000100E-005 ), #2110, 'distance_accuracy_value', 'NONE');
#2108 =( NAMED_UNIT ( * ) SI_UNIT ( $, .STERADIAN. ) SOLID_ANGLE_UNIT ( ) );
#2109 =( NAMED_UNIT ( * ) PLANE_ANGLE_UNIT ( ) SI_UNIT ( $, .RADIAN. ) );
#2110 =( LENGTH_UNIT ( ) NAMED_UNIT ( * ) SI_UNIT ( .MILLI., .METRE. ) );
#2111 = MECHANICAL_DESIGN_GEOMETRIC_PRESENTATION_REPRESENTATION (  '', ( #2113 ), #794 ) ;
#2112 = PRESENTATION_LAYER_ASSIGNMENT (  '', '', ( #2113 ) ) ;
#2113 = STYLED_ITEM ( 'NONE', ( #2114 ), #3850 ) ;
#2114 = PRESENTATION_STYLE_ASSIGNMENT (( #2115 ) ) ;
#2115 = SURFACE_STYLE_USAGE ( .BOTH. , #2116 ) ;
#2116 = SURFACE_SIDE_STYLE ('',( #2117 ) ) ;
#2117 = SURFACE_STYLE_FILL_AREA ( #2124 ) ;
#2118 = COLOUR_RGB ( '',0.09411764705882352800, 0.09411764705882352800, 0.09411764705882352800 ) ;
#2119 =( NAMED_UNIT ( * ) SI_UNIT ( $, .STERADIAN. ) SOLID_ANGLE_UNIT ( ) );
#2120 = DIRECTION ( 'NONE',  ( 0.0000000000000000000, 0.0000000000000000000, -1.000000000000000000 ) ) ;
#2121 = DIRECTION ( 'NONE',  ( -0.0000000000000000000, -1.000000000000000000, 0.0000000000000000000 ) ) ;
#2122 = FILL_AREA_STYLE_COLOUR ( '', #2118 ) ;
#2123 = FACE_OUTER_BOUND ( 'NONE', #3761, .T. ) ;
#2124 = FILL_AREA_STYLE ('',( #2122 ) ) ;
#2125 =( GEOMETRIC_REPRESENTATION_CONTEXT ( 3 ) GLOBAL_UNCERTAINTY_ASSIGNED_CONTEXT ( ( #2126 ) ) GLOBAL_UNIT_ASSIGNED_CONTEXT ( ( #2080, #2079, #2127 ) ) REPRESENTATION_CONTEXT ( 'NONE', 'WORKASPACE' ) );
#2126 = UNCERTAINTY_MEASURE_WITH_UNIT (LENGTH_MEASURE( 1.000000000000000100E-005 ), #2080, 'distance_accuracy_value', 'NONE');
#2127 =( NAMED_UNIT ( * ) SI_UNIT ( $, .STERADIAN. ) SOLID_ANGLE_UNIT ( ) );
#2128 = SURFACE_STYLE_FILL_AREA ( #2141 ) ;
#2129 =( GEOMETRIC_REPRESENTATION_CONTEXT ( 3 ) GLOBAL_UNCERTAINTY_ASSIGNED_CONTEXT ( ( #2130 ) ) GLOBAL_UNIT_ASSIGNED_CONTEXT ( ( #2133, #2132, #2131 ) ) REPRESENTATION_CONTEXT ( 'NONE', 'WORKASPACE' ) );
#2130 = UNCERTAINTY_MEASURE_WITH_UNIT (LENGTH_MEASURE( 1.000000000000000100E-005 ), #2133, 'distance_accuracy_value', 'NONE');
#2131 =( NAMED_UNIT ( * ) SI_UNIT ( $, .STERADIAN. ) SOLID_ANGLE_UNIT ( ) );
#2132 =( NAMED_UNIT ( * ) PLANE_ANGLE_UNIT ( ) SI_UNIT ( $, .RADIAN. ) );
#2133 =( LENGTH_UNIT ( ) NAMED_UNIT ( * ) SI_UNIT ( .MILLI., .METRE. ) );
#2134 = MECHANICAL_DESIGN_GEOMETRIC_PRESENTATION_REPRESENTATION (  '', ( #2136 ), #2129 ) ;
#2135 = PRESENTATION_LAYER_ASSIGNMENT (  '', '', ( #2136 ) ) ;
#2136 = STYLED_ITEM ( 'NONE', ( #2137 ), #3857 ) ;
#2137 = PRESENTATION_STYLE_ASSIGNMENT (( #2138 ) ) ;
#2138 = SURFACE_STYLE_USAGE ( .BOTH. , #2146 ) ;
#2139 = CIRCLE ( 'NONE', #2176, 0.04999999999999991300 ) ;
#2140 = CARTESIAN_POINT ( 'NONE',  ( 1.580207957427496300, 3.079326322523956400, 0.1000000000000000200 ) ) ;
#2141 = FILL_AREA_STYLE ('',( #2169 ) ) ;
#2142 = DIRECTION ( 'NONE',  ( -0.9848077530122078000, 0.0000000000000000000, 0.1736481776669324100 ) ) ;
#2143 = DIRECTION ( 'NONE',  ( -0.1710878697460379300, -0.1710878697460327700, -0.9702875252478140300 ) ) ;
#2144 = CARTESIAN_POINT ( 'NONE',  ( 1.580207957427496100, 3.079326322523956400, 0.1000000000000000300 ) ) ;
#2145 = AXIS2_PLACEMENT_3D ( 'NONE', #2144, #2143, #2142 ) ;
#2146 = SURFACE_SIDE_STYLE ('',( #2147 ) ) ;
#2147 = SURFACE_STYLE_FILL_AREA ( #2156 ) ;
#2148 = AXIS2_PLACEMENT_3D ( 'NONE', #2183, #2182, #2179 ) ;
#2149 = FILL_AREA_STYLE ('',( #2201 ) ) ;
#2150 = FACE_OUTER_BOUND ( 'NONE', #3849, .T. ) ;
#2151 = PLANE ( 'NONE',  #2202 ) ;
#2152 = CIRCLE ( 'NONE', #2145, 0.05000000000000010000 ) ;
#2153 = COLOUR_RGB ( '',0.09411764705882352800, 0.09411764705882352800, 0.09411764705882352800 ) ;
#2154 = FILL_AREA_STYLE_COLOUR ( '', #2153 ) ;
#2155 = CYLINDRICAL_SURFACE ( 'NONE', #2148, 0.04999999999999991300 ) ;
#2156 = FILL_AREA_STYLE ('',( #2154 ) ) ;
#2157 = UNCERTAINTY_MEASURE_WITH_UNIT (LENGTH_MEASURE( 1.000000000000000100E-005 ), #2160, 'distance_accuracy_value', 'NONE');
#2158 =( NAMED_UNIT ( * ) SI_UNIT ( $, .STERADIAN. ) SOLID_ANGLE_UNIT ( ) );
#2159 =( NAMED_UNIT ( * ) PLANE_ANGLE_UNIT ( ) SI_UNIT ( $, .RADIAN. ) );
#2160 =( LENGTH_UNIT ( ) NAMED_UNIT ( * ) SI_UNIT ( .MILLI., .METRE. ) );
#2161 = MECHANICAL_DESIGN_GEOMETRIC_PRESENTATION_REPRESENTATION (  '', ( #2163 ), #2209 ) ;
#2162 = PRESENTATION_LAYER_ASSIGNMENT (  '', '', ( #2163 ) ) ;
#2163 = STYLED_ITEM ( 'NONE', ( #2164 ), #3864 ) ;
#2164 = PRESENTATION_STYLE_ASSIGNMENT (( #2180 ) ) ;
#2165 = CARTESIAN_POINT ( 'NONE',  ( -1.700000000000000200, -3.199999999999999300, 1.075000000000000200 ) ) ;
#2166 = DIRECTION ( 'NONE',  ( -4.336808689942006700E-015, 1.000000000000000000, 0.0000000000000000000 ) ) ;
#2167 = DIRECTION ( 'NONE',  ( 1.000000000000000000, 4.403710954424491800E-015, 0.0000000000000000000 ) ) ;
#2168 = AXIS2_PLACEMENT_3D ( 'NONE', #2140, #2167, #2166 ) ;
#2169 = FILL_AREA_STYLE_COLOUR ( '', #2170 ) ;
#2170 = COLOUR_RGB ( '',0.09411764705882352800, 0.09411764705882352800, 0.09411764705882352800 ) ;
#2171 = CIRCLE ( 'NONE', #2168, 0.05000000000000012800 ) ;
#2172 = AXIS2_PLACEMENT_3D ( 'NONE', #2165, #2207, #2206 ) ;
#2173 = DIRECTION ( 'NONE',  ( 1.000000000000000000, -1.734723475976810200E-014, 0.0000000000000000000 ) ) ;
#2174 = DIRECTION ( 'NONE',  ( -1.761484381769788500E-014, -1.000000000000000000, 0.0000000000000000000 ) ) ;
#2175 = CARTESIAN_POINT ( 'NONE',  ( -1.580207957427496300, -3.079326322523956900, 1.750000000000000400 ) ) ;
#2176 = AXIS2_PLACEMENT_3D ( 'NONE', #2175, #2174, #2173 ) ;
#2177 = CYLINDRICAL_SURFACE ( 'NONE', #2172, 0.04999999999999991300 ) ;
#2178 = FACE_OUTER_BOUND ( 'NONE', #3778, .T. ) ;
#2179 = DIRECTION ( 'NONE',  ( 0.0000000000000000000, 0.0000000000000000000, -1.000000000000000000 ) ) ;
#2180 = SURFACE_STYLE_USAGE ( .BOTH. , #2181 ) ;
#2181 = SURFACE_SIDE_STYLE ('',( #2128 ) ) ;
#2182 = DIRECTION ( 'NONE',  ( 0.0000000000000000000, -1.000000000000000000, 0.0000000000000000000 ) ) ;
#2183 = CARTESIAN_POINT ( 'NONE',  ( -1.580207957427496300, 3.250000000000000000, 1.750000000000000400 ) ) ;
#2184 = COLOUR_RGB ( '',0.09411764705882352800, 0.09411764705882352800, 0.09411764705882352800 ) ;
#2185 = FILL_AREA_STYLE_COLOUR ( '', #2184 ) ;
#2186 = CYLINDRICAL_SURFACE ( 'NONE', #2211, 0.05000000000000000300 ) ;
#2187 =( GEOMETRIC_REPRESENTATION_CONTEXT ( 3 ) GLOBAL_UNCERTAINTY_ASSIGNED_CONTEXT ( ( #2188 ) ) GLOBAL_UNIT_ASSIGNED_CONTEXT ( ( #2191, #2190, #2189 ) ) REPRESENTATION_CONTEXT ( 'NONE', 'WORKASPACE' ) );
#2188 = UNCERTAINTY_MEASURE_WITH_UNIT (LENGTH_MEASURE( 1.000000000000000100E-005 ), #2191, 'distance_accuracy_value', 'NONE');
#2189 =( NAMED_UNIT ( * ) SI_UNIT ( $, .STERADIAN. ) SOLID_ANGLE_UNIT ( ) );
#2190 =( NAMED_UNIT ( * ) PLANE_ANGLE_UNIT ( ) SI_UNIT ( $, .RADIAN. ) );
#2191 =( LENGTH_UNIT ( ) NAMED_UNIT ( * ) SI_UNIT ( .MILLI., .METRE. ) );
#2192 = MECHANICAL_DESIGN_GEOMETRIC_PRESENTATION_REPRESENTATION (  '', ( #2194 ), #2187 ) ;
#2193 = PRESENTATION_LAYER_ASSIGNMENT (  '', '', ( #2194 ) ) ;
#2194 = STYLED_ITEM ( 'NONE', ( #2195 ), #3868 ) ;
#2195 = PRESENTATION_STYLE_ASSIGNMENT (( #2196 ) ) ;
#2196 = SURFACE_STYLE_USAGE ( .BOTH. , #2197 ) ;
#2197 = SURFACE_SIDE_STYLE ('',( #2198 ) ) ;
#2198 = SURFACE_STYLE_FILL_AREA ( #2149 ) ;
#2199 = CARTESIAN_POINT ( 'NONE',  ( -1.749999999999997800, -2.679999999999999700, 0.7750000000000003600 ) ) ;
#2200 = FILL_AREA_STYLE ('',( #2185 ) ) ;
#2201 = FILL_AREA_STYLE_COLOUR ( '', #2205 ) ;
#2202 = AXIS2_PLACEMENT_3D ( 'NONE', #2236, #2235, #2234 ) ;
#2203 = FACE_OUTER_BOUND ( 'NONE', #42, .T. ) ;
#2204 = FACE_OUTER_BOUND ( 'NONE', #3803, .T. ) ;
#2205 = COLOUR_RGB ( '',0.06274509803921568500, 0.06274509803921568500, 0.06274509803921568500 ) ;
#2206 = DIRECTION ( 'NONE',  ( -1.000000000000000000, 0.0000000000000000000, 0.0000000000000000000 ) ) ;
#2207 = DIRECTION ( 'NONE',  ( 0.0000000000000000000, 0.0000000000000000000, -1.000000000000000000 ) ) ;
#2208 = LINE ( 'NONE', #2199, #2231 ) ;
#2209 =( GEOMETRIC_REPRESENTATION_CONTEXT ( 3 ) GLOBAL_UNCERTAINTY_ASSIGNED_CONTEXT ( ( #2157 ) ) GLOBAL_UNIT_ASSIGNED_CONTEXT ( ( #2160, #2159, #2158 ) ) REPRESENTATION_CONTEXT ( 'NONE', 'WORKASPACE' ) );
#2210 = DIRECTION ( 'NONE',  ( 0.1710878697460389800, -0.1710878697460307100, 0.9702875252478143600 ) ) ;
#2211 = AXIS2_PLACEMENT_3D ( 'NONE', #2214, #2213, #2227 ) ;
#2212 = LINE ( 'NONE', #2272, #2271 ) ;
#2213 = DIRECTION ( 'NONE',  ( 1.000000000000000000, 0.0000000000000000000, -0.0000000000000000000 ) ) ;
#2214 = CARTESIAN_POINT ( 'NONE',  ( -1.622162938986365700, 3.079326322523956400, 0.1000000000000000200 ) ) ;
#2215 =( GEOMETRIC_REPRESENTATION_CONTEXT ( 3 ) GLOBAL_UNCERTAINTY_ASSIGNED_CONTEXT ( ( #2216 ) ) GLOBAL_UNIT_ASSIGNED_CONTEXT ( ( #2219, #2218, #2217 ) ) REPRESENTATION_CONTEXT ( 'NONE', 'WORKASPACE' ) );
#2216 = UNCERTAINTY_MEASURE_WITH_UNIT (LENGTH_MEASURE( 1.000000000000000100E-005 ), #2219, 'distance_accuracy_value', 'NONE');
#2217 =( NAMED_UNIT ( * ) SI_UNIT ( $, .STERADIAN. ) SOLID_ANGLE_UNIT ( ) );
#2218 =( NAMED_UNIT ( * ) PLANE_ANGLE_UNIT ( ) SI_UNIT ( $, .RADIAN. ) );
#2219 =( LENGTH_UNIT ( ) NAMED_UNIT ( * ) SI_UNIT ( .MILLI., .METRE. ) );
#2220 = MECHANICAL_DESIGN_GEOMETRIC_PRESENTATION_REPRESENTATION (  '', ( #2222 ), #2215 ) ;
#2221 = PRESENTATION_LAYER_ASSIGNMENT (  '', '', ( #2222 ) ) ;
#2222 = STYLED_ITEM ( 'NONE', ( #2223 ), #3872 ) ;
#2223 = PRESENTATION_STYLE_ASSIGNMENT (( #2224 ) ) ;
#2224 = SURFACE_STYLE_USAGE ( .BOTH. , #2225 ) ;
#2225 = SURFACE_SIDE_STYLE ('',( #2226 ) ) ;
#2226 = SURFACE_STYLE_FILL_AREA ( #2200 ) ;
#2227 = DIRECTION ( 'NONE',  ( 0.0000000000000000000, 0.0000000000000000000, -1.000000000000000000 ) ) ;
#2228 = CARTESIAN_POINT ( 'NONE',  ( -1.759999999999997600, 0.3800000000000001200, 0.7750000000000003600 ) ) ;
#2229 = LINE ( 'NONE', #2228, #2267 ) ;
#2230 = DIRECTION ( 'NONE',  ( -2.168404344971010100E-015, -0.0000000000000000000, -1.000000000000000000 ) ) ;
#2231 = VECTOR ( 'NONE', #2230, 1000.000000000000000 ) ;
#2232 = CIRCLE ( 'NONE', #2265, 0.04999999999999989900 ) ;
#2233 = CARTESIAN_POINT ( 'NONE',  ( 1.580207957427495900, -3.079326322523956900, 0.1000000000000000200 ) ) ;
#2234 = DIRECTION ( 'NONE',  ( 0.0000000000000000000, 0.0000000000000000000, -1.000000000000000000 ) ) ;
#2235 = DIRECTION ( 'NONE',  ( 1.000000000000000000, -0.0000000000000000000, 0.0000000000000000000 ) ) ;
#2236 = CARTESIAN_POINT ( 'NONE',  ( -1.750000000000000000, 3.250000000000000000, 1.075000000000000200 ) ) ;
#2237 = SURFACE_SIDE_STYLE ('',( #2238 ) ) ;
#2238 = SURFACE_STYLE_FILL_AREA ( #2247 ) ;
#2239 = FILL_AREA_STYLE_COLOUR ( '', #2254 ) ;
#2240 = CYLINDRICAL_SURFACE ( 'NONE', #2287, 0.05000000000000011400 ) ;
#2241 = FILL_AREA_STYLE_COLOUR ( '', #2304 ) ;
#2242 = CARTESIAN_POINT ( 'NONE',  ( -1.759999999999997100, -0.3799999999999996700, 1.075000000000000400 ) ) ;
#2243 = LINE ( 'NONE', #2242, #2307 ) ;
#2244 = DIRECTION ( 'NONE',  ( -0.7071067811865512400, 0.0000000000000000000, -0.7071067811865439100 ) ) ;
#2245 = VECTOR ( 'NONE', #2244, 999.9999999999998900 ) ;
#2246 = CARTESIAN_POINT ( 'NONE',  ( -2.188892316906502900, -0.3799999999999996700, 0.8852583560461810800 ) ) ;
#2247 = FILL_AREA_STYLE ('',( #2239 ) ) ;
#2248 = DIRECTION ( 'NONE',  ( -0.7071067811865512400, 0.0000000000000000000, -0.7071067811865439100 ) ) ;
#2249 = VECTOR ( 'NONE', #2248, 999.9999999999998900 ) ;
#2250 = CARTESIAN_POINT ( 'NONE',  ( -2.188892316906503300, 0.3800000000000001200, 0.8852583560461810800 ) ) ;
#2251 = PRESENTATION_STYLE_ASSIGNMENT (( #2252 ) ) ;
#2252 = SURFACE_STYLE_USAGE ( .BOTH. , #2237 ) ;
#2253 = CARTESIAN_POINT ( 'NONE',  ( -1.759999999999997600, 0.3800000000000001200, 0.7750000000000003600 ) ) ;
#2254 = COLOUR_RGB ( '',0.09411764705882352800, 0.09411764705882352800, 0.09411764705882352800 ) ;
#2255 = FACE_OUTER_BOUND ( 'NONE', #3973, .T. ) ;
#2256 = SURFACE_SIDE_STYLE ('',( #2285 ) ) ;
#2257 = DIRECTION ( 'NONE',  ( 0.0000000000000000000, 0.0000000000000000000, -1.000000000000000000 ) ) ;
#2258 = DIRECTION ( 'NONE',  ( 1.000000000000000000, 0.0000000000000000000, -0.0000000000000000000 ) ) ;
#2259 = CARTESIAN_POINT ( 'NONE',  ( 1.580207957427501900, -3.079326322523956900, 1.750000000000000000 ) ) ;
#2260 = AXIS2_PLACEMENT_3D ( 'NONE', #2259, #2258, #2257 ) ;
#2261 = CARTESIAN_POINT ( 'NONE',  ( -2.188892316906503300, 0.0000000000000000000, 0.8852583560461810800 ) ) ;
#2262 = LINE ( 'NONE', #2261, #2303 ) ;
#2263 = DIRECTION ( 'NONE',  ( -0.9848077530122073500, 0.0000000000000000000, 0.1736481776669339100 ) ) ;
#2264 = LINE ( 'NONE', #2246, #2245 ) ;
#2265 = AXIS2_PLACEMENT_3D ( 'NONE', #2233, #2210, #2263 ) ;
#2266 = DIRECTION ( 'NONE',  ( 1.000000000000000000, -0.0000000000000000000, -1.084202172485525100E-014 ) ) ;
#2267 = VECTOR ( 'NONE', #2266, 1000.000000000000000 ) ;
#2268 = CARTESIAN_POINT ( 'NONE',  ( -2.188892316906503300, 0.3800000000000001200, 0.8852583560461810800 ) ) ;
#2269 = CIRCLE ( 'NONE', #2260, 0.04999999999999991300 ) ;
#2270 = DIRECTION ( 'NONE',  ( -0.0000000000000000000, -1.000000000000000000, -0.0000000000000000000 ) ) ;
#2271 = VECTOR ( 'NONE', #2270, 1000.000000000000000 ) ;
#2272 = CARTESIAN_POINT ( 'NONE',  ( -1.759999999999997100, -0.3799999999999996700, 1.075000000000000400 ) ) ;
#2273 = LINE ( 'NONE', #2250, #2249 ) ;
#2274 = CARTESIAN_POINT ( 'NONE',  ( -2.188892316906502900, -0.3799999999999996700, 0.8852583560461810800 ) ) ;
#2275 = MECHANICAL_DESIGN_GEOMETRIC_PRESENTATION_REPRESENTATION (  '', ( #2277 ), #2316 ) ;
#2276 = PRESENTATION_LAYER_ASSIGNMENT (  '', '', ( #2277 ) ) ;
#2277 = STYLED_ITEM ( 'NONE', ( #2278 ), #3906 ) ;
#2278 = PRESENTATION_STYLE_ASSIGNMENT (( #2279 ) ) ;
#2279 = SURFACE_STYLE_USAGE ( .BOTH. , #2256 ) ;
#2280 = AXIS2_PLACEMENT_3D ( 'NONE', #2288, #2309, #2308 ) ;
#2281 = FILL_AREA_STYLE_COLOUR ( '', #2332 ) ;
#2282 = DIRECTION ( 'NONE',  ( 0.9848077530122074700, 0.0000000000000000000, -0.1736481776669337200 ) ) ;
#2283 = DIRECTION ( 'NONE',  ( 0.1710878697460393200, -0.1710878697460314600, 0.9702875252478141400 ) ) ;
#2284 = CIRCLE ( 'NONE', #2311, 0.05000000000000012800 ) ;
#2285 = SURFACE_STYLE_FILL_AREA ( #2300 ) ;
#2286 = FACE_OUTER_BOUND ( 'NONE', #3899, .T. ) ;
#2287 = AXIS2_PLACEMENT_3D ( 'NONE', #2299, #2283, #2282 ) ;
#2288 = CARTESIAN_POINT ( 'NONE',  ( -1.759999999999997600, -0.3799999999999996700, 0.7750000000000004700 ) ) ;
#2289 = PLANE ( 'NONE',  #2280 ) ;
#2290 = AXIS2_PLACEMENT_3D ( 'NONE', #2313, #2312, #2315 ) ;
#2291 =( GEOMETRIC_REPRESENTATION_CONTEXT ( 3 ) GLOBAL_UNCERTAINTY_ASSIGNED_CONTEXT ( ( #2292 ) ) GLOBAL_UNIT_ASSIGNED_CONTEXT ( ( #2295, #2294, #2293 ) ) REPRESENTATION_CONTEXT ( 'NONE', 'WORKASPACE' ) );
#2292 = UNCERTAINTY_MEASURE_WITH_UNIT (LENGTH_MEASURE( 1.000000000000000100E-005 ), #2295, 'distance_accuracy_value', 'NONE');
#2293 =( NAMED_UNIT ( * ) SI_UNIT ( $, .STERADIAN. ) SOLID_ANGLE_UNIT ( ) );
#2294 =( NAMED_UNIT ( * ) PLANE_ANGLE_UNIT ( ) SI_UNIT ( $, .RADIAN. ) );
#2295 =( LENGTH_UNIT ( ) NAMED_UNIT ( * ) SI_UNIT ( .MILLI., .METRE. ) );
#2296 = MECHANICAL_DESIGN_GEOMETRIC_PRESENTATION_REPRESENTATION (  '', ( #2298 ), #2291 ) ;
#2297 = PRESENTATION_LAYER_ASSIGNMENT (  '', '', ( #2298 ) ) ;
#2298 = STYLED_ITEM ( 'NONE', ( #2251 ), #3903 ) ;
#2299 = CARTESIAN_POINT ( 'NONE',  ( 1.511964852404968300, -3.011083217501432600, -0.2870258808285161600 ) ) ;
#2300 = FILL_AREA_STYLE ('',( #2241 ) ) ;
#2301 = CYLINDRICAL_SURFACE ( 'NONE', #2290, 0.2796052631578845900 ) ;
#2302 = DIRECTION ( 'NONE',  ( -0.0000000000000000000, 1.000000000000000000, 0.0000000000000000000 ) ) ;
#2303 = VECTOR ( 'NONE', #2302, 1000.000000000000000 ) ;
#2304 = COLOUR_RGB ( '',0.8784313725490196000, 0.8784313725490196000, 0.8784313725490196000 ) ;
#2305 = CARTESIAN_POINT ( 'NONE',  ( -2.400000000000000400, -2.679999999999999700, 0.2499999999999999400 ) ) ;
#2306 = DIRECTION ( 'NONE',  ( 1.000000000000000000, -0.0000000000000000000, -1.084202172485525100E-014 ) ) ;
#2307 = VECTOR ( 'NONE', #2306, 1000.000000000000000 ) ;
#2308 = DIRECTION ( 'NONE',  ( 0.0000000000000000000, -0.0000000000000000000, -1.000000000000000000 ) ) ;
#2309 = DIRECTION ( 'NONE',  ( 0.0000000000000000000, -1.000000000000000000, 0.0000000000000000000 ) ) ;
#2310 = CARTESIAN_POINT ( 'NONE',  ( -2.400000000000000400, -1.919999999999999900, 0.2499999999999999400 ) ) ;
#2311 = AXIS2_PLACEMENT_3D ( 'NONE', #2347, #2346, #2345 ) ;
#2312 = DIRECTION ( 'NONE',  ( 0.0000000000000000000, -1.000000000000000000, -0.0000000000000000000 ) ) ;
#2313 = CARTESIAN_POINT ( 'NONE',  ( -1.759999999999999800, 0.0000000000000000000, 0.4953947368421158800 ) ) ;
#2314 = FACE_OUTER_BOUND ( 'NONE', #3981, .T. ) ;
#2315 = DIRECTION ( 'NONE',  ( 0.0000000000000000000, 0.0000000000000000000, -1.000000000000000000 ) ) ;
#2316 =( GEOMETRIC_REPRESENTATION_CONTEXT ( 3 ) GLOBAL_UNCERTAINTY_ASSIGNED_CONTEXT ( ( #2317 ) ) GLOBAL_UNIT_ASSIGNED_CONTEXT ( ( #2320, #2319, #2318 ) ) REPRESENTATION_CONTEXT ( 'NONE', 'WORKASPACE' ) );
#2317 = UNCERTAINTY_MEASURE_WITH_UNIT (LENGTH_MEASURE( 1.000000000000000100E-005 ), #2320, 'distance_accuracy_value', 'NONE');
#2318 =( NAMED_UNIT ( * ) SI_UNIT ( $, .STERADIAN. ) SOLID_ANGLE_UNIT ( ) );
#2319 =( NAMED_UNIT ( * ) PLANE_ANGLE_UNIT ( ) SI_UNIT ( $, .RADIAN. ) );
#2320 =( LENGTH_UNIT ( ) NAMED_UNIT ( * ) SI_UNIT ( .MILLI., .METRE. ) );
#2321 = UNCERTAINTY_MEASURE_WITH_UNIT (LENGTH_MEASURE( 1.000000000000000100E-005 ), #2324, 'distance_accuracy_value', 'NONE');
#2322 =( NAMED_UNIT ( * ) SI_UNIT ( $, .STERADIAN. ) SOLID_ANGLE_UNIT ( ) );
#2323 =( NAMED_UNIT ( * ) PLANE_ANGLE_UNIT ( ) SI_UNIT ( $, .RADIAN. ) );
#2324 =( LENGTH_UNIT ( ) NAMED_UNIT ( * ) SI_UNIT ( .MILLI., .METRE. ) );
#2325 = MECHANICAL_DESIGN_GEOMETRIC_PRESENTATION_REPRESENTATION (  '', ( #2327 ), #777 ) ;
#2326 = PRESENTATION_LAYER_ASSIGNMENT (  '', '', ( #2327 ) ) ;
#2327 = STYLED_ITEM ( 'NONE', ( #2328 ), #3926 ) ;
#2328 = PRESENTATION_STYLE_ASSIGNMENT (( #2329 ) ) ;
#2329 = SURFACE_STYLE_USAGE ( .BOTH. , #2330 ) ;
#2330 = SURFACE_SIDE_STYLE ('',( #2331 ) ) ;
#2331 = SURFACE_STYLE_FILL_AREA ( #2334 ) ;
#2332 = COLOUR_RGB ( '',0.8784313725490196000, 0.8784313725490196000, 0.8784313725490196000 ) ;
#2333 = DIRECTION ( 'NONE',  ( -0.06975647374411812800, 0.0000000000000000000, 0.9975640502598247500 ) ) ;
#2334 = FILL_AREA_STYLE ('',( #2281 ) ) ;
#2335 = DIRECTION ( 'NONE',  ( 0.0000000000000000000, 0.0000000000000000000, 1.000000000000000000 ) ) ;
#2336 = DIRECTION ( 'NONE',  ( -0.0000000000000000000, 1.000000000000000000, 0.0000000000000000000 ) ) ;
#2337 = AXIS2_PLACEMENT_3D ( 'NONE', #2341, #2336, #2335 ) ;
#2338 = VECTOR ( 'NONE', #2333, 1000.000000000000100 ) ;
#2339 = CARTESIAN_POINT ( 'NONE',  ( -3.506378420924862300, -0.3799999999999996700, 0.09121566889128197900 ) ) ;
#2340 = LINE ( 'NONE', #2339, #2338 ) ;
#2341 = CARTESIAN_POINT ( 'NONE',  ( -2.840486486979171900, -1.919999999999999900, 0.6279325065563682300 ) ) ;
#2342 = UNCERTAINTY_MEASURE_WITH_UNIT (LENGTH_MEASURE( 1.000000000000000100E-005 ), #1902, 'distance_accuracy_value', 'NONE');
#2343 = FACE_OUTER_BOUND ( 'NONE', #3880, .T. ) ;
#2344 = CIRCLE ( 'NONE', #2337, 0.5803975574752460200 ) ;
#2345 = DIRECTION ( 'NONE',  ( 4.336808689942006700E-015, -1.000000000000000000, 1.897353801849628000E-015 ) ) ;
#2346 = DIRECTION ( 'NONE',  ( 1.000000000000000000, 4.403710954424491800E-015, 0.0000000000000000000 ) ) ;
#2347 = CARTESIAN_POINT ( 'NONE',  ( -1.580207957427501400, -3.079326322523956900, 0.1000000000000000200 ) ) ;
#2348 = FILL_AREA_STYLE ('',( #2350 ) ) ;
#2349 = VECTOR ( 'NONE', #2357, 1000.000000000000000 ) ;
#2350 = FILL_AREA_STYLE_COLOUR ( '', #2355 ) ;
#2351 = FACE_OUTER_BOUND ( 'NONE', #4055, .T. ) ;
#2352 = DIRECTION ( 'NONE',  ( 0.0000000000000000000, 0.0000000000000000000, 1.000000000000000000 ) ) ;
#2353 = DIRECTION ( 'NONE',  ( -0.0000000000000000000, 1.000000000000000000, 0.0000000000000000000 ) ) ;
#2354 = CARTESIAN_POINT ( 'NONE',  ( -2.840486486979171900, -2.679999999999999700, 0.6279325065563682300 ) ) ;
#2355 = COLOUR_RGB ( '',0.8784313725490196000, 0.8784313725490196000, 0.8784313725490196000 ) ;
#2356 = CYLINDRICAL_SURFACE ( 'NONE', #2396, 0.2807111581834856300 ) ;
#2357 = DIRECTION ( 'NONE',  ( 0.0000000000000000000, -1.000000000000000000, 0.0000000000000000000 ) ) ;
#2358 = CARTESIAN_POINT ( 'NONE',  ( -2.620168280221450100, -2.299999999999999800, 0.4539823927312388000 ) ) ;
#2359 = LINE ( 'NONE', #2422, #2417 ) ;
#2360 = AXIS2_PLACEMENT_3D ( 'NONE', #2392, #2391, #2390 ) ;
#2361 = DIRECTION ( 'NONE',  ( 0.0000000000000000000, 1.000000000000000000, -1.426581805901979900E-016 ) ) ;
#2362 = VECTOR ( 'NONE', #2361, 1000.000000000000000 ) ;
#2363 = SURFACE_STYLE_FILL_AREA ( #2348 ) ;
#2364 = FACE_OUTER_BOUND ( 'NONE', #3941, .T. ) ;
#2365 = CARTESIAN_POINT ( 'NONE',  ( -2.620168280221450100, -1.919999999999999900, 0.4539823927312388000 ) ) ;
#2366 = DIRECTION ( 'NONE',  ( 0.0000000000000000000, 0.0000000000000000000, -1.000000000000000000 ) ) ;
#2367 = DIRECTION ( 'NONE',  ( 0.0000000000000000000, -1.000000000000000000, -0.0000000000000000000 ) ) ;
#2368 = AXIS2_PLACEMENT_3D ( 'NONE', #2380, #2367, #2366 ) ;
#2369 = CIRCLE ( 'NONE', #2368, 0.2796052631578846400 ) ;
#2370 = AXIS2_PLACEMENT_3D ( 'NONE', #2354, #2353, #2352 ) ;
#2371 = PLANE ( 'NONE',  #2360 ) ;
#2372 = DIRECTION ( 'NONE',  ( 0.0000000000000000000, 0.0000000000000000000, -1.000000000000000000 ) ) ;
#2373 = DIRECTION ( 'NONE',  ( 0.0000000000000000000, -1.000000000000000000, -0.0000000000000000000 ) ) ;
#2374 = CARTESIAN_POINT ( 'NONE',  ( -1.759999999999999800, 0.3800000000000001200, 0.4953947368421158800 ) ) ;
#2375 = AXIS2_PLACEMENT_3D ( 'NONE', #2374, #2373, #2372 ) ;
#2376 = CIRCLE ( 'NONE', #2375, 0.2796052631578845300 ) ;
#2377 = COLOUR_RGB ( '',0.8784313725490196000, 0.8784313725490196000, 0.8784313725490196000 ) ;
#2378 = CARTESIAN_POINT ( 'NONE',  ( -1.759999999999997600, -0.3799999999999996700, 0.7750000000000004700 ) ) ;
#2379 = LINE ( 'NONE', #2358, #2349 ) ;
#2380 = CARTESIAN_POINT ( 'NONE',  ( -1.759999999999999800, -0.3799999999999996700, 0.4953947368421158800 ) ) ;
#2381 = CIRCLE ( 'NONE', #2370, 0.2807111581834858500 ) ;
#2382 = LINE ( 'NONE', #2378, #2362 ) ;
#2383 =( LENGTH_UNIT ( ) NAMED_UNIT ( * ) SI_UNIT ( .MILLI., .METRE. ) );
#2384 = MECHANICAL_DESIGN_GEOMETRIC_PRESENTATION_REPRESENTATION (  '', ( #2386 ), #2432 ) ;
#2385 = PRESENTATION_LAYER_ASSIGNMENT (  '', '', ( #2386 ) ) ;
#2386 = STYLED_ITEM ( 'NONE', ( #2387 ), #3938 ) ;
#2387 = PRESENTATION_STYLE_ASSIGNMENT (( #2388 ) ) ;
#2388 = SURFACE_STYLE_USAGE ( .BOTH. , #2409 ) ;
#2389 = CARTESIAN_POINT ( 'NONE',  ( -2.620168280221449700, -2.679999999999999700, 0.4539823927312385800 ) ) ;
#2390 = DIRECTION ( 'NONE',  ( -0.7071067811865512400, 0.0000000000000000000, -0.7071067811865439100 ) ) ;
#2391 = DIRECTION ( 'NONE',  ( 0.7071067811865439100, 0.0000000000000000000, -0.7071067811865512400 ) ) ;
#2392 = CARTESIAN_POINT ( 'NONE',  ( -1.969999999999995500, -2.299999999999999800, 0.6800000000000000500 ) ) ;
#2393 = AXIS2_PLACEMENT_3D ( 'NONE', #2424, #2468, #2467 ) ;
#2394 = CARTESIAN_POINT ( 'NONE',  ( -2.840486486979171900, -2.299999999999999800, 0.6279325065563682300 ) ) ;
#2395 = CARTESIAN_POINT ( 'NONE',  ( -2.840486486979171900, -2.679999999999999700, 0.6279325065563682300 ) ) ;
#2396 = AXIS2_PLACEMENT_3D ( 'NONE', #2394, #2429, #2431 ) ;
#2397 = FILL_AREA_STYLE_COLOUR ( '', #2377 ) ;
#2398 =( GEOMETRIC_REPRESENTATION_CONTEXT ( 3 ) GLOBAL_UNCERTAINTY_ASSIGNED_CONTEXT ( ( #2399 ) ) GLOBAL_UNIT_ASSIGNED_CONTEXT ( ( #2402, #2401, #2400 ) ) REPRESENTATION_CONTEXT ( 'NONE', 'WORKASPACE' ) );
#2399 = UNCERTAINTY_MEASURE_WITH_UNIT (LENGTH_MEASURE( 1.000000000000000100E-005 ), #2402, 'distance_accuracy_value', 'NONE');
#2400 =( NAMED_UNIT ( * ) SI_UNIT ( $, .STERADIAN. ) SOLID_ANGLE_UNIT ( ) );
#2401 =( NAMED_UNIT ( * ) PLANE_ANGLE_UNIT ( ) SI_UNIT ( $, .RADIAN. ) );
#2402 =( LENGTH_UNIT ( ) NAMED_UNIT ( * ) SI_UNIT ( .MILLI., .METRE. ) );
#2403 = MECHANICAL_DESIGN_GEOMETRIC_PRESENTATION_REPRESENTATION (  '', ( #2405 ), #2398 ) ;
#2404 = PRESENTATION_LAYER_ASSIGNMENT (  '', '', ( #2405 ) ) ;
#2405 = STYLED_ITEM ( 'NONE', ( #2406 ), #3936 ) ;
#2406 = PRESENTATION_STYLE_ASSIGNMENT (( #2407 ) ) ;
#2407 = SURFACE_STYLE_USAGE ( .BOTH. , #2408 ) ;
#2408 = SURFACE_SIDE_STYLE ('',( #2363 ) ) ;
#2409 = SURFACE_SIDE_STYLE ('',( #2410 ) ) ;
#2410 = SURFACE_STYLE_FILL_AREA ( #2411 ) ;
#2411 = FILL_AREA_STYLE ('',( #2397 ) ) ;
#2412 = CARTESIAN_POINT ( 'NONE',  ( -1.759999999999997600, 0.3800000000000001200, 0.7750000000000003600 ) ) ;
#2413 = DIRECTION ( 'NONE',  ( 0.0000000000000000000, -1.000000000000000000, -0.0000000000000000000 ) ) ;
#2414 = AXIS2_PLACEMENT_3D ( 'NONE', #2446, #2472, #2469 ) ;
#2415 = COLOUR_RGB ( '',0.09411764705882352800, 0.09411764705882352800, 0.09411764705882352800 ) ;
#2416 = CIRCLE ( 'NONE', #2456, 0.5796052631578845200 ) ;
#2417 = VECTOR ( 'NONE', #2421, 1000.000000000000000 ) ;
#2418 = DIRECTION ( 'NONE',  ( 0.0000000000000000000, 0.0000000000000000000, 1.000000000000000000 ) ) ;
#2419 = AXIS2_PLACEMENT_3D ( 'NONE', #2395, #2427, #2418 ) ;
#2420 = CIRCLE ( 'NONE', #2393, 0.2807111581834854100 ) ;
#2421 = DIRECTION ( 'NONE',  ( 0.0000000000000000000, 1.000000000000000000, 0.0000000000000000000 ) ) ;
#2422 = CARTESIAN_POINT ( 'NONE',  ( -2.400000000000000400, -2.299999999999999800, 0.2499999999999999400 ) ) ;
#2423 = CIRCLE ( 'NONE', #2419, 0.5803975574752460200 ) ;
#2424 = CARTESIAN_POINT ( 'NONE',  ( -2.840486486979171900, -1.919999999999999900, 0.6279325065563682300 ) ) ;
#2425 = SURFACE_STYLE_FILL_AREA ( #2426 ) ;
#2426 = FILL_AREA_STYLE ('',( #2466 ) ) ;
#2427 = DIRECTION ( 'NONE',  ( -0.0000000000000000000, 1.000000000000000000, 0.0000000000000000000 ) ) ;
#2428 = PLANE ( 'NONE',  #2465 ) ;
#2429 = DIRECTION ( 'NONE',  ( -0.0000000000000000000, 1.000000000000000000, 0.0000000000000000000 ) ) ;
#2430 = FACE_OUTER_BOUND ( 'NONE', #3979, .T. ) ;
#2431 = DIRECTION ( 'NONE',  ( 0.0000000000000000000, 0.0000000000000000000, 1.000000000000000000 ) ) ;
#2432 =( GEOMETRIC_REPRESENTATION_CONTEXT ( 3 ) GLOBAL_UNCERTAINTY_ASSIGNED_CONTEXT ( ( #2433 ) ) GLOBAL_UNIT_ASSIGNED_CONTEXT ( ( #2383, #2435, #2434 ) ) REPRESENTATION_CONTEXT ( 'NONE', 'WORKASPACE' ) );
#2433 = UNCERTAINTY_MEASURE_WITH_UNIT (LENGTH_MEASURE( 1.000000000000000100E-005 ), #2383, 'distance_accuracy_value', 'NONE');
#2434 =( NAMED_UNIT ( * ) SI_UNIT ( $, .STERADIAN. ) SOLID_ANGLE_UNIT ( ) );
#2435 =( NAMED_UNIT ( * ) PLANE_ANGLE_UNIT ( ) SI_UNIT ( $, .RADIAN. ) );
#2436 = UNCERTAINTY_MEASURE_WITH_UNIT (LENGTH_MEASURE( 1.000000000000000100E-005 ), #2439, 'distance_accuracy_value', 'NONE');
#2437 =( NAMED_UNIT ( * ) SI_UNIT ( $, .STERADIAN. ) SOLID_ANGLE_UNIT ( ) );
#2438 =( NAMED_UNIT ( * ) PLANE_ANGLE_UNIT ( ) SI_UNIT ( $, .RADIAN. ) );
#2439 =( LENGTH_UNIT ( ) NAMED_UNIT ( * ) SI_UNIT ( .MILLI., .METRE. ) );
#2440 = MECHANICAL_DESIGN_GEOMETRIC_PRESENTATION_REPRESENTATION (  '', ( #2442 ), #2491 ) ;
#2441 = PRESENTATION_LAYER_ASSIGNMENT (  '', '', ( #2442 ) ) ;
#2442 = STYLED_ITEM ( 'NONE', ( #2443 ), #3963 ) ;
#2443 = PRESENTATION_STYLE_ASSIGNMENT (( #2450 ) ) ;
#2444 = FILL_AREA_STYLE ('',( #2445 ) ) ;
#2445 = FILL_AREA_STYLE_COLOUR ( '', #2415 ) ;
#2446 = CARTESIAN_POINT ( 'NONE',  ( 1.511964852404976000, -3.011083217501430800, 2.137025880828522100 ) ) ;
#2447 = PLANE ( 'NONE',  #2485 ) ;
#2448 = DIRECTION ( 'NONE',  ( 0.9848077530122086900, 0.0000000000000000000, 0.1736481776669263300 ) ) ;
#2449 = DIRECTION ( 'NONE',  ( 0.1710878697460331300, -0.1710878697460323800, -0.9702875252478149200 ) ) ;
#2450 = SURFACE_STYLE_USAGE ( .BOTH. , #2451 ) ;
#2451 = SURFACE_SIDE_STYLE ('',( #2425 ) ) ;
#2452 = CARTESIAN_POINT ( 'NONE',  ( 1.580207957427501900, -3.079326322523956900, 1.750000000000000000 ) ) ;
#2453 = COLOUR_RGB ( '',0.8784313725490196000, 0.8784313725490196000, 0.8784313725490196000 ) ;
#2454 = AXIS2_PLACEMENT_3D ( 'NONE', #2488, #2487, #2486 ) ;
#2455 = DIRECTION ( 'NONE',  ( 0.0000000000000000000, 0.0000000000000000000, -1.000000000000000000 ) ) ;
#2456 = AXIS2_PLACEMENT_3D ( 'NONE', #2464, #2413, #2455 ) ;
#2457 = PLANE ( 'NONE',  #2454 ) ;
#2458 = AXIS2_PLACEMENT_3D ( 'NONE', #2452, #2449, #2448 ) ;
#2459 = CIRCLE ( 'NONE', #2458, 0.05000000000000005100 ) ;
#2460 = FACE_OUTER_BOUND ( 'NONE', #4024, .T. ) ;
#2461 = DIRECTION ( 'NONE',  ( 0.0000000000000000000, 0.0000000000000000000, 1.000000000000000000 ) ) ;
#2462 = DIRECTION ( 'NONE',  ( 0.0000000000000000000, 1.000000000000000000, -0.0000000000000000000 ) ) ;
#2463 = FILL_AREA_STYLE ('',( #2470 ) ) ;
#2464 = CARTESIAN_POINT ( 'NONE',  ( -1.759999999999999800, 0.3800000000000001200, 0.4953947368421158800 ) ) ;
#2465 = AXIS2_PLACEMENT_3D ( 'NONE', #2412, #2462, #2461 ) ;
#2466 = FILL_AREA_STYLE_COLOUR ( '', #2453 ) ;
#2467 = DIRECTION ( 'NONE',  ( 0.0000000000000000000, 0.0000000000000000000, 1.000000000000000000 ) ) ;
#2468 = DIRECTION ( 'NONE',  ( -0.0000000000000000000, 1.000000000000000000, 0.0000000000000000000 ) ) ;
#2469 = DIRECTION ( 'NONE',  ( 0.0000000000000000000, -0.9848077530122086900, 0.1736481776669270800 ) ) ;
#2470 = FILL_AREA_STYLE_COLOUR ( '', #2471 ) ;
#2471 = COLOUR_RGB ( '',0.8784313725490196000, 0.8784313725490196000, 0.8784313725490196000 ) ;
#2472 = DIRECTION ( 'NONE',  ( -0.1710878697460316000, 0.1710878697460321600, 0.9702875252478153600 ) ) ;
#2473 =( GEOMETRIC_REPRESENTATION_CONTEXT ( 3 ) GLOBAL_UNCERTAINTY_ASSIGNED_CONTEXT ( ( #2474 ) ) GLOBAL_UNIT_ASSIGNED_CONTEXT ( ( #2477, #2476, #2475 ) ) REPRESENTATION_CONTEXT ( 'NONE', 'WORKASPACE' ) );
#2474 = UNCERTAINTY_MEASURE_WITH_UNIT (LENGTH_MEASURE( 1.000000000000000100E-005 ), #2477, 'distance_accuracy_value', 'NONE');
#2475 =( NAMED_UNIT ( * ) SI_UNIT ( $, .STERADIAN. ) SOLID_ANGLE_UNIT ( ) );
#2476 =( NAMED_UNIT ( * ) PLANE_ANGLE_UNIT ( ) SI_UNIT ( $, .RADIAN. ) );
#2477 =( LENGTH_UNIT ( ) NAMED_UNIT ( * ) SI_UNIT ( .MILLI., .METRE. ) );
#2478 = MECHANICAL_DESIGN_GEOMETRIC_PRESENTATION_REPRESENTATION (  '', ( #2480 ), #2473 ) ;
#2479 = PRESENTATION_LAYER_ASSIGNMENT (  '', '', ( #2480 ) ) ;
#2480 = STYLED_ITEM ( 'NONE', ( #2481 ), #3971 ) ;
#2481 = PRESENTATION_STYLE_ASSIGNMENT (( #2482 ) ) ;
#2482 = SURFACE_STYLE_USAGE ( .BOTH. , #2483 ) ;
#2483 = SURFACE_SIDE_STYLE ('',( #2484 ) ) ;
#2484 = SURFACE_STYLE_FILL_AREA ( #2444 ) ;
#2485 = AXIS2_PLACEMENT_3D ( 'NONE', #2496, #2495, #2494 ) ;
#2486 = DIRECTION ( 'NONE',  ( -1.000000000000000000, 0.0000000000000000000, 1.084202172485525100E-014 ) ) ;
#2487 = DIRECTION ( 'NONE',  ( -1.084202172485525100E-014, -1.426581805901979900E-016, -1.000000000000000000 ) ) ;
#2488 = CARTESIAN_POINT ( 'NONE',  ( -1.759999999999997600, -0.3799999999999996700, 0.7750000000000004700 ) ) ;
#2489 = CYLINDRICAL_SURFACE ( 'NONE', #2414, 0.04999999999999983600 ) ;
#2490 = FACE_OUTER_BOUND ( 'NONE', #49, .T. ) ;
#2491 =( GEOMETRIC_REPRESENTATION_CONTEXT ( 3 ) GLOBAL_UNCERTAINTY_ASSIGNED_CONTEXT ( ( #2436 ) ) GLOBAL_UNIT_ASSIGNED_CONTEXT ( ( #2439, #2438, #2437 ) ) REPRESENTATION_CONTEXT ( 'NONE', 'WORKASPACE' ) );
#2492 = SURFACE_SIDE_STYLE ('',( #2493 ) ) ;
#2493 = SURFACE_STYLE_FILL_AREA ( #2570 ) ;
#2494 = DIRECTION ( 'NONE',  ( 1.000000000000000000, 0.0000000000000000000, -1.084202172485525100E-014 ) ) ;
#2495 = DIRECTION ( 'NONE',  ( 1.084202172485525100E-014, -0.0000000000000000000, 1.000000000000000000 ) ) ;
#2496 = CARTESIAN_POINT ( 'NONE',  ( -1.759999999999997100, -0.3799999999999996700, 1.075000000000000400 ) ) ;
#2497 = CIRCLE ( 'NONE', #2549, 0.04999999999999991300 ) ;
#2498 =( GEOMETRIC_REPRESENTATION_CONTEXT ( 3 ) GLOBAL_UNCERTAINTY_ASSIGNED_CONTEXT ( ( #2499 ) ) GLOBAL_UNIT_ASSIGNED_CONTEXT ( ( #2502, #2501, #2500 ) ) REPRESENTATION_CONTEXT ( 'NONE', 'WORKASPACE' ) );
#2499 = UNCERTAINTY_MEASURE_WITH_UNIT (LENGTH_MEASURE( 1.000000000000000100E-005 ), #2502, 'distance_accuracy_value', 'NONE');
#2500 =( NAMED_UNIT ( * ) SI_UNIT ( $, .STERADIAN. ) SOLID_ANGLE_UNIT ( ) );
#2501 =( NAMED_UNIT ( * ) PLANE_ANGLE_UNIT ( ) SI_UNIT ( $, .RADIAN. ) );
#2502 =( LENGTH_UNIT ( ) NAMED_UNIT ( * ) SI_UNIT ( .MILLI., .METRE. ) );
#2503 = MECHANICAL_DESIGN_GEOMETRIC_PRESENTATION_REPRESENTATION (  '', ( #2505 ), #2498 ) ;
#2504 = PRESENTATION_LAYER_ASSIGNMENT (  '', '', ( #2505 ) ) ;
#2505 = STYLED_ITEM ( 'NONE', ( #2506 ), #3976 ) ;
#2506 = PRESENTATION_STYLE_ASSIGNMENT (( #2507 ) ) ;
#2507 = SURFACE_STYLE_USAGE ( .BOTH. , #2508 ) ;
#2508 = SURFACE_SIDE_STYLE ('',( #2509 ) ) ;
#2509 = SURFACE_STYLE_FILL_AREA ( #2463 ) ;
#2510 = SURFACE_STYLE_FILL_AREA ( #2511 ) ;
#2511 = FILL_AREA_STYLE ('',( #2512 ) ) ;
#2512 = FILL_AREA_STYLE_COLOUR ( '', #2551 ) ;
#2513 = FACE_OUTER_BOUND ( 'NONE', #3964, .T. ) ;
#2514 = FACE_OUTER_BOUND ( 'NONE', #53, .T. ) ;
#2515 = CARTESIAN_POINT ( 'NONE',  ( -1.759999999999997100, 0.3800000000000001200, 1.075000000000000400 ) ) ;
#2516 = CARTESIAN_POINT ( 'NONE',  ( -1.759999999999997100, -0.3799999999999996700, 1.075000000000000400 ) ) ;
#2517 = CYLINDRICAL_SURFACE ( 'NONE', #2558, 0.04999999999999991300 ) ;
#2518 =( NAMED_UNIT ( * ) SI_UNIT ( $, .STERADIAN. ) SOLID_ANGLE_UNIT ( ) );
#2519 =( NAMED_UNIT ( * ) PLANE_ANGLE_UNIT ( ) SI_UNIT ( $, .RADIAN. ) );
#2520 =( LENGTH_UNIT ( ) NAMED_UNIT ( * ) SI_UNIT ( .MILLI., .METRE. ) );
#2521 = MECHANICAL_DESIGN_GEOMETRIC_PRESENTATION_REPRESENTATION (  '', ( #2523 ), #2574 ) ;
#2522 = PRESENTATION_LAYER_ASSIGNMENT (  '', '', ( #2523 ) ) ;
#2523 = STYLED_ITEM ( 'NONE', ( #2524 ), #3989 ) ;
#2524 = PRESENTATION_STYLE_ASSIGNMENT (( #2525 ) ) ;
#2525 = SURFACE_STYLE_USAGE ( .BOTH. , #2526 ) ;
#2526 = SURFACE_SIDE_STYLE ('',( #2510 ) ) ;
#2527 = CARTESIAN_POINT ( 'NONE',  ( 1.580207957427501900, -3.079326322523956900, 1.750000000000000000 ) ) ;
#2528 = PRESENTATION_STYLE_ASSIGNMENT (( #2529 ) ) ;
#2529 = SURFACE_STYLE_USAGE ( .BOTH. , #2492 ) ;
#2530 = DIRECTION ( 'NONE',  ( 1.000000000000000000, 0.0000000000000000000, 0.0000000000000000000 ) ) ;
#2531 = DIRECTION ( 'NONE',  ( 7.228014483236699500E-016, 0.0000000000000000000, 1.000000000000000000 ) ) ;
#2532 = CARTESIAN_POINT ( 'NONE',  ( 1.701615153243946500, -3.249973905991012200, 1.070147986478760200 ) ) ;
#2533 = CARTESIAN_POINT ( 'NONE',  ( 1.704838194106027100, -3.249869737529508000, 1.070738755180909300 ) ) ;
#2534 = CARTESIAN_POINT ( 'NONE',  ( 1.708081812007401500, -3.249449287585783900, 1.071248538147372000 ) ) ;
#2535 = CARTESIAN_POINT ( 'NONE',  ( 1.711246318097693100, -3.248718788257154400, 1.071695889308957400 ) ) ;
#2536 = CARTESIAN_POINT ( 'NONE',  ( 1.716623160296446600, -3.247477589945547900, 1.072455987894532300 ) ) ;
#2537 = CARTESIAN_POINT ( 'NONE',  ( 1.721885962015754500, -3.245297097249475900, 1.073050589994078100 ) ) ;
#2538 = CARTESIAN_POINT ( 'NONE',  ( 1.726587760909226800, -3.242344904886346900, 1.073504905473944700 ) ) ;
#2539 = CARTESIAN_POINT ( 'NONE',  ( 1.731297091269638600, -3.239387983622708400, 1.073959948688470800 ) ) ;
#2540 = CARTESIAN_POINT ( 'NONE',  ( 1.735573360012126400, -3.235575529759284800, 1.074284302592612100 ) ) ;
#2541 = CARTESIAN_POINT ( 'NONE',  ( 1.739054574151282400, -3.231220830191747800, 1.074498731890458900 ) ) ;
#2542 = CARTESIAN_POINT ( 'NONE',  ( 1.742545120822284000, -3.226854456429298200, 1.074713736036094800 ) ) ;
#2543 = CARTESIAN_POINT ( 'NONE',  ( 1.745333034944174700, -3.221822200048707300, 1.074822519256951600 ) ) ;
#2544 = CARTESIAN_POINT ( 'NONE',  ( 1.747183888289025800, -3.216543297311258900, 1.074876282282374100 ) ) ;
#2545 = CARTESIAN_POINT ( 'NONE',  ( 1.749034636517727800, -3.211264694380346000, 1.074930042254414600 ) ) ;
#2546 = CARTESIAN_POINT ( 'NONE',  ( 1.750000000000000000, -3.205593391238395400, 1.074923126850221300 ) ) ;
#2547 = DIRECTION ( 'NONE',  ( 0.0000000000000000000, 8.673617379884051200E-015, -1.000000000000000000 ) ) ;
#2548 = DIRECTION ( 'NONE',  ( 1.529392764415384900E-015, -1.000000000000000000, -8.673617379884049700E-015 ) ) ;
#2549 = AXIS2_PLACEMENT_3D ( 'NONE', #2555, #2548, #2547 ) ;
#2550 = FACE_OUTER_BOUND ( 'NONE', #3884, .T. ) ;
#2551 = COLOUR_RGB ( '',0.09411764705882352800, 0.09411764705882352800, 0.09411764705882352800 ) ;
#2552 = CARTESIAN_POINT ( 'NONE',  ( 1.750000000000000000, -3.199999999999997500, 1.074999999999999700 ) ) ;
#2553 = AXIS2_PLACEMENT_3D ( 'NONE', #2527, #2573, #2569 ) ;
#2554 = B_SPLINE_CURVE_WITH_KNOTS ( 'NONE', 3,
 ( #2552, #2546, #2545, #2544, #2543, #2542, #2541, #2540, #2539, #2538, #2537, #2536, #2535, #2534, #2533, #2532 ),
 .UNSPECIFIED., .F., .F.,
 ( 4, 3, 3, 3, 3, 4 ),
 ( 0.0000000000000000000, 1.678172435675046500E-005, 3.356563415915753400E-005, 5.030386233645907900E-005, 6.701353876765285000E-005, 7.675660430811256500E-005 ),
 .UNSPECIFIED. ) ;
#2555 = CARTESIAN_POINT ( 'NONE',  ( 1.580207957427501900, -3.079326322523956400, 1.750000000000000000 ) ) ;
#2556 = SPHERICAL_SURFACE ( 'NONE', #2553, 0.05000000000000000300 ) ;
#2557 = CARTESIAN_POINT ( 'NONE',  ( 1.700000000000000200, -3.199999999999999300, 1.074999999999999700 ) ) ;
#2558 = AXIS2_PLACEMENT_3D ( 'NONE', #2557, #2531, #2530 ) ;
#2559 =( GEOMETRIC_REPRESENTATION_CONTEXT ( 3 ) GLOBAL_UNCERTAINTY_ASSIGNED_CONTEXT ( ( #2560 ) ) GLOBAL_UNIT_ASSIGNED_CONTEXT ( ( #2563, #2562, #2561 ) ) REPRESENTATION_CONTEXT ( 'NONE', 'WORKASPACE' ) );
#2560 = UNCERTAINTY_MEASURE_WITH_UNIT (LENGTH_MEASURE( 1.000000000000000100E-005 ), #2563, 'distance_accuracy_value', 'NONE');
#2561 =( NAMED_UNIT ( * ) SI_UNIT ( $, .STERADIAN. ) SOLID_ANGLE_UNIT ( ) );
#2562 =( NAMED_UNIT ( * ) PLANE_ANGLE_UNIT ( ) SI_UNIT ( $, .RADIAN. ) );
#2563 =( LENGTH_UNIT ( ) NAMED_UNIT ( * ) SI_UNIT ( .MILLI., .METRE. ) );
#2564 = MECHANICAL_DESIGN_GEOMETRIC_PRESENTATION_REPRESENTATION (  '', ( #2566 ), #2559 ) ;
#2565 = PRESENTATION_LAYER_ASSIGNMENT (  '', '', ( #2566 ) ) ;
#2566 = STYLED_ITEM ( 'NONE', ( #2528 ), #3996 ) ;
#2567 = DIRECTION ( 'NONE',  ( 0.0000000000000000000, 0.0000000000000000000, -1.000000000000000000 ) ) ;
#2568 = COLOUR_RGB ( '',0.09411764705882352800, 0.09411764705882352800, 0.09411764705882352800 ) ;
#2569 = DIRECTION ( 'NONE',  ( 1.000000000000000000, 0.0000000000000000000, 0.0000000000000000000 ) ) ;
#2570 = FILL_AREA_STYLE ('',( #2571 ) ) ;
#2571 = FILL_AREA_STYLE_COLOUR ( '', #2568 ) ;
#2572 =( GEOMETRIC_REPRESENTATION_CONTEXT ( 3 ) GLOBAL_UNCERTAINTY_ASSIGNED_CONTEXT ( ( #2342 ) ) GLOBAL_UNIT_ASSIGNED_CONTEXT ( ( #1902, #2064, #2119 ) ) REPRESENTATION_CONTEXT ( 'NONE', 'WORKASPACE' ) );
#2573 = DIRECTION ( 'NONE',  ( 0.0000000000000000000, 1.000000000000000000, 0.0000000000000000000 ) ) ;
#2574 =( GEOMETRIC_REPRESENTATION_CONTEXT ( 3 ) GLOBAL_UNCERTAINTY_ASSIGNED_CONTEXT ( ( #2575 ) ) GLOBAL_UNIT_ASSIGNED_CONTEXT ( ( #2520, #2519, #2518 ) ) REPRESENTATION_CONTEXT ( 'NONE', 'WORKASPACE' ) );
#2575 = UNCERTAINTY_MEASURE_WITH_UNIT (LENGTH_MEASURE( 1.000000000000000100E-005 ), #2520, 'distance_accuracy_value', 'NONE');
#2576 =( GEOMETRIC_REPRESENTATION_CONTEXT ( 3 ) GLOBAL_UNCERTAINTY_ASSIGNED_CONTEXT ( ( #2577 ) ) GLOBAL_UNIT_ASSIGNED_CONTEXT ( ( #2580, #2579, #2578 ) ) REPRESENTATION_CONTEXT ( 'NONE', 'WORKASPACE' ) );
#2577 = UNCERTAINTY_MEASURE_WITH_UNIT (LENGTH_MEASURE( 1.000000000000000100E-005 ), #2580, 'distance_accuracy_value', 'NONE');
#2578 =( NAMED_UNIT ( * ) SI_UNIT ( $, .STERADIAN. ) SOLID_ANGLE_UNIT ( ) );
#2579 =( NAMED_UNIT ( * ) PLANE_ANGLE_UNIT ( ) SI_UNIT ( $, .RADIAN. ) );
#2580 =( LENGTH_UNIT ( ) NAMED_UNIT ( * ) SI_UNIT ( .MILLI., .METRE. ) );
#2581 = MECHANICAL_DESIGN_GEOMETRIC_PRESENTATION_REPRESENTATION (  '', ( #2583 ), #2576 ) ;
#2582 = PRESENTATION_LAYER_ASSIGNMENT (  '', '', ( #2583 ) ) ;
#2583 = STYLED_ITEM ( 'NONE', ( #2584 ), #3999 ) ;
#2584 = PRESENTATION_STYLE_ASSIGNMENT (( #2585 ) ) ;
#2585 = SURFACE_STYLE_USAGE ( .BOTH. , #2597 ) ;
#2586 = COLOUR_RGB ( '',0.09411764705882352800, 0.09411764705882352800, 0.09411764705882352800 ) ;
#2587 = DIRECTION ( 'NONE',  ( 0.0000000000000000000, 0.0000000000000000000, 1.000000000000000000 ) ) ;
#2588 = DIRECTION ( 'NONE',  ( -0.0000000000000000000, -1.000000000000000000, -0.0000000000000000000 ) ) ;
#2589 = CARTESIAN_POINT ( 'NONE',  ( 1.580207957427501900, 3.079326322523956900, 1.750000000000000000 ) ) ;
#2590 = AXIS2_PLACEMENT_3D ( 'NONE', #2589, #2588, #2587 ) ;
#2591 = AXIS2_PLACEMENT_3D ( 'NONE', #2596, #2634, #2633 ) ;
#2592 = FILL_AREA_STYLE_COLOUR ( '', #2599 ) ;
#2593 = FACE_OUTER_BOUND ( 'NONE', #24, .T. ) ;
#2594 = FILL_AREA_STYLE ('',( #2592 ) ) ;
#2595 = CYLINDRICAL_SURFACE ( 'NONE', #2610, 0.04999999999999991300 ) ;
#2596 = CARTESIAN_POINT ( 'NONE',  ( 1.580207957427501900, 3.250000000000000000, 1.750000000000000000 ) ) ;
#2597 = SURFACE_SIDE_STYLE ('',( #2598 ) ) ;
#2598 = SURFACE_STYLE_FILL_AREA ( #2594 ) ;
#2599 = COLOUR_RGB ( '',0.09411764705882352800, 0.09411764705882352800, 0.09411764705882352800 ) ;
#2600 = CYLINDRICAL_SURFACE ( 'NONE', #2591, 0.04999999999999991300 ) ;
#2601 = FACE_OUTER_BOUND ( 'NONE', #3982, .T. ) ;
#2602 = CIRCLE ( 'NONE', #2590, 0.04999999999999991300 ) ;
#2603 = FILL_AREA_STYLE_COLOUR ( '', #2586 ) ;
#2604 = FILL_AREA_STYLE_COLOUR ( '', #2608 ) ;
#2605 = DIRECTION ( 'NONE',  ( 0.0000000000000000000, 0.0000000000000000000, 1.000000000000000000 ) ) ;
#2606 = SURFACE_STYLE_FILL_AREA ( #2607 ) ;
#2607 = FILL_AREA_STYLE ('',( #2604 ) ) ;
#2608 = COLOUR_RGB ( '',0.09411764705882352800, 0.09411764705882352800, 0.09411764705882352800 ) ;
#2609 = AXIS2_PLACEMENT_3D ( 'NONE', #2672, #2671, #2665 ) ;
#2610 = AXIS2_PLACEMENT_3D ( 'NONE', #2613, #2612, #2605 ) ;
#2611 = COLOUR_RGB ( '',0.09411764705882352800, 0.09411764705882352800, 0.09411764705882352800 ) ;
#2612 = DIRECTION ( 'NONE',  ( -1.000000000000000000, -4.753691803391211100E-035, 1.336736460226353200E-016 ) ) ;
#2613 = CARTESIAN_POINT ( 'NONE',  ( 1.622162938986366100, -3.079326322523956900, 1.750000000000000000 ) ) ;
#2614 =( GEOMETRIC_REPRESENTATION_CONTEXT ( 3 ) GLOBAL_UNCERTAINTY_ASSIGNED_CONTEXT ( ( #2615 ) ) GLOBAL_UNIT_ASSIGNED_CONTEXT ( ( #2618, #2617, #2616 ) ) REPRESENTATION_CONTEXT ( 'NONE', 'WORKASPACE' ) );
#2615 = UNCERTAINTY_MEASURE_WITH_UNIT (LENGTH_MEASURE( 1.000000000000000100E-005 ), #2618, 'distance_accuracy_value', 'NONE');
#2616 =( NAMED_UNIT ( * ) SI_UNIT ( $, .STERADIAN. ) SOLID_ANGLE_UNIT ( ) );
#2617 =( NAMED_UNIT ( * ) PLANE_ANGLE_UNIT ( ) SI_UNIT ( $, .RADIAN. ) );
#2618 =( LENGTH_UNIT ( ) NAMED_UNIT ( * ) SI_UNIT ( .MILLI., .METRE. ) );
#2619 = MECHANICAL_DESIGN_GEOMETRIC_PRESENTATION_REPRESENTATION (  '', ( #2621 ), #2614 ) ;
#2620 = PRESENTATION_LAYER_ASSIGNMENT (  '', '', ( #2621 ) ) ;
#2621 = STYLED_ITEM ( 'NONE', ( #2622 ), #4002 ) ;
#2622 = PRESENTATION_STYLE_ASSIGNMENT (( #2623 ) ) ;
#2623 = SURFACE_STYLE_USAGE ( .BOTH. , #2624 ) ;
#2624 = SURFACE_SIDE_STYLE ('',( #2625 ) ) ;
#2625 = SURFACE_STYLE_FILL_AREA ( #2626 ) ;
#2626 = FILL_AREA_STYLE ('',( #2603 ) ) ;
#2627 = COLOUR_RGB ( '',0.09411764705882352800, 0.09411764705882352800, 0.09411764705882352800 ) ;
#2628 = CARTESIAN_POINT ( 'NONE',  ( 1.580207957427496300, 3.250000000000000000, 0.1000000000000000200 ) ) ;
#2629 = FILL_AREA_STYLE_COLOUR ( '', #2611 ) ;
#2630 = SPHERICAL_SURFACE ( 'NONE', #2609, 0.05000000000000000300 ) ;
#2631 = CIRCLE ( 'NONE', #2642, 0.04999999999999999600 ) ;
#2632 = FACE_OUTER_BOUND ( 'NONE', #3991, .T. ) ;
#2633 = DIRECTION ( 'NONE',  ( 0.0000000000000000000, 0.0000000000000000000, -1.000000000000000000 ) ) ;
#2634 = DIRECTION ( 'NONE',  ( 0.0000000000000000000, -1.000000000000000000, 0.0000000000000000000 ) ) ;
#2635 = SURFACE_STYLE_USAGE ( .BOTH. , #2636 ) ;
#2636 = SURFACE_SIDE_STYLE ('',( #2606 ) ) ;
#2637 = FILL_AREA_STYLE ('',( #2629 ) ) ;
#2638 = FACE_OUTER_BOUND ( 'NONE', #3957, .T. ) ;
#2639 = FACE_OUTER_BOUND ( 'NONE', #3960, .T. ) ;
#2640 = DIRECTION ( 'NONE',  ( 0.0000000000000000000, 8.673617379884035500E-015, 1.000000000000000000 ) ) ;
#2641 = DIRECTION ( 'NONE',  ( 1.529392764415450800E-015, -1.000000000000000000, 8.673617379884043400E-015 ) ) ;
#2642 = AXIS2_PLACEMENT_3D ( 'NONE', #2649, #2641, #2640 ) ;
#2643 = SURFACE_STYLE_FILL_AREA ( #2637 ) ;
#2644 = CIRCLE ( 'NONE', #2688, 0.05000000000000000300 ) ;
#2645 = FILL_AREA_STYLE ('',( #2669 ) ) ;
#2646 = CARTESIAN_POINT ( 'NONE',  ( -1.759999999999997600, -0.3799999999999996700, 0.7750000000000004700 ) ) ;
#2647 = DIRECTION ( 'NONE',  ( 0.0000000000000000000, 0.0000000000000000000, -1.000000000000000000 ) ) ;
#2648 = DIRECTION ( 'NONE',  ( 0.0000000000000000000, -1.000000000000000000, 0.0000000000000000000 ) ) ;
#2649 = CARTESIAN_POINT ( 'NONE',  ( 1.580207957427495900, 3.079326322523956900, 0.1000000000000000500 ) ) ;
#2650 = CYLINDRICAL_SURFACE ( 'NONE', #2651, 0.05000000000000000300 ) ;
#2651 = AXIS2_PLACEMENT_3D ( 'NONE', #2628, #2648, #2647 ) ;
#2652 =( GEOMETRIC_REPRESENTATION_CONTEXT ( 3 ) GLOBAL_UNCERTAINTY_ASSIGNED_CONTEXT ( ( #2653 ) ) GLOBAL_UNIT_ASSIGNED_CONTEXT ( ( #2656, #2655, #2654 ) ) REPRESENTATION_CONTEXT ( 'NONE', 'WORKASPACE' ) );
#2653 = UNCERTAINTY_MEASURE_WITH_UNIT (LENGTH_MEASURE( 1.000000000000000100E-005 ), #2656, 'distance_accuracy_value', 'NONE');
#2654 =( NAMED_UNIT ( * ) SI_UNIT ( $, .STERADIAN. ) SOLID_ANGLE_UNIT ( ) );
#2655 =( NAMED_UNIT ( * ) PLANE_ANGLE_UNIT ( ) SI_UNIT ( $, .RADIAN. ) );
#2656 =( LENGTH_UNIT ( ) NAMED_UNIT ( * ) SI_UNIT ( .MILLI., .METRE. ) );
#2657 = MECHANICAL_DESIGN_GEOMETRIC_PRESENTATION_REPRESENTATION (  '', ( #2659 ), #2652 ) ;
#2658 = PRESENTATION_LAYER_ASSIGNMENT (  '', '', ( #2659 ) ) ;
#2659 = STYLED_ITEM ( 'NONE', ( #2660 ), #4004 ) ;
#2660 = PRESENTATION_STYLE_ASSIGNMENT (( #2635 ) ) ;
#2661 = SURFACE_STYLE_FILL_AREA ( #2645 ) ;
#2662 = CARTESIAN_POINT ( 'NONE',  ( 1.580207957427496100, -3.079326322523956900, 0.1000000000000000200 ) ) ;
#2663 = AXIS2_PLACEMENT_3D ( 'NONE', #2689, #2801, #2800 ) ;
#2664 = AXIS2_PLACEMENT_3D ( 'NONE', #2662, #2705, #2701 ) ;
#2665 = DIRECTION ( 'NONE',  ( 1.000000000000000000, 0.0000000000000000000, 0.0000000000000000000 ) ) ;
#2666 = AXIS2_PLACEMENT_3D ( 'NONE', #2747, #2746, #2745 ) ;
#2667 = SURFACE_STYLE_USAGE ( .BOTH. , #2668 ) ;
#2668 = SURFACE_SIDE_STYLE ('',( #2661 ) ) ;
#2669 = FILL_AREA_STYLE_COLOUR ( '', #2627 ) ;
#2670 = PRESENTATION_STYLE_ASSIGNMENT (( #2667 ) ) ;
#2671 = DIRECTION ( 'NONE',  ( 0.0000000000000000000, 1.000000000000000000, 0.0000000000000000000 ) ) ;
#2672 = CARTESIAN_POINT ( 'NONE',  ( 1.580207957427496100, 3.079326322523956400, 0.1000000000000000200 ) ) ;
#2673 =( GEOMETRIC_REPRESENTATION_CONTEXT ( 3 ) GLOBAL_UNCERTAINTY_ASSIGNED_CONTEXT ( ( #2674 ) ) GLOBAL_UNIT_ASSIGNED_CONTEXT ( ( #2677, #2676, #2675 ) ) REPRESENTATION_CONTEXT ( 'NONE', 'WORKASPACE' ) );
#2674 = UNCERTAINTY_MEASURE_WITH_UNIT (LENGTH_MEASURE( 1.000000000000000100E-005 ), #2677, 'distance_accuracy_value', 'NONE');
#2675 =( NAMED_UNIT ( * ) SI_UNIT ( $, .STERADIAN. ) SOLID_ANGLE_UNIT ( ) );
#2676 =( NAMED_UNIT ( * ) PLANE_ANGLE_UNIT ( ) SI_UNIT ( $, .RADIAN. ) );
#2677 =( LENGTH_UNIT ( ) NAMED_UNIT ( * ) SI_UNIT ( .MILLI., .METRE. ) );
#2678 = MECHANICAL_DESIGN_GEOMETRIC_PRESENTATION_REPRESENTATION (  '', ( #2680 ), #2673 ) ;
#2679 = PRESENTATION_LAYER_ASSIGNMENT (  '', '', ( #2680 ) ) ;
#2680 = STYLED_ITEM ( 'NONE', ( #2681 ), #4009 ) ;
#2681 = PRESENTATION_STYLE_ASSIGNMENT (( #2682 ) ) ;
#2682 = SURFACE_STYLE_USAGE ( .BOTH. , #2683 ) ;
#2683 = SURFACE_SIDE_STYLE ('',( #2643 ) ) ;
#2684 = SPHERICAL_SURFACE ( 'NONE', #2664, 0.05000000000000000300 ) ;
#2685 = DIRECTION ( 'NONE',  ( 0.0000000000000000000, 0.0000000000000000000, -1.000000000000000000 ) ) ;
#2686 = DIRECTION ( 'NONE',  ( 0.0000000000000000000, -1.000000000000000000, 0.0000000000000000000 ) ) ;
#2687 = CARTESIAN_POINT ( 'NONE',  ( 1.580207957427496300, -3.079326322523956900, 0.1000000000000000200 ) ) ;
#2688 = AXIS2_PLACEMENT_3D ( 'NONE', #2687, #2686, #2685 ) ;
#2689 = CARTESIAN_POINT ( 'NONE',  ( -2.799999999999999800, -2.299999999999999800, 0.04894876836045235200 ) ) ;
#2690 = PLANE ( 'NONE',  #2663 ) ;
#2691 = FACE_OUTER_BOUND ( 'NONE', #56, .T. ) ;
#2692 = FILL_AREA_STYLE_COLOUR ( '', #2742 ) ;
#2693 = DIRECTION ( 'NONE',  ( 1.000000000000000000, -0.0000000000000000000, -1.084202172485525100E-014 ) ) ;
#2694 = VECTOR ( 'NONE', #2693, 1000.000000000000000 ) ;
#2695 = CIRCLE ( 'NONE', #2666, 0.5796052631578845200 ) ;
#2696 = SURFACE_SIDE_STYLE ('',( #2697 ) ) ;
#2697 = SURFACE_STYLE_FILL_AREA ( #2741 ) ;
#2698 = DIRECTION ( 'NONE',  ( 1.000000000000000000, -0.0000000000000000000, -1.084202172485525100E-014 ) ) ;
#2699 = VECTOR ( 'NONE', #2698, 1000.000000000000000 ) ;
#2700 = CARTESIAN_POINT ( 'NONE',  ( -1.759999999999997600, -0.3799999999999996700, 0.7750000000000004700 ) ) ;
#2701 = DIRECTION ( 'NONE',  ( 1.000000000000000000, 0.0000000000000000000, 0.0000000000000000000 ) ) ;
#2702 = LINE ( 'NONE', #2700, #2699 ) ;
#2703 = CARTESIAN_POINT ( 'NONE',  ( -1.759999999999997100, 0.3800000000000001200, 1.075000000000000400 ) ) ;
#2704 = LINE ( 'NONE', #2703, #2694 ) ;
#2705 = DIRECTION ( 'NONE',  ( 0.0000000000000000000, 1.000000000000000000, 0.0000000000000000000 ) ) ;
#2706 =( GEOMETRIC_REPRESENTATION_CONTEXT ( 3 ) GLOBAL_UNCERTAINTY_ASSIGNED_CONTEXT ( ( #2707 ) ) GLOBAL_UNIT_ASSIGNED_CONTEXT ( ( #2710, #2709, #2708 ) ) REPRESENTATION_CONTEXT ( 'NONE', 'WORKASPACE' ) );
#2707 = UNCERTAINTY_MEASURE_WITH_UNIT (LENGTH_MEASURE( 1.000000000000000100E-005 ), #2710, 'distance_accuracy_value', 'NONE');
#2708 =( NAMED_UNIT ( * ) SI_UNIT ( $, .STERADIAN. ) SOLID_ANGLE_UNIT ( ) );
#2709 =( NAMED_UNIT ( * ) PLANE_ANGLE_UNIT ( ) SI_UNIT ( $, .RADIAN. ) );
#2710 =( LENGTH_UNIT ( ) NAMED_UNIT ( * ) SI_UNIT ( .MILLI., .METRE. ) );
#2711 = MECHANICAL_DESIGN_GEOMETRIC_PRESENTATION_REPRESENTATION (  '', ( #2713 ), #2706 ) ;
#2712 = PRESENTATION_LAYER_ASSIGNMENT (  '', '', ( #2713 ) ) ;
#2713 = STYLED_ITEM ( 'NONE', ( #2670 ), #4015 ) ;
#2714 =( NAMED_UNIT ( * ) SI_UNIT ( $, .STERADIAN. ) SOLID_ANGLE_UNIT ( ) );
#2715 =( NAMED_UNIT ( * ) PLANE_ANGLE_UNIT ( ) SI_UNIT ( $, .RADIAN. ) );
#2716 =( LENGTH_UNIT ( ) NAMED_UNIT ( * ) SI_UNIT ( .MILLI., .METRE. ) );
#2717 = CARTESIAN_POINT ( 'NONE',  ( 1.749999999999999800, -3.199999999999997500, 0.7749999999999999100 ) ) ;
#2718 = CARTESIAN_POINT ( 'NONE',  ( 1.749999999999999800, -3.205593391238395400, 0.7750768731497778000 ) ) ;
#2719 = CARTESIAN_POINT ( 'NONE',  ( 1.749034636517727600, -3.211264694380346000, 0.7750699577455847400 ) ) ;
#2720 = CARTESIAN_POINT ( 'NONE',  ( 1.747183888289025600, -3.216543297311258900, 0.7751237177176252300 ) ) ;
#2721 = CARTESIAN_POINT ( 'NONE',  ( 1.745333034944174500, -3.221822200048707300, 0.7751774807430476000 ) ) ;
#2722 = CARTESIAN_POINT ( 'NONE',  ( 1.742545120822283700, -3.226854456429298200, 0.7752862639639038800 ) ) ;
#2723 = CARTESIAN_POINT ( 'NONE',  ( 1.739054574151282200, -3.231220830191747800, 0.7755012681095397900 ) ) ;
#2724 = CARTESIAN_POINT ( 'NONE',  ( 1.735573360012126100, -3.235575529759284800, 0.7757156974073868800 ) ) ;
#2725 = CARTESIAN_POINT ( 'NONE',  ( 1.731297091269638400, -3.239387983622708400, 0.7760400513115278700 ) ) ;
#2726 = CARTESIAN_POINT ( 'NONE',  ( 1.726587760909226600, -3.242344904886346900, 0.7764950945260539200 ) ) ;
#2727 = CARTESIAN_POINT ( 'NONE',  ( 1.721885962015754300, -3.245297097249475900, 0.7769494100059204400 ) ) ;
#2728 = CARTESIAN_POINT ( 'NONE',  ( 1.716623160296446300, -3.247477589945547900, 0.7775440121054665300 ) ) ;
#2729 = CARTESIAN_POINT ( 'NONE',  ( 1.711246318097692900, -3.248718788257154400, 0.7783041106910413300 ) ) ;
#2730 = CARTESIAN_POINT ( 'NONE',  ( 1.708081812007401300, -3.249449287585783900, 0.7787514618526267800 ) ) ;
#2731 = CARTESIAN_POINT ( 'NONE',  ( 1.704838194106026900, -3.249869737529508000, 0.7792612448190896500 ) ) ;
#2732 = CARTESIAN_POINT ( 'NONE',  ( 1.701615153243946700, -3.249973905991012200, 0.7798520135212415600 ) ) ;
#2733 = MECHANICAL_DESIGN_GEOMETRIC_PRESENTATION_REPRESENTATION (  '', ( #2735 ), #2767 ) ;
#2734 = PRESENTATION_LAYER_ASSIGNMENT (  '', '', ( #2735 ) ) ;
#2735 = STYLED_ITEM ( 'NONE', ( #2736 ), #4030 ) ;
#2736 = PRESENTATION_STYLE_ASSIGNMENT (( #2737 ) ) ;
#2737 = SURFACE_STYLE_USAGE ( .BOTH. , #2696 ) ;
#2738 = CYLINDRICAL_SURFACE ( 'NONE', #2761, 0.2796052631578845900 ) ;
#2739 = AXIS2_PLACEMENT_3D ( 'NONE', #2763, #2762, #2766 ) ;
#2740 = B_SPLINE_CURVE_WITH_KNOTS ( 'NONE', 3,
 ( #2732, #2731, #2730, #2729, #2728, #2727, #2726, #2725, #2724, #2723, #2722, #2721, #2720, #2719, #2718, #2717 ),
 .UNSPECIFIED., .F., .F.,
 ( 4, 3, 3, 3, 3, 4 ),
 ( 0.0000000000000000000, 9.835174636860192600E-006, 2.670282118442347900E-005, 4.359928940089485000E-005, 6.054187110790395200E-005, 7.748224670846712000E-005 ),
 .UNSPECIFIED. ) ;
#2741 = FILL_AREA_STYLE ('',( #2692 ) ) ;
#2742 = COLOUR_RGB ( '',0.09411764705882352800, 0.09411764705882352800, 0.09411764705882352800 ) ;
#2743 = SURFACE_SIDE_STYLE ('',( #2744 ) ) ;
#2744 = SURFACE_STYLE_FILL_AREA ( #2759 ) ;
#2745 = DIRECTION ( 'NONE',  ( 0.0000000000000000000, 0.0000000000000000000, -1.000000000000000000 ) ) ;
#2746 = DIRECTION ( 'NONE',  ( 0.0000000000000000000, -1.000000000000000000, -0.0000000000000000000 ) ) ;
#2747 = CARTESIAN_POINT ( 'NONE',  ( -1.759999999999999800, -0.3799999999999996700, 0.4953947368421158800 ) ) ;
#2748 = CYLINDRICAL_SURFACE ( 'NONE', #2739, 0.05000000000000000300 ) ;
#2749 =( GEOMETRIC_REPRESENTATION_CONTEXT ( 3 ) GLOBAL_UNCERTAINTY_ASSIGNED_CONTEXT ( ( #2750 ) ) GLOBAL_UNIT_ASSIGNED_CONTEXT ( ( #2753, #2752, #2751 ) ) REPRESENTATION_CONTEXT ( 'NONE', 'WORKASPACE' ) );
#2750 = UNCERTAINTY_MEASURE_WITH_UNIT (LENGTH_MEASURE( 1.000000000000000100E-005 ), #2753, 'distance_accuracy_value', 'NONE');
#2751 =( NAMED_UNIT ( * ) SI_UNIT ( $, .STERADIAN. ) SOLID_ANGLE_UNIT ( ) );
#2752 =( NAMED_UNIT ( * ) PLANE_ANGLE_UNIT ( ) SI_UNIT ( $, .RADIAN. ) );
#2753 =( LENGTH_UNIT ( ) NAMED_UNIT ( * ) SI_UNIT ( .MILLI., .METRE. ) );
#2754 = MECHANICAL_DESIGN_GEOMETRIC_PRESENTATION_REPRESENTATION (  '', ( #2756 ), #2749 ) ;
#2755 = PRESENTATION_LAYER_ASSIGNMENT (  '', '', ( #2756 ) ) ;
#2756 = STYLED_ITEM ( 'NONE', ( #2757 ), #4035 ) ;
#2757 = PRESENTATION_STYLE_ASSIGNMENT (( #2758 ) ) ;
#2758 = SURFACE_STYLE_USAGE ( .BOTH. , #2743 ) ;
#2759 = FILL_AREA_STYLE ('',( #2764 ) ) ;
#2760 = FACE_OUTER_BOUND ( 'NONE', #4101, .T. ) ;
#2761 = AXIS2_PLACEMENT_3D ( 'NONE', #2770, #2786, #2567 ) ;
#2762 = DIRECTION ( 'NONE',  ( 1.000000000000000000, 0.0000000000000000000, 0.0000000000000000000 ) ) ;
#2763 = CARTESIAN_POINT ( 'NONE',  ( -1.622162938986365700, -3.079326322523956900, 0.1000000000000000200 ) ) ;
#2764 = FILL_AREA_STYLE_COLOUR ( '', #2765 ) ;
#2765 = COLOUR_RGB ( '',0.8784313725490196000, 0.8784313725490196000, 0.8784313725490196000 ) ;
#2766 = DIRECTION ( 'NONE',  ( 0.0000000000000000000, 0.0000000000000000000, -1.000000000000000000 ) ) ;
#2767 =( GEOMETRIC_REPRESENTATION_CONTEXT ( 3 ) GLOBAL_UNCERTAINTY_ASSIGNED_CONTEXT ( ( #2768 ) ) GLOBAL_UNIT_ASSIGNED_CONTEXT ( ( #2716, #2715, #2714 ) ) REPRESENTATION_CONTEXT ( 'NONE', 'WORKASPACE' ) );
#2768 = UNCERTAINTY_MEASURE_WITH_UNIT (LENGTH_MEASURE( 1.000000000000000100E-005 ), #2716, 'distance_accuracy_value', 'NONE');
#2769 = FILL_AREA_STYLE_COLOUR ( '', #2782 ) ;
#2770 = CARTESIAN_POINT ( 'NONE',  ( -1.759999999999999800, -2.299999999999999800, 0.4953947368421158800 ) ) ;
#2771 = DIRECTION ( 'NONE',  ( -0.7071067811865512400, 0.0000000000000000000, -0.7071067811865439100 ) ) ;
#2772 = SURFACE_STYLE_USAGE ( .BOTH. , #2773 ) ;
#2773 = SURFACE_SIDE_STYLE ('',( #2774 ) ) ;
#2774 = SURFACE_STYLE_FILL_AREA ( #2775 ) ;
#2775 = FILL_AREA_STYLE ('',( #2769 ) ) ;
#2776 = DIRECTION ( 'NONE',  ( 0.0000000000000000000, 0.0000000000000000000, -1.000000000000000000 ) ) ;
#2777 = DIRECTION ( 'NONE',  ( 0.0000000000000000000, -1.000000000000000000, -0.0000000000000000000 ) ) ;
#2778 = CARTESIAN_POINT ( 'NONE',  ( -1.759999999999999800, -2.679999999999999700, 0.4953947368421158800 ) ) ;
#2779 = VECTOR ( 'NONE', #2771, 999.9999999999998900 ) ;
#2780 = CARTESIAN_POINT ( 'NONE',  ( -1.969999999999995500, -2.679999999999999700, 0.6800000000000000500 ) ) ;
#2781 = LINE ( 'NONE', #2780, #2779 ) ;
#2782 = COLOUR_RGB ( '',0.8784313725490196000, 0.8784313725490196000, 0.8784313725490196000 ) ;
#2783 = FACE_OUTER_BOUND ( 'NONE', #4073, .T. ) ;
#2784 = DIRECTION ( 'NONE',  ( -0.7071067811865512400, 0.0000000000000000000, -0.7071067811865439100 ) ) ;
#2785 = VECTOR ( 'NONE', #2784, 999.9999999999998900 ) ;
#2786 = DIRECTION ( 'NONE',  ( 0.0000000000000000000, -1.000000000000000000, -0.0000000000000000000 ) ) ;
#2787 = CARTESIAN_POINT ( 'NONE',  ( -1.969999999999995500, -2.679999999999999700, 0.6800000000000000500 ) ) ;
#2788 = DIRECTION ( 'NONE',  ( -0.9975640502598247500, 0.0000000000000000000, -0.06975647374411812800 ) ) ;
#2789 = AXIS2_PLACEMENT_3D ( 'NONE', #2778, #2777, #2776 ) ;
#2790 = CIRCLE ( 'NONE', #2789, 0.5796052631578845200 ) ;
#2791 = VECTOR ( 'NONE', #2788, 1000.000000000000100 ) ;
#2792 = CARTESIAN_POINT ( 'NONE',  ( -2.820905066443665000, -1.919999999999999900, 0.3479051466457240300 ) ) ;
#2793 = LINE ( 'NONE', #2792, #2791 ) ;
#2794 = DIRECTION ( 'NONE',  ( 0.0000000000000000000, -1.000000000000000000, -0.0000000000000000000 ) ) ;
#2795 = VECTOR ( 'NONE', #2794, 1000.000000000000000 ) ;
#2796 = CARTESIAN_POINT ( 'NONE',  ( -2.799999999999999800, -2.299999999999999800, 0.04894876836045235200 ) ) ;
#2797 = CARTESIAN_POINT ( 'NONE',  ( -3.520905066443665600, -2.679999999999999700, 0.2989563782852715500 ) ) ;
#2798 = CARTESIAN_POINT ( 'NONE',  ( -1.969999999999995500, -1.919999999999999900, 0.6800000000000000500 ) ) ;
#2799 = LINE ( 'NONE', #2798, #2785 ) ;
#2800 = DIRECTION ( 'NONE',  ( -0.9975640502598247500, 0.0000000000000000000, -0.06975647374411812800 ) ) ;
#2801 = DIRECTION ( 'NONE',  ( 0.06975647374411812800, 0.0000000000000000000, -0.9975640502598247500 ) ) ;
#2802 = CARTESIAN_POINT ( 'NONE',  ( -3.520905066443665600, -1.919999999999999900, 0.2989563782852717200 ) ) ;
#2803 = LINE ( 'NONE', #2796, #2795 ) ;
#2804 =( NAMED_UNIT ( * ) PLANE_ANGLE_UNIT ( ) SI_UNIT ( $, .RADIAN. ) );
#2805 =( LENGTH_UNIT ( ) NAMED_UNIT ( * ) SI_UNIT ( .MILLI., .METRE. ) );
#2806 = MECHANICAL_DESIGN_GEOMETRIC_PRESENTATION_REPRESENTATION (  '', ( #2808 ), #2855 ) ;
#2807 = PRESENTATION_LAYER_ASSIGNMENT (  '', '', ( #2808 ) ) ;
#2808 = STYLED_ITEM ( 'NONE', ( #2817 ), #4061 ) ;
#2809 = CARTESIAN_POINT ( 'NONE',  ( -3.520905066443665600, -2.299999999999999800, 0.2989563782852717200 ) ) ;
#2810 = LINE ( 'NONE', #2809, #2853 ) ;
#2811 = CARTESIAN_POINT ( 'NONE',  ( -2.188892316906503300, -1.919999999999999900, 0.8852583560461810800 ) ) ;
#2812 = AXIS2_PLACEMENT_3D ( 'NONE', #2852, #2851, #2850 ) ;
#2813 = SURFACE_SIDE_STYLE ('',( #2814 ) ) ;
#2814 = SURFACE_STYLE_FILL_AREA ( #2820 ) ;
#2815 = COLOUR_RGB ( '',0.8784313725490196000, 0.8784313725490196000, 0.8784313725490196000 ) ;
#2816 = DIRECTION ( 'NONE',  ( -0.9975640502598247500, 0.0000000000000000000, -0.06975647374411812800 ) ) ;
#2817 = PRESENTATION_STYLE_ASSIGNMENT (( #2818 ) ) ;
#2818 = SURFACE_STYLE_USAGE ( .BOTH. , #2813 ) ;
#2819 = VECTOR ( 'NONE', #2816, 1000.000000000000100 ) ;
#2820 = FILL_AREA_STYLE ('',( #2824 ) ) ;
#2821 = DIRECTION ( 'NONE',  ( 0.06975647374411812800, 0.0000000000000000000, -0.9975640502598247500 ) ) ;
#2822 = VECTOR ( 'NONE', #2821, 1000.000000000000100 ) ;
#2823 = CARTESIAN_POINT ( 'NONE',  ( -3.506378420924862300, 0.3800000000000001200, 0.09121566889128197900 ) ) ;
#2824 = FILL_AREA_STYLE_COLOUR ( '', #2815 ) ;
#2825 = CARTESIAN_POINT ( 'NONE',  ( -2.799999999999999800, -2.679999999999999700, 0.04894876836045235200 ) ) ;
#2826 = DIRECTION ( 'NONE',  ( -0.9975640502598247500, 0.0000000000000000000, -0.06975647374411812800 ) ) ;
#2827 = VECTOR ( 'NONE', #2826, 1000.000000000000100 ) ;
#2828 = CARTESIAN_POINT ( 'NONE',  ( -2.799999999999999800, -1.919999999999999900, 0.04894876836045235200 ) ) ;
#2829 = LINE ( 'NONE', #2828, #2827 ) ;
#2830 = PLANE ( 'NONE',  #2812 ) ;
#2831 = DIRECTION ( 'NONE',  ( 0.0000000000000000000, -1.000000000000000000, 0.0000000000000000000 ) ) ;
#2832 = CARTESIAN_POINT ( 'NONE',  ( -1.759999999999997600, -2.679999999999999700, 0.7750000000000004700 ) ) ;
#2833 = LINE ( 'NONE', #2825, #2819 ) ;
#2834 = FACE_OUTER_BOUND ( 'NONE', #4064, .T. ) ;
#2835 = LINE ( 'NONE', #2823, #2822 ) ;
#2836 = FACE_OUTER_BOUND ( 'NONE', #4079, .T. ) ;
#2837 = CARTESIAN_POINT ( 'NONE',  ( -1.759999999999997600, -1.919999999999999900, 0.7750000000000003600 ) ) ;
#2838 = CARTESIAN_POINT ( 'NONE',  ( -1.759999999999997600, -2.679999999999999700, 0.7750000000000004700 ) ) ;
#2839 = DIRECTION ( 'NONE',  ( 0.0000000000000000000, -0.0000000000000000000, -1.000000000000000000 ) ) ;
#2840 = PLANE ( 'NONE',  #2849 ) ;
#2841 = DIRECTION ( 'NONE',  ( 1.000000000000000000, -0.0000000000000000000, -1.084202172485525100E-014 ) ) ;
#2842 = VECTOR ( 'NONE', #2841, 1000.000000000000000 ) ;
#2843 = CARTESIAN_POINT ( 'NONE',  ( -1.759999999999997600, -2.679999999999999700, 0.7750000000000004700 ) ) ;
#2844 = LINE ( 'NONE', #2843, #2842 ) ;
#2845 = LINE ( 'NONE', #2892, #2891 ) ;
#2846 = CARTESIAN_POINT ( 'NONE',  ( -3.500000000000000400, -1.919999999999999900, 7.453889935837843000E-017 ) ) ;
#2847 = CARTESIAN_POINT ( 'NONE',  ( -2.188892316906502900, -2.679999999999999700, 0.8852583560461810800 ) ) ;
#2848 = DIRECTION ( 'NONE',  ( -0.0000000000000000000, 1.000000000000000000, 0.0000000000000000000 ) ) ;
#2849 = AXIS2_PLACEMENT_3D ( 'NONE', #2832, #2831, #2839 ) ;
#2850 = DIRECTION ( 'NONE',  ( 0.9975640502598247500, 0.0000000000000000000, 0.06975647374411812800 ) ) ;
#2851 = DIRECTION ( 'NONE',  ( -0.06975647374411812800, -0.0000000000000000000, 0.9975640502598247500 ) ) ;
#2852 = CARTESIAN_POINT ( 'NONE',  ( -2.820905066443665000, -2.299999999999999800, 0.3479051466457240300 ) ) ;
#2853 = VECTOR ( 'NONE', #2848, 1000.000000000000000 ) ;
#2854 = PLANE ( 'NONE',  #2872 ) ;
#2855 =( GEOMETRIC_REPRESENTATION_CONTEXT ( 3 ) GLOBAL_UNCERTAINTY_ASSIGNED_CONTEXT ( ( #2856 ) ) GLOBAL_UNIT_ASSIGNED_CONTEXT ( ( #2805, #2804, #2857 ) ) REPRESENTATION_CONTEXT ( 'NONE', 'WORKASPACE' ) );
#2856 = UNCERTAINTY_MEASURE_WITH_UNIT (LENGTH_MEASURE( 1.000000000000000100E-005 ), #2805, 'distance_accuracy_value', 'NONE');
#2857 =( NAMED_UNIT ( * ) SI_UNIT ( $, .STERADIAN. ) SOLID_ANGLE_UNIT ( ) );
#2858 = UNCERTAINTY_MEASURE_WITH_UNIT (LENGTH_MEASURE( 1.000000000000000100E-005 ), #2861, 'distance_accuracy_value', 'NONE');
#2859 =( NAMED_UNIT ( * ) SI_UNIT ( $, .STERADIAN. ) SOLID_ANGLE_UNIT ( ) );
#2860 =( NAMED_UNIT ( * ) PLANE_ANGLE_UNIT ( ) SI_UNIT ( $, .RADIAN. ) );
#2861 =( LENGTH_UNIT ( ) NAMED_UNIT ( * ) SI_UNIT ( .MILLI., .METRE. ) );
#2862 = MECHANICAL_DESIGN_GEOMETRIC_PRESENTATION_REPRESENTATION (  '', ( #2864 ), #2921 ) ;
#2863 = PRESENTATION_LAYER_ASSIGNMENT (  '', '', ( #2864 ) ) ;
#2864 = STYLED_ITEM ( 'NONE', ( #2865 ), #4084 ) ;
#2865 = PRESENTATION_STYLE_ASSIGNMENT (( #2866 ) ) ;
#2866 = SURFACE_STYLE_USAGE ( .BOTH. , #2867 ) ;
#2867 = SURFACE_SIDE_STYLE ('',( #2868 ) ) ;
#2868 = SURFACE_STYLE_FILL_AREA ( #2869 ) ;
#2869 = FILL_AREA_STYLE ('',( #2878 ) ) ;
#2870 = DIRECTION ( 'NONE',  ( 0.0000000000000000000, 0.0000000000000000000, -1.000000000000000000 ) ) ;
#2871 = DIRECTION ( 'NONE',  ( 0.0000000000000000000, -1.000000000000000000, -0.0000000000000000000 ) ) ;
#2872 = AXIS2_PLACEMENT_3D ( 'NONE', #2916, #2915, #2914 ) ;
#2873 = CARTESIAN_POINT ( 'NONE',  ( -1.759999999999997100, -2.679999999999999700, 1.075000000000000400 ) ) ;
#2874 = CIRCLE ( 'NONE', #2910, 0.2796052631578846400 ) ;
#2875 = CARTESIAN_POINT ( 'NONE',  ( -2.799999999999999800, -2.679999999999999700, 0.04894876836045235200 ) ) ;
#2876 = CIRCLE ( 'NONE', #2879, 0.5796052631578845200 ) ;
#2877 = COLOUR_RGB ( '',0.8784313725490196000, 0.8784313725490196000, 0.8784313725490196000 ) ;
#2878 = FILL_AREA_STYLE_COLOUR ( '', #2877 ) ;
#2879 = AXIS2_PLACEMENT_3D ( 'NONE', #2888, #2871, #2870 ) ;
#2880 = DIRECTION ( 'NONE',  ( -0.7071067811865512400, 0.0000000000000000000, -0.7071067811865439100 ) ) ;
#2881 = VECTOR ( 'NONE', #2880, 999.9999999999998900 ) ;
#2882 = CARTESIAN_POINT ( 'NONE',  ( -2.188892316906502900, -2.679999999999999700, 0.8852583560461810800 ) ) ;
#2883 = LINE ( 'NONE', #2882, #2881 ) ;
#2884 = DIRECTION ( 'NONE',  ( -0.9975640502598247500, 0.0000000000000000000, -0.06975647374411812800 ) ) ;
#2885 = VECTOR ( 'NONE', #2884, 1000.000000000000100 ) ;
#2886 = CARTESIAN_POINT ( 'NONE',  ( -2.820905066443665000, -2.679999999999999700, 0.3479051466457238600 ) ) ;
#2887 = LINE ( 'NONE', #2886, #2885 ) ;
#2888 = CARTESIAN_POINT ( 'NONE',  ( -1.759999999999999800, -1.919999999999999900, 0.4953947368421158800 ) ) ;
#2889 = FACE_OUTER_BOUND ( 'NONE', #4082, .T. ) ;
#2890 = DIRECTION ( 'NONE',  ( 1.000000000000000000, -0.0000000000000000000, -1.084202172485525100E-014 ) ) ;
#2891 = VECTOR ( 'NONE', #2890, 1000.000000000000000 ) ;
#2892 = CARTESIAN_POINT ( 'NONE',  ( -1.759999999999997600, -1.919999999999999900, 0.7750000000000003600 ) ) ;
#2893 = SURFACE_SIDE_STYLE ('',( #2894 ) ) ;
#2894 = SURFACE_STYLE_FILL_AREA ( #2942 ) ;
#2895 = VECTOR ( 'NONE', #2949, 1000.000000000000000 ) ;
#2896 = CARTESIAN_POINT ( 'NONE',  ( -3.500000000000000400, -2.299999999999999800, 7.453889935837843000E-017 ) ) ;
#2897 = LINE ( 'NONE', #2896, #2895 ) ;
#2898 = DIRECTION ( 'NONE',  ( 0.0000000000000000000, -1.000000000000000000, -0.0000000000000000000 ) ) ;
#2899 = VECTOR ( 'NONE', #2898, 1000.000000000000000 ) ;
#2900 = CARTESIAN_POINT ( 'NONE',  ( -1.759999999999997600, -1.919999999999999900, 0.7750000000000003600 ) ) ;
#2901 = DIRECTION ( 'NONE',  ( 0.0000000000000000000, 0.0000000000000000000, -1.000000000000000000 ) ) ;
#2902 = DIRECTION ( 'NONE',  ( 0.0000000000000000000, -1.000000000000000000, -0.0000000000000000000 ) ) ;
#2903 = CARTESIAN_POINT ( 'NONE',  ( -1.759999999999999800, -2.679999999999999700, 0.4953947368421158800 ) ) ;
#2904 = CARTESIAN_POINT ( 'NONE',  ( -1.969999999999995500, -2.299999999999999800, 0.6800000000000000500 ) ) ;
#2905 = LINE ( 'NONE', #2904, #2899 ) ;
#2906 = FACE_OUTER_BOUND ( 'NONE', #4155, .T. ) ;
#2907 = DIRECTION ( 'NONE',  ( 0.0000000000000000000, 1.000000000000000000, -1.426581805901979900E-016 ) ) ;
#2908 = VECTOR ( 'NONE', #2907, 1000.000000000000000 ) ;
#2909 = AXIS2_PLACEMENT_3D ( 'NONE', #2924, #2923, #2922 ) ;
#2910 = AXIS2_PLACEMENT_3D ( 'NONE', #2903, #2902, #2901 ) ;
#2911 = DIRECTION ( 'NONE',  ( 1.000000000000000000, -0.0000000000000000000, -1.084202172485525100E-014 ) ) ;
#2912 = VECTOR ( 'NONE', #2911, 1000.000000000000000 ) ;
#2913 = PLANE ( 'NONE',  #2917 ) ;
#2914 = DIRECTION ( 'NONE',  ( -1.000000000000000000, 0.0000000000000000000, 1.084202172485525100E-014 ) ) ;
#2915 = DIRECTION ( 'NONE',  ( -1.084202172485525100E-014, -1.426581805901979900E-016, -1.000000000000000000 ) ) ;
#2916 = CARTESIAN_POINT ( 'NONE',  ( -1.759999999999997600, -2.679999999999999700, 0.7750000000000004700 ) ) ;
#2917 = AXIS2_PLACEMENT_3D ( 'NONE', #2900, #2941, #2940 ) ;
#2918 = CARTESIAN_POINT ( 'NONE',  ( -1.759999999999997600, -2.679999999999999700, 0.7750000000000004700 ) ) ;
#2919 = LINE ( 'NONE', #2918, #2908 ) ;
#2920 = LINE ( 'NONE', #2873, #2912 ) ;
#2921 =( GEOMETRIC_REPRESENTATION_CONTEXT ( 3 ) GLOBAL_UNCERTAINTY_ASSIGNED_CONTEXT ( ( #2858 ) ) GLOBAL_UNIT_ASSIGNED_CONTEXT ( ( #2861, #2860, #2859 ) ) REPRESENTATION_CONTEXT ( 'NONE', 'WORKASPACE' ) );
#2922 = DIRECTION ( 'NONE',  ( 1.000000000000000000, 0.0000000000000000000, -1.084202172485525100E-014 ) ) ;
#2923 = DIRECTION ( 'NONE',  ( 1.084202172485525100E-014, -0.0000000000000000000, 1.000000000000000000 ) ) ;
#2924 = CARTESIAN_POINT ( 'NONE',  ( -1.759999999999997100, -2.679999999999999700, 1.075000000000000400 ) ) ;
#2925 = COLOUR_RGB ( '',0.8784313725490196000, 0.8784313725490196000, 0.8784313725490196000 ) ;
#2926 = PLANE ( 'NONE',  #2976 ) ;
#2927 = FILL_AREA_STYLE_COLOUR ( '', #2939 ) ;
#2928 =( GEOMETRIC_REPRESENTATION_CONTEXT ( 3 ) GLOBAL_UNCERTAINTY_ASSIGNED_CONTEXT ( ( #2929 ) ) GLOBAL_UNIT_ASSIGNED_CONTEXT ( ( #2932, #2931, #2930 ) ) REPRESENTATION_CONTEXT ( 'NONE', 'WORKASPACE' ) );
#2929 = UNCERTAINTY_MEASURE_WITH_UNIT (LENGTH_MEASURE( 1.000000000000000100E-005 ), #2932, 'distance_accuracy_value', 'NONE');
#2930 =( NAMED_UNIT ( * ) SI_UNIT ( $, .STERADIAN. ) SOLID_ANGLE_UNIT ( ) );
#2931 =( NAMED_UNIT ( * ) PLANE_ANGLE_UNIT ( ) SI_UNIT ( $, .RADIAN. ) );
#2932 =( LENGTH_UNIT ( ) NAMED_UNIT ( * ) SI_UNIT ( .MILLI., .METRE. ) );
#2933 = MECHANICAL_DESIGN_GEOMETRIC_PRESENTATION_REPRESENTATION (  '', ( #2935 ), #2928 ) ;
#2934 = PRESENTATION_LAYER_ASSIGNMENT (  '', '', ( #2935 ) ) ;
#2935 = STYLED_ITEM ( 'NONE', ( #2936 ), #4118 ) ;
#2936 = PRESENTATION_STYLE_ASSIGNMENT (( #2937 ) ) ;
#2937 = SURFACE_STYLE_USAGE ( .BOTH. , #2893 ) ;
#2938 = FILL_AREA_STYLE ('',( #2927 ) ) ;
#2939 = COLOUR_RGB ( '',0.8784313725490196000, 0.8784313725490196000, 0.8784313725490196000 ) ;
#2940 = DIRECTION ( 'NONE',  ( 0.0000000000000000000, 0.0000000000000000000, 1.000000000000000000 ) ) ;
#2941 = DIRECTION ( 'NONE',  ( 0.0000000000000000000, 1.000000000000000000, -0.0000000000000000000 ) ) ;
#2942 = FILL_AREA_STYLE ('',( #2945 ) ) ;
#2943 = AXIS2_PLACEMENT_3D ( 'NONE', #2953, #2952, #2951 ) ;
#2944 = FACE_OUTER_BOUND ( 'NONE', #4034, .T. ) ;
#2945 = FILL_AREA_STYLE_COLOUR ( '', #2946 ) ;
#2946 = COLOUR_RGB ( '',0.8784313725490196000, 0.8784313725490196000, 0.8784313725490196000 ) ;
#2947 = PLANE ( 'NONE',  #2909 ) ;
#2948 = FACE_OUTER_BOUND ( 'NONE', #3916, .T. ) ;
#2949 = DIRECTION ( 'NONE',  ( 0.0000000000000000000, -1.000000000000000000, -0.0000000000000000000 ) ) ;
#2950 = FACE_OUTER_BOUND ( 'NONE', #4076, .T. ) ;
#2951 = DIRECTION ( 'NONE',  ( -0.06975647374411812800, 0.0000000000000000000, 0.9975640502598247500 ) ) ;
#2952 = DIRECTION ( 'NONE',  ( -0.9975640502598247500, 0.0000000000000000000, -0.06975647374411812800 ) ) ;
#2953 = CARTESIAN_POINT ( 'NONE',  ( -3.510452533221833300, 2.168404344971008900E-016, 0.1494781891426356900 ) ) ;
#2954 = FILL_AREA_STYLE ('',( #2955 ) ) ;
#2955 = FILL_AREA_STYLE_COLOUR ( '', #2925 ) ;
#2956 = CARTESIAN_POINT ( 'NONE',  ( -1.969999999999995500, -1.919999999999999900, 0.6800000000000000500 ) ) ;
#2957 =( GEOMETRIC_REPRESENTATION_CONTEXT ( 3 ) GLOBAL_UNCERTAINTY_ASSIGNED_CONTEXT ( ( #2958 ) ) GLOBAL_UNIT_ASSIGNED_CONTEXT ( ( #2961, #2960, #2959 ) ) REPRESENTATION_CONTEXT ( 'NONE', 'WORKASPACE' ) );
#2958 = UNCERTAINTY_MEASURE_WITH_UNIT (LENGTH_MEASURE( 1.000000000000000100E-005 ), #2961, 'distance_accuracy_value', 'NONE');
#2959 =( NAMED_UNIT ( * ) SI_UNIT ( $, .STERADIAN. ) SOLID_ANGLE_UNIT ( ) );
#2960 =( NAMED_UNIT ( * ) PLANE_ANGLE_UNIT ( ) SI_UNIT ( $, .RADIAN. ) );
#2961 =( LENGTH_UNIT ( ) NAMED_UNIT ( * ) SI_UNIT ( .MILLI., .METRE. ) );
#2962 = MECHANICAL_DESIGN_GEOMETRIC_PRESENTATION_REPRESENTATION (  '', ( #2964 ), #2957 ) ;
#2963 = PRESENTATION_LAYER_ASSIGNMENT (  '', '', ( #2964 ) ) ;
#2964 = STYLED_ITEM ( 'NONE', ( #2965 ), #4121 ) ;
#2965 = PRESENTATION_STYLE_ASSIGNMENT (( #2966 ) ) ;
#2966 = SURFACE_STYLE_USAGE ( .BOTH. , #2967 ) ;
#2967 = SURFACE_SIDE_STYLE ('',( #2968 ) ) ;
#2968 = SURFACE_STYLE_FILL_AREA ( #2938 ) ;
#2969 = PLANE ( 'NONE',  #2943 ) ;
#2970 = SURFACE_SIDE_STYLE ('',( #2971 ) ) ;
#2971 = SURFACE_STYLE_FILL_AREA ( #2954 ) ;
#2972 = DIRECTION ( 'NONE',  ( -0.06975647374411812800, 0.0000000000000000000, 0.9975640502598247500 ) ) ;
#2973 = VECTOR ( 'NONE', #2972, 1000.000000000000100 ) ;
#2974 = CARTESIAN_POINT ( 'NONE',  ( -3.506378420924862300, -2.679999999999999700, 0.09121566889128197900 ) ) ;
#2975 = LINE ( 'NONE', #2974, #2973 ) ;
#2976 = AXIS2_PLACEMENT_3D ( 'NONE', #2992, #2991, #2990 ) ;
#2977 = FILL_AREA_STYLE ('',( #3024 ) ) ;
#2978 = DIRECTION ( 'NONE',  ( -0.0000000000000000000, 1.000000000000000000, 0.0000000000000000000 ) ) ;
#2979 = COLOUR_RGB ( '',0.8784313725490196000, 0.8784313725490196000, 0.8784313725490196000 ) ;
#2980 = CARTESIAN_POINT ( 'NONE',  ( -2.188892316906503300, -2.299999999999999800, 0.8852583560461810800 ) ) ;
#2981 = LINE ( 'NONE', #2980, #2989 ) ;
#2982 = DIRECTION ( 'NONE',  ( -0.7071067811865512400, 0.0000000000000000000, -0.7071067811865439100 ) ) ;
#2983 = VECTOR ( 'NONE', #2982, 999.9999999999998900 ) ;
#2984 = CARTESIAN_POINT ( 'NONE',  ( -2.188892316906503300, -1.919999999999999900, 0.8852583560461810800 ) ) ;
#2985 = LINE ( 'NONE', #2984, #2983 ) ;
#2986 = AXIS2_PLACEMENT_3D ( 'NONE', #3025, #2978, #3010 ) ;
#2987 = CARTESIAN_POINT ( 'NONE',  ( -2.820905066443665000, -2.679999999999999700, 0.3479051466457238600 ) ) ;
#2988 = DIRECTION ( 'NONE',  ( -0.0000000000000000000, 1.000000000000000000, 0.0000000000000000000 ) ) ;
#2989 = VECTOR ( 'NONE', #2988, 1000.000000000000000 ) ;
#2990 = DIRECTION ( 'NONE',  ( 0.7071067811865512400, 0.0000000000000000000, 0.7071067811865439100 ) ) ;
#2991 = DIRECTION ( 'NONE',  ( -0.7071067811865439100, -0.0000000000000000000, 0.7071067811865512400 ) ) ;
#2992 = CARTESIAN_POINT ( 'NONE',  ( -2.188892316906503300, -2.299999999999999800, 0.8852583560461810800 ) ) ;
#2993 = FACE_OUTER_BOUND ( 'NONE', #4099, .T. ) ;
#2994 = LINE ( 'NONE', #3009, #3008 ) ;
#2995 = CARTESIAN_POINT ( 'NONE',  ( -1.759999999999997100, -1.919999999999999900, 1.075000000000000400 ) ) ;
#2996 = CARTESIAN_POINT ( 'NONE',  ( -2.820905066443665000, -1.919999999999999900, 0.3479051466457240300 ) ) ;
#2997 =( GEOMETRIC_REPRESENTATION_CONTEXT ( 3 ) GLOBAL_UNCERTAINTY_ASSIGNED_CONTEXT ( ( #2998 ) ) GLOBAL_UNIT_ASSIGNED_CONTEXT ( ( #3001, #3000, #2999 ) ) REPRESENTATION_CONTEXT ( 'NONE', 'WORKASPACE' ) );
#2998 = UNCERTAINTY_MEASURE_WITH_UNIT (LENGTH_MEASURE( 1.000000000000000100E-005 ), #3001, 'distance_accuracy_value', 'NONE');
#2999 =( NAMED_UNIT ( * ) SI_UNIT ( $, .STERADIAN. ) SOLID_ANGLE_UNIT ( ) );
#3000 =( NAMED_UNIT ( * ) PLANE_ANGLE_UNIT ( ) SI_UNIT ( $, .RADIAN. ) );
#3001 =( LENGTH_UNIT ( ) NAMED_UNIT ( * ) SI_UNIT ( .MILLI., .METRE. ) );
#3002 = MECHANICAL_DESIGN_GEOMETRIC_PRESENTATION_REPRESENTATION (  '', ( #3004 ), #2997 ) ;
#3003 = PRESENTATION_LAYER_ASSIGNMENT (  '', '', ( #3004 ) ) ;
#3004 = STYLED_ITEM ( 'NONE', ( #3005 ), #4123 ) ;
#3005 = PRESENTATION_STYLE_ASSIGNMENT (( #3006 ) ) ;
#3006 = SURFACE_STYLE_USAGE ( .BOTH. , #2970 ) ;
#3007 = DIRECTION ( 'NONE',  ( -0.0000000000000000000, 1.000000000000000000, 0.0000000000000000000 ) ) ;
#3008 = VECTOR ( 'NONE', #3007, 1000.000000000000000 ) ;
#3009 = CARTESIAN_POINT ( 'NONE',  ( -2.820905066443665000, -2.299999999999999800, 0.3479051466457240300 ) ) ;
#3010 = DIRECTION ( 'NONE',  ( 0.0000000000000000000, 0.0000000000000000000, 1.000000000000000000 ) ) ;
#3011 =( GEOMETRIC_REPRESENTATION_CONTEXT ( 3 ) GLOBAL_UNCERTAINTY_ASSIGNED_CONTEXT ( ( #3012 ) ) GLOBAL_UNIT_ASSIGNED_CONTEXT ( ( #3015, #3014, #3013 ) ) REPRESENTATION_CONTEXT ( 'NONE', 'WORKASPACE' ) );
#3012 = UNCERTAINTY_MEASURE_WITH_UNIT (LENGTH_MEASURE( 1.000000000000000100E-005 ), #3015, 'distance_accuracy_value', 'NONE');
#3013 =( NAMED_UNIT ( * ) SI_UNIT ( $, .STERADIAN. ) SOLID_ANGLE_UNIT ( ) );
#3014 =( NAMED_UNIT ( * ) PLANE_ANGLE_UNIT ( ) SI_UNIT ( $, .RADIAN. ) );
#3015 =( LENGTH_UNIT ( ) NAMED_UNIT ( * ) SI_UNIT ( .MILLI., .METRE. ) );
#3016 = MECHANICAL_DESIGN_GEOMETRIC_PRESENTATION_REPRESENTATION (  '', ( #3018 ), #3011 ) ;
#3017 = PRESENTATION_LAYER_ASSIGNMENT (  '', '', ( #3018 ) ) ;
#3018 = STYLED_ITEM ( 'NONE', ( #3019 ), #4132 ) ;
#3019 = PRESENTATION_STYLE_ASSIGNMENT (( #3020 ) ) ;
#3020 = SURFACE_STYLE_USAGE ( .BOTH. , #3021 ) ;
#3021 = SURFACE_SIDE_STYLE ('',( #3022 ) ) ;
#3022 = SURFACE_STYLE_FILL_AREA ( #2977 ) ;
#3023 = CYLINDRICAL_SURFACE ( 'NONE', #2986, 0.5803975574752460200 ) ;
#3024 = FILL_AREA_STYLE_COLOUR ( '', #2979 ) ;
#3025 = CARTESIAN_POINT ( 'NONE',  ( -2.840486486979171900, -2.299999999999999800, 0.6279325065563682300 ) ) ;
#3026 =( NAMED_UNIT ( * ) PLANE_ANGLE_UNIT ( ) SI_UNIT ( $, .RADIAN. ) );
#3027 =( LENGTH_UNIT ( ) NAMED_UNIT ( * ) SI_UNIT ( .MILLI., .METRE. ) );
#3028 = MECHANICAL_DESIGN_GEOMETRIC_PRESENTATION_REPRESENTATION (  '', ( #3030 ), #3080 ) ;
#3029 = PRESENTATION_LAYER_ASSIGNMENT (  '', '', ( #3030 ) ) ;
#3030 = STYLED_ITEM ( 'NONE', ( #3058 ), #4162 ) ;
#3031 = CARTESIAN_POINT ( 'NONE',  ( -1.759999999999999800, -2.299999999999999800, 0.4953947368421158800 ) ) ;
#3032 = CARTESIAN_POINT ( 'NONE',  ( -1.759999999999997100, -2.679999999999999700, 1.075000000000000400 ) ) ;
#3033 = AXIS2_PLACEMENT_3D ( 'NONE', #3093, #3092, #3091 ) ;
#3034 = DIRECTION ( 'NONE',  ( -0.0000000000000000000, -1.000000000000000000, -0.0000000000000000000 ) ) ;
#3035 = VECTOR ( 'NONE', #3034, 1000.000000000000000 ) ;
#3036 = FACE_OUTER_BOUND ( 'NONE', #4138, .T. ) ;
#3037 = SURFACE_SIDE_STYLE ('',( #3038 ) ) ;
#3038 = SURFACE_STYLE_FILL_AREA ( #3056 ) ;
#3039 = COLOUR_RGB ( '',0.8784313725490196000, 0.8784313725490196000, 0.8784313725490196000 ) ;
#3040 = AXIS2_PLACEMENT_3D ( 'NONE', #3031, #3079, #3078 ) ;
#3041 = DIRECTION ( 'NONE',  ( 1.000000000000000000, -0.0000000000000000000, -1.084202172485525100E-014 ) ) ;
#3042 = VECTOR ( 'NONE', #3041, 1000.000000000000000 ) ;
#3043 = CARTESIAN_POINT ( 'NONE',  ( -1.759999999999997100, -1.919999999999999900, 1.075000000000000400 ) ) ;
#3044 = LINE ( 'NONE', #3072, #3071 ) ;
#3045 = CYLINDRICAL_SURFACE ( 'NONE', #3040, 0.5796052631578845200 ) ;
#3046 = CARTESIAN_POINT ( 'NONE',  ( -1.759999999999997100, -2.679999999999999700, 1.075000000000000400 ) ) ;
#3047 = LINE ( 'NONE', #3046, #3035 ) ;
#3048 = DIRECTION ( 'NONE',  ( 0.0000000000000000000, 0.0000000000000000000, -1.000000000000000000 ) ) ;
#3049 = DIRECTION ( 'NONE',  ( 0.0000000000000000000, -1.000000000000000000, -0.0000000000000000000 ) ) ;
#3050 = CARTESIAN_POINT ( 'NONE',  ( -1.759999999999999800, -1.919999999999999900, 0.4953947368421158800 ) ) ;
#3051 = AXIS2_PLACEMENT_3D ( 'NONE', #3050, #3049, #3048 ) ;
#3052 = CIRCLE ( 'NONE', #3051, 0.2796052631578845300 ) ;
#3053 = CARTESIAN_POINT ( 'NONE',  ( -3.500000000000000400, -2.679999999999999700, 7.453889935837843000E-017 ) ) ;
#3054 = FILL_AREA_STYLE_COLOUR ( '', #3039 ) ;
#3055 = LINE ( 'NONE', #3043, #3042 ) ;
#3056 = FILL_AREA_STYLE ('',( #3054 ) ) ;
#3057 = CARTESIAN_POINT ( 'NONE',  ( -2.799999999999999800, -1.919999999999999900, 0.04894876836045235200 ) ) ;
#3058 = PRESENTATION_STYLE_ASSIGNMENT (( #3059 ) ) ;
#3059 = SURFACE_STYLE_USAGE ( .BOTH. , #3037 ) ;
#3060 =( NAMED_UNIT ( * ) PLANE_ANGLE_UNIT ( ) SI_UNIT ( $, .RADIAN. ) );
#3061 =( LENGTH_UNIT ( ) NAMED_UNIT ( * ) SI_UNIT ( .MILLI., .METRE. ) );
#3062 = MECHANICAL_DESIGN_GEOMETRIC_PRESENTATION_REPRESENTATION (  '', ( #3064 ), #3095 ) ;
#3063 = PRESENTATION_LAYER_ASSIGNMENT (  '', '', ( #3064 ) ) ;
#3064 = STYLED_ITEM ( 'NONE', ( #3065 ), #4176 ) ;
#3065 = PRESENTATION_STYLE_ASSIGNMENT (( #3066 ) ) ;
#3066 = SURFACE_STYLE_USAGE ( .BOTH. , #3067 ) ;
#3067 = SURFACE_SIDE_STYLE ('',( #3077 ) ) ;
#3068 = COLOUR_RGB ( '',0.8784313725490196000, 0.8784313725490196000, 0.8784313725490196000 ) ;
#3069 = PLANE ( 'NONE',  #3033 ) ;
#3070 = DIRECTION ( 'NONE',  ( 0.06975647374411812800, 0.0000000000000000000, -0.9975640502598247500 ) ) ;
#3071 = VECTOR ( 'NONE', #3070, 1000.000000000000100 ) ;
#3072 = CARTESIAN_POINT ( 'NONE',  ( -3.506378420924862300, -1.919999999999999900, 0.09121566889128197900 ) ) ;
#3073 = FILL_AREA_STYLE_COLOUR ( '', #3068 ) ;
#3074 = FILL_AREA_STYLE_COLOUR ( '', #3112 ) ;
#3075 = FACE_OUTER_BOUND ( 'NONE', #4146, .T. ) ;
#3076 = FILL_AREA_STYLE ('',( #3073 ) ) ;
#3077 = SURFACE_STYLE_FILL_AREA ( #3076 ) ;
#3078 = DIRECTION ( 'NONE',  ( 0.0000000000000000000, 0.0000000000000000000, -1.000000000000000000 ) ) ;
#3079 = DIRECTION ( 'NONE',  ( 0.0000000000000000000, -1.000000000000000000, -0.0000000000000000000 ) ) ;
#3080 =( GEOMETRIC_REPRESENTATION_CONTEXT ( 3 ) GLOBAL_UNCERTAINTY_ASSIGNED_CONTEXT ( ( #3081 ) ) GLOBAL_UNIT_ASSIGNED_CONTEXT ( ( #3027, #3026, #3082 ) ) REPRESENTATION_CONTEXT ( 'NONE', 'WORKASPACE' ) );
#3081 = UNCERTAINTY_MEASURE_WITH_UNIT (LENGTH_MEASURE( 1.000000000000000100E-005 ), #3027, 'distance_accuracy_value', 'NONE');
#3082 =( NAMED_UNIT ( * ) SI_UNIT ( $, .STERADIAN. ) SOLID_ANGLE_UNIT ( ) );
#3083 = ADVANCED_BREP_SHAPE_REPRESENTATION ( 'SOT230P700X180-4N_JEDEC_TO-261AA_SOT223-3', ( #3839, #3098 ), #3084 ) ;
#3084 =( GEOMETRIC_REPRESENTATION_CONTEXT ( 3 ) GLOBAL_UNCERTAINTY_ASSIGNED_CONTEXT ( ( #3085 ) ) GLOBAL_UNIT_ASSIGNED_CONTEXT ( ( #3094, #3087, #3086 ) ) REPRESENTATION_CONTEXT ( 'NONE', 'WORKASPACE' ) );
#3085 = UNCERTAINTY_MEASURE_WITH_UNIT (LENGTH_MEASURE( 1.000000000000000100E-005 ), #3094, 'distance_accuracy_value', 'NONE');
#3086 =( NAMED_UNIT ( * ) SI_UNIT ( $, .STERADIAN. ) SOLID_ANGLE_UNIT ( ) );
#3087 =( NAMED_UNIT ( * ) PLANE_ANGLE_UNIT ( ) SI_UNIT ( $, .RADIAN. ) );
#3088 = SURFACE_STYLE_FILL_AREA ( #3089 ) ;
#3089 = FILL_AREA_STYLE ('',( #3074 ) ) ;
#3090 = CARTESIAN_POINT ( 'NONE',  ( 0.0000000000000000000, 0.0000000000000000000, 0.0000000000000000000 ) ) ;
#3091 = DIRECTION ( 'NONE',  ( -0.06975647374411812800, 0.0000000000000000000, 0.9975640502598247500 ) ) ;
#3092 = DIRECTION ( 'NONE',  ( -0.9975640502598247500, 0.0000000000000000000, -0.06975647374411812800 ) ) ;
#3093 = CARTESIAN_POINT ( 'NONE',  ( -3.510452533221833300, -2.299999999999999800, 0.1494781891426356900 ) ) ;
#3094 =( LENGTH_UNIT ( ) NAMED_UNIT ( * ) SI_UNIT ( .MILLI., .METRE. ) );
#3095 =( GEOMETRIC_REPRESENTATION_CONTEXT ( 3 ) GLOBAL_UNCERTAINTY_ASSIGNED_CONTEXT ( ( #3096 ) ) GLOBAL_UNIT_ASSIGNED_CONTEXT ( ( #3061, #3060, #3097 ) ) REPRESENTATION_CONTEXT ( 'NONE', 'WORKASPACE' ) );
#3096 = UNCERTAINTY_MEASURE_WITH_UNIT (LENGTH_MEASURE( 1.000000000000000100E-005 ), #3061, 'distance_accuracy_value', 'NONE');
#3097 =( NAMED_UNIT ( * ) SI_UNIT ( $, .STERADIAN. ) SOLID_ANGLE_UNIT ( ) );
#3098 = AXIS2_PLACEMENT_3D ( 'NONE', #3090, #3099, #3100 ) ;
#3099 = DIRECTION ( 'NONE',  ( 0.0000000000000000000, 0.0000000000000000000, 1.000000000000000000 ) ) ;
#3100 = DIRECTION ( 'NONE',  ( 1.000000000000000000, 0.0000000000000000000, 0.0000000000000000000 ) ) ;
#3101 =( GEOMETRIC_REPRESENTATION_CONTEXT ( 3 ) GLOBAL_UNCERTAINTY_ASSIGNED_CONTEXT ( ( #3102 ) ) GLOBAL_UNIT_ASSIGNED_CONTEXT ( ( #3105, #3104, #3103 ) ) REPRESENTATION_CONTEXT ( 'NONE', 'WORKASPACE' ) );
#3102 = UNCERTAINTY_MEASURE_WITH_UNIT (LENGTH_MEASURE( 1.000000000000000100E-005 ), #3105, 'distance_accuracy_value', 'NONE');
#3103 =( NAMED_UNIT ( * ) SI_UNIT ( $, .STERADIAN. ) SOLID_ANGLE_UNIT ( ) );
#3104 =( NAMED_UNIT ( * ) PLANE_ANGLE_UNIT ( ) SI_UNIT ( $, .RADIAN. ) );
#3105 =( LENGTH_UNIT ( ) NAMED_UNIT ( * ) SI_UNIT ( .MILLI., .METRE. ) );
#3106 = MECHANICAL_DESIGN_GEOMETRIC_PRESENTATION_REPRESENTATION (  '', ( #3108 ), #3101 ) ;
#3107 = PRESENTATION_LAYER_ASSIGNMENT (  '', '', ( #3108 ) ) ;
#3108 = STYLED_ITEM ( 'NONE', ( #3109 ), #3083 ) ;
#3109 = PRESENTATION_STYLE_ASSIGNMENT (( #3110 ) ) ;
#3110 = SURFACE_STYLE_USAGE ( .BOTH. , #3111 ) ;
#3111 = SURFACE_SIDE_STYLE ('',( #3088 ) ) ;
#3112 = COLOUR_RGB ( '',0.7529411764705882200, 0.7529411764705882200, 0.7529411764705882200 ) ;
#3113 = APPLICATION_CONTEXT ( 'automotive_design' ) ;
#3114 = PRODUCT_DEFINITION_SHAPE ( 'NONE', 'NONE',  #3117 ) ;
#3115 = PRODUCT_RELATED_PRODUCT_CATEGORY ( 'part', '', ( #3122 ) ) ;
#3116 = PRODUCT_DEFINITION_FORMATION_WITH_SPECIFIED_SOURCE ( 'ANY', '', #3122, .NOT_KNOWN. ) ;
#3117 = PRODUCT_DEFINITION ( 'UNKNOWN', '', #3116, #3118 ) ;
#3118 = PRODUCT_DEFINITION_CONTEXT ( 'detailed design', #3120, 'design' ) ;
#3119 = APPLICATION_PROTOCOL_DEFINITION ( 'draft international standard', 'automotive_design', 1998, #3120 ) ;
#3120 = APPLICATION_CONTEXT ( 'automotive_design' ) ;
#3121 = SHAPE_DEFINITION_REPRESENTATION ( #3114, #3083 ) ;
#3122 = PRODUCT ( 'SOT230P700X180-4N_JEDEC_TO-261AA_SOT223-3', 'SOT230P700X180-4N_JEDEC_TO-261AA_SOT223-3', '', ( #3123 ) ) ;
#3123 = PRODUCT_CONTEXT ( 'NONE', #3113, 'mechanical' ) ;
#3124 = APPLICATION_PROTOCOL_DEFINITION ( 'draft international standard', 'automotive_design', 1998, #3113 ) ;
#3125 = ORIENTED_EDGE ( 'NONE', *, *, #3131, .T. ) ;
#3126 = EDGE_CURVE ( 'NONE', #3349, #3350, #4291, .T. ) ;
#3127 = EDGE_CURVE ( 'NONE', #3353, #3355, #4321, .T. ) ;
#3128 = EDGE_CURVE ( 'NONE', #3164, #3163, #4310, .T. ) ;
#3129 = EDGE_CURVE ( 'NONE', #3192, #3142, #4329, .T. ) ;
#3130 = EDGE_CURVE ( 'NONE', #3349, #3137, #4317, .T. ) ;
#3131 = EDGE_CURVE ( 'NONE', #3137, #3308, #4316, .T. ) ;
#3132 = EDGE_CURVE ( 'NONE', #3142, #3133, #4330, .T. ) ;
#3133 = VERTEX_POINT ( 'NONE', #4311 ) ;
#3134 = ORIENTED_EDGE ( 'NONE', *, *, #3132, .T. ) ;
#3135 = EDGE_CURVE ( 'NONE', #3201, #3192, #4335, .T. ) ;
#3136 = ORIENTED_EDGE ( 'NONE', *, *, #3184, .T. ) ;
#3137 = VERTEX_POINT ( 'NONE', #4341 ) ;
#3138 = ORIENTED_EDGE ( 'NONE', *, *, #3129, .T. ) ;
#3139 = ADVANCED_FACE ( 'NONE', ( #4350 ), #4376, .F. ) ;
#3140 = ORIENTED_EDGE ( 'NONE', *, *, #3135, .T. ) ;
#3141 = ORIENTED_EDGE ( 'NONE', *, *, #3166, .T. ) ;
#3142 = VERTEX_POINT ( 'NONE', #4367 ) ;
#3143 = ORIENTED_EDGE ( 'NONE', *, *, #3144, .T. ) ;
#3144 = EDGE_CURVE ( 'NONE', #3840, #3188, #4364, .T. ) ;
#3145 = EDGE_CURVE ( 'NONE', #3180, #3198, #4383, .T. ) ;
#3146 = ORIENTED_EDGE ( 'NONE', *, *, #3194, .T. ) ;
#3147 = ORIENTED_EDGE ( 'NONE', *, *, #3145, .T. ) ;
#3148 = EDGE_CURVE ( 'NONE', #3198, #32, #4404, .T. ) ;
#3149 = EDGE_CURVE ( 'NONE', #3173, #3154, #4392, .T. ) ;
#3150 = ORIENTED_EDGE ( 'NONE', *, *, #3149, .T. ) ;
#3151 = EDGE_CURVE ( 'NONE', #3169, #3154, #4405, .T. ) ;
#3152 = VERTEX_POINT ( 'NONE', #4408 ) ;
#3153 = EDGE_CURVE ( 'NONE', #3193, #3173, #4406, .T. ) ;
#3154 = VERTEX_POINT ( 'NONE', #4399 ) ;
#3155 = ORIENTED_EDGE ( 'NONE', *, *, #3213, .T. ) ;
#3156 = ORIENTED_EDGE ( 'NONE', *, *, #3148, .T. ) ;
#3157 = EDGE_CURVE ( 'NONE', #3191, #3169, #4393, .T. ) ;
#3158 = ORIENTED_EDGE ( 'NONE', *, *, #3212, .F. ) ;
#3159 = ORIENTED_EDGE ( 'NONE', *, *, #3128, .T. ) ;
#3160 = ADVANCED_FACE ( 'NONE', ( #4394 ), #4372, .F. ) ;
#3161 = EDGE_LOOP ( 'NONE', ( #3195, #3136, #3259, #3276, #3256, #3274 ) ) ;
#3162 = ORIENTED_EDGE ( 'NONE', *, *, #3172, .F. ) ;
#3163 = VERTEX_POINT ( 'NONE', #4368 ) ;
#3164 = VERTEX_POINT ( 'NONE', #4288 ) ;
#3165 = ORIENTED_EDGE ( 'NONE', *, *, #3209, .T. ) ;
#3166 = EDGE_CURVE ( 'NONE', #3163, #3817, #4369, .T. ) ;
#3167 = ORIENTED_EDGE ( 'NONE', *, *, #3171, .F. ) ;
#3168 = VERTEX_POINT ( 'NONE', #4444 ) ;
#3169 = VERTEX_POINT ( 'NONE', #4430 ) ;
#3170 = ADVANCED_FACE ( 'NONE', ( #4442 ), #4437, .F. ) ;
#3171 = EDGE_CURVE ( 'NONE', #3237, #3169, #1, .T. ) ;
#3172 = EDGE_CURVE ( 'NONE', #63, #3817, #8, .T. ) ;
#3173 = VERTEX_POINT ( 'NONE', #15 ) ;
#3174 = ORIENTED_EDGE ( 'NONE', *, *, #3153, .T. ) ;
#3175 = ORIENTED_EDGE ( 'NONE', *, *, #3206, .T. ) ;
#3176 = EDGE_LOOP ( 'NONE', ( #3216, #3223, #3211, #3178, #3210, #3221 ) ) ;
#3177 = EDGE_CURVE ( 'NONE', #3238, #3215, #13, .T. ) ;
#3178 = ORIENTED_EDGE ( 'NONE', *, *, #3212, .T. ) ;
#3179 = EDGE_CURVE ( 'NONE', #3215, #3243, #4449, .T. ) ;
#3180 = VERTEX_POINT ( 'NONE', #16 ) ;
#3181 = ORIENTED_EDGE ( 'NONE', *, *, #3200, .T. ) ;
#3182 = EDGE_CURVE ( 'NONE', #3203, #3152, #4418, .T. ) ;
#3183 = ADVANCED_FACE ( 'NONE', ( #161 ), #82, .F. ) ;
#3184 = EDGE_CURVE ( 'NONE', #3152, #3238, #108, .T. ) ;
#3185 = ADVANCED_FACE ( 'NONE', ( #135 ), #182, .F. ) ;
#3186 = ORIENTED_EDGE ( 'NONE', *, *, #3157, .T. ) ;
#3187 = ORIENTED_EDGE ( 'NONE', *, *, #3151, .F. ) ;
#3188 = VERTEX_POINT ( 'NONE', #124 ) ;
#3189 = EDGE_CURVE ( 'NONE', #3243, #63, #68, .T. ) ;
#3190 = ORIENTED_EDGE ( 'NONE', *, *, #3151, .T. ) ;
#3191 = VERTEX_POINT ( 'NONE', #142 ) ;
#3192 = VERTEX_POINT ( 'NONE', #141 ) ;
#3193 = VERTEX_POINT ( 'NONE', #140 ) ;
#3194 = EDGE_CURVE ( 'NONE', #3154, #3180, #117, .T. ) ;
#3195 = ORIENTED_EDGE ( 'NONE', *, *, #3182, .T. ) ;
#3196 = ORIENTED_EDGE ( 'NONE', *, *, #3189, .F. ) ;
#3197 = EDGE_LOOP ( 'NONE', ( #3199, #3186, #3190, #3146, #3147, #3156, #3204, #3208, #3218, #3143 ) ) ;
#3198 = VERTEX_POINT ( 'NONE', #129 ) ;
#3199 = ORIENTED_EDGE ( 'NONE', *, *, #3219, .T. ) ;
#3200 = EDGE_CURVE ( 'NONE', #3168, #3193, #177, .T. ) ;
#3201 = VERTEX_POINT ( 'NONE', #70 ) ;
#3202 = EDGE_LOOP ( 'NONE', ( #3158, #3155, #3159, #3141, #3162, #3196 ) ) ;
#3203 = VERTEX_POINT ( 'NONE', #103 ) ;
#3204 = ORIENTED_EDGE ( 'NONE', *, *, #31, .T. ) ;
#3205 = EDGE_LOOP ( 'NONE', ( #3140, #3138, #3134, #3165 ) ) ;
#3206 = EDGE_CURVE ( 'NONE', #3237, #3168, #114, .T. ) ;
#3207 = EDGE_CURVE ( 'NONE', #3224, #3244, #144, .T. ) ;
#3208 = ORIENTED_EDGE ( 'NONE', *, *, #3220, .T. ) ;
#3209 = EDGE_CURVE ( 'NONE', #3133, #3201, #118, .T. ) ;
#3210 = ORIENTED_EDGE ( 'NONE', *, *, #3179, .F. ) ;
#3211 = ORIENTED_EDGE ( 'NONE', *, *, #3207, .T. ) ;
#3212 = EDGE_CURVE ( 'NONE', #3244, #3243, #154, .T. ) ;
#3213 = EDGE_CURVE ( 'NONE', #3244, #3164, #90, .T. ) ;
#3214 = EDGE_LOOP ( 'NONE', ( #3167, #3175, #3181, #3174, #3150, #3187 ) ) ;
#3215 = VERTEX_POINT ( 'NONE', #150 ) ;
#3216 = ORIENTED_EDGE ( 'NONE', *, *, #3236, .F. ) ;
#3217 = EDGE_CURVE ( 'NONE', #3245, #3224, #149, .T. ) ;
#3218 = ORIENTED_EDGE ( 'NONE', *, *, #3819, .T. ) ;
#3219 = EDGE_CURVE ( 'NONE', #3188, #3191, #79, .T. ) ;
#3220 = EDGE_CURVE ( 'NONE', #28, #3820, #119, .T. ) ;
#3221 = ORIENTED_EDGE ( 'NONE', *, *, #3177, .F. ) ;
#3222 = ADVANCED_FACE ( 'NONE', ( #75 ), #72, .F. ) ;
#3223 = ORIENTED_EDGE ( 'NONE', *, *, #3217, .T. ) ;
#3224 = VERTEX_POINT ( 'NONE', #7 ) ;
#3225 = VERTEX_POINT ( 'NONE', #17 ) ;
#3226 = VERTEX_POINT ( 'NONE', #9 ) ;
#3227 = VERTEX_POINT ( 'NONE', #4419 ) ;
#3228 = VERTEX_POINT ( 'NONE', #4455 ) ;
#3229 = VERTEX_POINT ( 'NONE', #4454 ) ;
#3230 = ORIENTED_EDGE ( 'NONE', *, *, #3232, .T. ) ;
#3231 = ORIENTED_EDGE ( 'NONE', *, *, #3233, .T. ) ;
#3232 = EDGE_CURVE ( 'NONE', #66, #44, #21, .T. ) ;
#3233 = EDGE_CURVE ( 'NONE', #3306, #26, #99, .T. ) ;
#3234 = VERTEX_POINT ( 'NONE', #281 ) ;
#3235 = VERTEX_POINT ( 'NONE', #287 ) ;
#3236 = EDGE_CURVE ( 'NONE', #3245, #3238, #286, .T. ) ;
#3237 = VERTEX_POINT ( 'NONE', #267 ) ;
#3238 = VERTEX_POINT ( 'NONE', #296 ) ;
#3239 = ORIENTED_EDGE ( 'NONE', *, *, #3372, .F. ) ;
#3240 = ORIENTED_EDGE ( 'NONE', *, *, #3296, .T. ) ;
#3241 = ORIENTED_EDGE ( 'NONE', *, *, #3261, .T. ) ;
#3242 = EDGE_CURVE ( 'NONE', #3229, #3306, #289, .T. ) ;
#3243 = VERTEX_POINT ( 'NONE', #279 ) ;
#3244 = VERTEX_POINT ( 'NONE', #258 ) ;
#3245 = VERTEX_POINT ( 'NONE', #282 ) ;
#3246 = EDGE_CURVE ( 'NONE', #3385, #3384, #285, .T. ) ;
#3247 = EDGE_CURVE ( 'NONE', #3235, #3234, #300, .T. ) ;
#3248 = ADVANCED_FACE ( 'NONE', ( #266 ), #222, .T. ) ;
#3249 = EDGE_CURVE ( 'NONE', #3234, #3386, #312, .T. ) ;
#3250 = ORIENTED_EDGE ( 'NONE', *, *, #3366, .T. ) ;
#3251 = ADVANCED_FACE ( 'NONE', ( #336 ), #219, .T. ) ;
#3252 = ORIENTED_EDGE ( 'NONE', *, *, #3253, .T. ) ;
#3253 = EDGE_CURVE ( 'NONE', #3282, #3385, #360, .T. ) ;
#3254 = ORIENTED_EDGE ( 'NONE', *, *, #3260, .T. ) ;
#3255 = EDGE_LOOP ( 'NONE', ( #3272, #3254, #3292, #3293 ) ) ;
#3256 = ORIENTED_EDGE ( 'NONE', *, *, #64, .T. ) ;
#3257 = ORIENTED_EDGE ( 'NONE', *, *, #3291, .T. ) ;
#3258 = EDGE_LOOP ( 'NONE', ( #3263, #3241, #3285, #3231, #3265, #3230, #3278, #3240, #3239, #3379 ) ) ;
#3259 = ORIENTED_EDGE ( 'NONE', *, *, #3177, .T. ) ;
#3260 = EDGE_CURVE ( 'NONE', #3267, #3269, #339, .T. ) ;
#3261 = EDGE_CURVE ( 'NONE', #3193, #3229, #340, .T. ) ;
#3262 = EDGE_CURVE ( 'NONE', #3266, #3267, #367, .T. ) ;
#3263 = ORIENTED_EDGE ( 'NONE', *, *, #3153, .F. ) ;
#3264 = ADVANCED_FACE ( 'NONE', ( #365 ), #384, .F. ) ;
#3265 = ORIENTED_EDGE ( 'NONE', *, *, #41, .F. ) ;
#3266 = VERTEX_POINT ( 'NONE', #371 ) ;
#3267 = VERTEX_POINT ( 'NONE', #364 ) ;
#3268 = ORIENTED_EDGE ( 'NONE', *, *, #3374, .T. ) ;
#3269 = VERTEX_POINT ( 'NONE', #370 ) ;
#3270 = EDGE_CURVE ( 'NONE', #65, #3203, #354, .T. ) ;
#3271 = ADVANCED_FACE ( 'NONE', ( #363 ), #240, .F. ) ;
#3272 = ORIENTED_EDGE ( 'NONE', *, *, #3262, .T. ) ;
#3273 = EDGE_CURVE ( 'NONE', #3841, #3215, #193, .T. ) ;
#3274 = ORIENTED_EDGE ( 'NONE', *, *, #3270, .T. ) ;
#3275 = EDGE_LOOP ( 'NONE', ( #3288, #3389, #3388, #3283 ) ) ;
#3276 = ORIENTED_EDGE ( 'NONE', *, *, #3273, .F. ) ;
#3277 = EDGE_CURVE ( 'NONE', #3305, #3266, #407, .T. ) ;
#3278 = ORIENTED_EDGE ( 'NONE', *, *, #3347, .F. ) ;
#3279 = EDGE_LOOP ( 'NONE', ( #3250, #3252, #3290, #3257 ) ) ;
#3280 = ORIENTED_EDGE ( 'NONE', *, *, #3367, .T. ) ;
#3281 = VERTEX_POINT ( 'NONE', #419 ) ;
#3282 = VERTEX_POINT ( 'NONE', #418 ) ;
#3283 = ORIENTED_EDGE ( 'NONE', *, *, #3392, .T. ) ;
#3284 = EDGE_LOOP ( 'NONE', ( #3303, #3301, #3364, #3368 ) ) ;
#3285 = ORIENTED_EDGE ( 'NONE', *, *, #3242, .T. ) ;
#3286 = ADVANCED_FACE ( 'NONE', ( #400 ), #430, .F. ) ;
#3287 = VERTEX_POINT ( 'NONE', #421 ) ;
#3288 = ORIENTED_EDGE ( 'NONE', *, *, #3373, .T. ) ;
#3289 = VERTEX_POINT ( 'NONE', #404 ) ;
#3290 = ORIENTED_EDGE ( 'NONE', *, *, #3246, .T. ) ;
#3291 = EDGE_CURVE ( 'NONE', #3384, #3281, #410, .T. ) ;
#3292 = ORIENTED_EDGE ( 'NONE', *, *, #3295, .T. ) ;
#3293 = ORIENTED_EDGE ( 'NONE', *, *, #3277, .T. ) ;
#3294 = EDGE_CURVE ( 'NONE', #3304, #3387, #231, .T. ) ;
#3295 = EDGE_CURVE ( 'NONE', #3269, #3305, #423, .T. ) ;
#3296 = EDGE_CURVE ( 'NONE', #43, #3225, #199, .T. ) ;
#3297 = EDGE_CURVE ( 'NONE', #3287, #3304, #441, .T. ) ;
#3298 = VERTEX_POINT ( 'NONE', #457 ) ;
#3299 = EDGE_CURVE ( 'NONE', #3287, #3298, #440, .T. ) ;
#3300 = ADVANCED_FACE ( 'NONE', ( #451 ), #245, .T. ) ;
#3301 = ORIENTED_EDGE ( 'NONE', *, *, #3302, .T. ) ;
#3302 = EDGE_CURVE ( 'NONE', #3298, #3387, #467, .T. ) ;
#3303 = ORIENTED_EDGE ( 'NONE', *, *, #3299, .T. ) ;
#3304 = VERTEX_POINT ( 'NONE', #459 ) ;
#3305 = VERTEX_POINT ( 'NONE', #465 ) ;
#3306 = VERTEX_POINT ( 'NONE', #458 ) ;
#3307 = EDGE_LOOP ( 'NONE', ( #3328, #3330, #3360, #3311 ) ) ;
#3308 = VERTEX_POINT ( 'NONE', #462 ) ;
#3309 = EDGE_CURVE ( 'NONE', #3352, #3355, #479, .T. ) ;
#3310 = VERTEX_POINT ( 'NONE', #470 ) ;
#3311 = ORIENTED_EDGE ( 'NONE', *, *, #3127, .T. ) ;
#3312 = EDGE_CURVE ( 'NONE', #3308, #3320, #478, .T. ) ;
#3313 = EDGE_LOOP ( 'NONE', ( #3125, #3361, #3325, #3326 ) ) ;
#3314 = ADVANCED_FACE ( 'NONE', ( #461 ), #249, .T. ) ;
#3315 = ADVANCED_FACE ( 'NONE', ( #490 ), #306, .T. ) ;
#3316 = ORIENTED_EDGE ( 'NONE', *, *, #3309, .T. ) ;
#3317 = ORIENTED_EDGE ( 'NONE', *, *, #3894, .T. ) ;
#3318 = EDGE_CURVE ( 'NONE', #3350, #3336, #503, .T. ) ;
#3319 = EDGE_CURVE ( 'NONE', #3352, #3323, #493, .T. ) ;
#3320 = VERTEX_POINT ( 'NONE', #499 ) ;
#3321 = EDGE_CURVE ( 'NONE', #3336, #3344, #498, .T. ) ;
#3322 = VERTEX_POINT ( 'NONE', #506 ) ;
#3323 = VERTEX_POINT ( 'NONE', #495 ) ;
#3324 = ORIENTED_EDGE ( 'NONE', *, *, #3363, .F. ) ;
#3325 = ORIENTED_EDGE ( 'NONE', *, *, #3126, .F. ) ;
#3326 = ORIENTED_EDGE ( 'NONE', *, *, #3130, .T. ) ;
#3327 = EDGE_LOOP ( 'NONE', ( #3317, #3891, #4012, #3904 ) ) ;
#3328 = ORIENTED_EDGE ( 'NONE', *, *, #3309, .F. ) ;
#3329 = ADVANCED_FACE ( 'NONE', ( #250 ), #420, .F. ) ;
#3330 = ORIENTED_EDGE ( 'NONE', *, *, #3331, .F. ) ;
#3331 = EDGE_CURVE ( 'NONE', #3310, #3352, #254, .T. ) ;
#3332 = ADVANCED_FACE ( 'NONE', ( #605 ), #581, .T. ) ;
#3333 = EDGE_CURVE ( 'NONE', #3323, #3322, #576, .T. ) ;
#3334 = ORIENTED_EDGE ( 'NONE', *, *, #3362, .T. ) ;
#3335 = ADVANCED_FACE ( 'NONE', ( #600 ), #604, .T. ) ;
#3336 = VERTEX_POINT ( 'NONE', #610 ) ;
#3337 = EDGE_CURVE ( 'NONE', #3344, #3343, #657, .T. ) ;
#3338 = EDGE_LOOP ( 'NONE', ( #3351, #3357, #3359, #3354 ) ) ;
#3339 = EDGE_CURVE ( 'NONE', #3320, #3343, #626, .T. ) ;
#3340 = ORIENTED_EDGE ( 'NONE', *, *, #3341, .F. ) ;
#3341 = EDGE_CURVE ( 'NONE', #3308, #3350, #601, .T. ) ;
#3342 = EDGE_LOOP ( 'NONE', ( #3324, #3348, #3340, #3345 ) ) ;
#3343 = VERTEX_POINT ( 'NONE', #650 ) ;
#3344 = VERTEX_POINT ( 'NONE', #648 ) ;
#3345 = ORIENTED_EDGE ( 'NONE', *, *, #3312, .T. ) ;
#3346 = EDGE_CURVE ( 'NONE', #3353, #3310, #583, .T. ) ;
#3347 = EDGE_CURVE ( 'NONE', #43, #44, #640, .T. ) ;
#3348 = ORIENTED_EDGE ( 'NONE', *, *, #3318, .F. ) ;
#3349 = VERTEX_POINT ( 'NONE', #609 ) ;
#3350 = VERTEX_POINT ( 'NONE', #644 ) ;
#3351 = ORIENTED_EDGE ( 'NONE', *, *, #3363, .T. ) ;
#3352 = VERTEX_POINT ( 'NONE', #636 ) ;
#3353 = VERTEX_POINT ( 'NONE', #649 ) ;
#3354 = ORIENTED_EDGE ( 'NONE', *, *, #3321, .F. ) ;
#3355 = VERTEX_POINT ( 'NONE', #622 ) ;
#3356 = ORIENTED_EDGE ( 'NONE', *, *, #3333, .F. ) ;
#3357 = ORIENTED_EDGE ( 'NONE', *, *, #3339, .T. ) ;
#3358 = ORIENTED_EDGE ( 'NONE', *, *, #3319, .F. ) ;
#3359 = ORIENTED_EDGE ( 'NONE', *, *, #3337, .F. ) ;
#3360 = ORIENTED_EDGE ( 'NONE', *, *, #3346, .F. ) ;
#3361 = ORIENTED_EDGE ( 'NONE', *, *, #3341, .T. ) ;
#3362 = EDGE_CURVE ( 'NONE', #3355, #3322, #632, .T. ) ;
#3363 = EDGE_CURVE ( 'NONE', #3336, #3320, #682, .T. ) ;
#3364 = ORIENTED_EDGE ( 'NONE', *, *, #3294, .F. ) ;
#3365 = EDGE_LOOP ( 'NONE', ( #3376, #3391, #3429, #3402 ) ) ;
#3366 = EDGE_CURVE ( 'NONE', #3281, #3282, #676, .T. ) ;
#3367 = EDGE_CURVE ( 'NONE', #3180, #3226, #671, .T. ) ;
#3368 = ORIENTED_EDGE ( 'NONE', *, *, #3297, .F. ) ;
#3369 = ORIENTED_EDGE ( 'NONE', *, *, #3145, .F. ) ;
#3370 = ADVANCED_FACE ( 'NONE', ( #627 ), #630, .F. ) ;
#3371 = EDGE_LOOP ( 'NONE', ( #3377, #3268, #3369, #3280 ) ) ;
#3372 = EDGE_CURVE ( 'NONE', #3226, #3225, #718, .T. ) ;
#3373 = EDGE_CURVE ( 'NONE', #3227, #3228, #711, .T. ) ;
#3374 = EDGE_CURVE ( 'NONE', #3225, #3198, #705, .T. ) ;
#3375 = VERTEX_POINT ( 'NONE', #712 ) ;
#3376 = ORIENTED_EDGE ( 'NONE', *, *, #3247, .T. ) ;
#3377 = ORIENTED_EDGE ( 'NONE', *, *, #3372, .T. ) ;
#3378 = EDGE_CURVE ( 'NONE', #3226, #3173, #658, .T. ) ;
#3379 = ORIENTED_EDGE ( 'NONE', *, *, #3378, .T. ) ;
#3380 = ADVANCED_FACE ( 'NONE', ( #697 ), #693, .T. ) ;
#3381 = EDGE_CURVE ( 'NONE', #3426, #3173, #738, .T. ) ;
#3382 = ORIENTED_EDGE ( 'NONE', *, *, #3378, .F. ) ;
#3383 = EDGE_CURVE ( 'NONE', #3228, #3289, #729, .T. ) ;
#3384 = VERTEX_POINT ( 'NONE', #730 ) ;
#3385 = VERTEX_POINT ( 'NONE', #707 ) ;
#3386 = VERTEX_POINT ( 'NONE', #725 ) ;
#3387 = VERTEX_POINT ( 'NONE', #694 ) ;
#3388 = ORIENTED_EDGE ( 'NONE', *, *, #3390, .T. ) ;
#3389 = ORIENTED_EDGE ( 'NONE', *, *, #3383, .T. ) ;
#3390 = EDGE_CURVE ( 'NONE', #3289, #3375, #724, .T. ) ;
#3391 = ORIENTED_EDGE ( 'NONE', *, *, #3249, .T. ) ;
#3392 = EDGE_CURVE ( 'NONE', #3375, #3227, #719, .T. ) ;
#3393 = EDGE_CURVE ( 'NONE', #3394, #3235, #734, .T. ) ;
#3394 = VERTEX_POINT ( 'NONE', #775 ) ;
#3395 = ORIENTED_EDGE ( 'NONE', *, *, #3431, .F. ) ;
#3396 = EDGE_CURVE ( 'NONE', #3449, #3180, #759, .T. ) ;
#3397 = EDGE_LOOP ( 'NONE', ( #3411, #3476, #3412, #3482 ) ) ;
#3398 = ADVANCED_FACE ( 'NONE', ( #770 ), #763, .T. ) ;
#3399 = VERTEX_POINT ( 'NONE', #761 ) ;
#3400 = EDGE_LOOP ( 'NONE', ( #3401, #3434, #3405, #3416 ) ) ;
#3401 = ORIENTED_EDGE ( 'NONE', *, *, #3247, .F. ) ;
#3402 = ORIENTED_EDGE ( 'NONE', *, *, #3435, .F. ) ;
#3403 = VERTEX_POINT ( 'NONE', #801 ) ;
#3404 = EDGE_LOOP ( 'NONE', ( #3436, #3438, #3478, #3472 ) ) ;
#3405 = ORIENTED_EDGE ( 'NONE', *, *, #3417, .F. ) ;
#3406 = VERTEX_POINT ( 'NONE', #800 ) ;
#3407 = EDGE_LOOP ( 'NONE', ( #3446, #3445, #3455, #3439 ) ) ;
#3408 = ADVANCED_FACE ( 'NONE', ( #795 ), #513, .F. ) ;
#3409 = VERTEX_POINT ( 'NONE', #494 ) ;
#3410 = EDGE_CURVE ( 'NONE', #3409, #3287, #318, .T. ) ;
#3411 = ORIENTED_EDGE ( 'NONE', *, *, #3299, .F. ) ;
#3412 = ORIENTED_EDGE ( 'NONE', *, *, #3477, .F. ) ;
#3413 = VERTEX_POINT ( 'NONE', #778 ) ;
#3414 = VERTEX_POINT ( 'NONE', #793 ) ;
#3415 = EDGE_CURVE ( 'NONE', #3413, #3234, #539, .T. ) ;
#3416 = ORIENTED_EDGE ( 'NONE', *, *, #3415, .T. ) ;
#3417 = EDGE_CURVE ( 'NONE', #3413, #3394, #840, .T. ) ;
#3418 = EDGE_CURVE ( 'NONE', #3456, #3414, #835, .T. ) ;
#3419 = ORIENTED_EDGE ( 'NONE', *, *, #3444, .F. ) ;
#3420 = ORIENTED_EDGE ( 'NONE', *, *, #3418, .T. ) ;
#3421 = VERTEX_POINT ( 'NONE', #843 ) ;
#3422 = EDGE_CURVE ( 'NONE', #3449, #3480, #833, .T. ) ;
#3423 = ORIENTED_EDGE ( 'NONE', *, *, #3448, .F. ) ;
#3424 = ADVANCED_FACE ( 'NONE', ( #825 ), #842, .F. ) ;
#3425 = ADVANCED_FACE ( 'NONE', ( #863 ), #824, .T. ) ;
#3426 = VERTEX_POINT ( 'NONE', #861 ) ;
#3427 = ORIENTED_EDGE ( 'NONE', *, *, #3474, .F. ) ;
#3428 = ORIENTED_EDGE ( 'NONE', *, *, #3452, .T. ) ;
#3429 = ORIENTED_EDGE ( 'NONE', *, *, #3430, .F. ) ;
#3430 = EDGE_CURVE ( 'NONE', #3406, #3386, #860, .T. ) ;
#3431 = EDGE_CURVE ( 'NONE', #3421, #3226, #896, .T. ) ;
#3432 = EDGE_CURVE ( 'NONE', #3456, #3449, #885, .T. ) ;
#3433 = ORIENTED_EDGE ( 'NONE', *, *, #3396, .F. ) ;
#3434 = ORIENTED_EDGE ( 'NONE', *, *, #3393, .F. ) ;
#3435 = EDGE_CURVE ( 'NONE', #3235, #3406, #897, .T. ) ;
#3436 = ORIENTED_EDGE ( 'NONE', *, *, #3473, .T. ) ;
#3437 = ORIENTED_EDGE ( 'NONE', *, *, #3373, .F. ) ;
#3438 = ORIENTED_EDGE ( 'NONE', *, *, #3417, .T. ) ;
#3439 = ORIENTED_EDGE ( 'NONE', *, *, #3444, .T. ) ;
#3440 = EDGE_CURVE ( 'NONE', #3480, #3409, #871, .T. ) ;
#3441 = EDGE_LOOP ( 'NONE', ( #3419, #3453, #3451, #3420 ) ) ;
#3442 = EDGE_LOOP ( 'NONE', ( #3427, #3423, #3447, #3428 ) ) ;
#3443 = ADVANCED_FACE ( 'NONE', ( #874 ), #876, .T. ) ;
#3444 = EDGE_CURVE ( 'NONE', #3480, #3414, #912, .T. ) ;
#3445 = ORIENTED_EDGE ( 'NONE', *, *, #3477, .T. ) ;
#3446 = ORIENTED_EDGE ( 'NONE', *, *, #3470, .T. ) ;
#3447 = ORIENTED_EDGE ( 'NONE', *, *, #3454, .F. ) ;
#3448 = EDGE_CURVE ( 'NONE', #3426, #3489, #901, .T. ) ;
#3449 = VERTEX_POINT ( 'NONE', #875 ) ;
#3450 = EDGE_LOOP ( 'NONE', ( #3483, #3433, #3485, #3488, #3484, #3486, #3466, #3465, #3468, #3460, #3467, #3469 ) ) ;
#3451 = ORIENTED_EDGE ( 'NONE', *, *, #3432, .F. ) ;
#3452 = EDGE_CURVE ( 'NONE', #3421, #3403, #890, .T. ) ;
#3453 = ORIENTED_EDGE ( 'NONE', *, *, #3422, .F. ) ;
#3454 = EDGE_CURVE ( 'NONE', #3421, #3426, #908, .T. ) ;
#3455 = ORIENTED_EDGE ( 'NONE', *, *, #3440, .F. ) ;
#3456 = VERTEX_POINT ( 'NONE', #942 ) ;
#3457 = ADVANCED_FACE ( 'NONE', ( #941 ), #913, .T. ) ;
#3458 = ORIENTED_EDGE ( 'NONE', *, *, #3454, .T. ) ;
#3459 = ORIENTED_EDGE ( 'NONE', *, *, #3381, .T. ) ;
#3460 = ORIENTED_EDGE ( 'NONE', *, *, #3473, .F. ) ;
#3461 = ADVANCED_FACE ( 'NONE', ( #976 ), #894, .T. ) ;
#3462 = EDGE_CURVE ( 'NONE', #3386, #3304, #957, .T. ) ;
#3463 = VERTEX_POINT ( 'NONE', #1012 ) ;
#3464 = ORIENTED_EDGE ( 'NONE', *, *, #3498, .T. ) ;
#3465 = ORIENTED_EDGE ( 'NONE', *, *, #3249, .F. ) ;
#3466 = ORIENTED_EDGE ( 'NONE', *, *, #3462, .F. ) ;
#3467 = ORIENTED_EDGE ( 'NONE', *, *, #3452, .F. ) ;
#3468 = ORIENTED_EDGE ( 'NONE', *, *, #3415, .F. ) ;
#3469 = ORIENTED_EDGE ( 'NONE', *, *, #3431, .T. ) ;
#3470 = EDGE_CURVE ( 'NONE', #3414, #3399, #1007, .T. ) ;
#3471 = EDGE_CURVE ( 'NONE', #3489, #3394, #958, .T. ) ;
#3472 = ORIENTED_EDGE ( 'NONE', *, *, #3474, .T. ) ;
#3473 = EDGE_CURVE ( 'NONE', #3403, #3413, #999, .T. ) ;
#3474 = EDGE_CURVE ( 'NONE', #3489, #3403, #959, .T. ) ;
#3475 = ADVANCED_FACE ( 'NONE', ( #995 ), #1000, .T. ) ;
#3476 = ORIENTED_EDGE ( 'NONE', *, *, #3410, .F. ) ;
#3477 = EDGE_CURVE ( 'NONE', #3399, #3409, #1037, .T. ) ;
#3478 = ORIENTED_EDGE ( 'NONE', *, *, #3471, .F. ) ;
#3479 = EDGE_CURVE ( 'NONE', #3399, #3298, #987, .T. ) ;
#3480 = VERTEX_POINT ( 'NONE', #1028 ) ;
#3481 = EDGE_LOOP ( 'NONE', ( #3382, #3395, #3458, #3459 ) ) ;
#3482 = ORIENTED_EDGE ( 'NONE', *, *, #3479, .T. ) ;
#3483 = ORIENTED_EDGE ( 'NONE', *, *, #3367, .F. ) ;
#3484 = ORIENTED_EDGE ( 'NONE', *, *, #3410, .T. ) ;
#3485 = ORIENTED_EDGE ( 'NONE', *, *, #3422, .T. ) ;
#3486 = ORIENTED_EDGE ( 'NONE', *, *, #3297, .T. ) ;
#3487 = EDGE_LOOP ( 'NONE', ( #3494, #3604, #3596, #3744 ) ) ;
#3488 = ORIENTED_EDGE ( 'NONE', *, *, #3440, .T. ) ;
#3489 = VERTEX_POINT ( 'NONE', #1029 ) ;
#3490 = VERTEX_POINT ( 'NONE', #1022 ) ;
#3491 = ADVANCED_FACE ( 'NONE', ( #1020 ), #526, .F. ) ;
#3492 = VERTEX_POINT ( 'NONE', #1030 ) ;
#3493 = VERTEX_POINT ( 'NONE', #988 ) ;
#3494 = ORIENTED_EDGE ( 'NONE', *, *, #3194, .F. ) ;
#3495 = ORIENTED_EDGE ( 'NONE', *, *, #3602, .F. ) ;
#3496 = EDGE_LOOP ( 'NONE', ( #3597, #3581, #3545, #3593 ) ) ;
#3497 = EDGE_CURVE ( 'NONE', #3463, #3490, #544, .T. ) ;
#3498 = EDGE_CURVE ( 'NONE', #3227, #3463, #1061, .T. ) ;
#3499 = EDGE_LOOP ( 'NONE', ( #3543, #3592, #3723, #3600, #3745, #3595, #3495, #3601, #3594, #3588, #3598, #3605 ) ) ;
#3500 = VERTEX_POINT ( 'NONE', #1054 ) ;
#3501 = EDGE_LOOP ( 'NONE', ( #3562, #3698, #3660, #3585, #3658, #3580 ) ) ;
#3502 = ORIENTED_EDGE ( 'NONE', *, *, #3737, .T. ) ;
#3503 = EDGE_CURVE ( 'NONE', #3659, #3493, #1055, .T. ) ;
#3504 = ORIENTED_EDGE ( 'NONE', *, *, #3636, .T. ) ;
#3505 = ORIENTED_EDGE ( 'NONE', *, *, #3564, .T. ) ;
#3506 = ORIENTED_EDGE ( 'NONE', *, *, #3565, .T. ) ;
#3507 = EDGE_CURVE ( 'NONE', #3749, #3546, #1056, .T. ) ;
#3508 = ORIENTED_EDGE ( 'NONE', *, *, #3509, .T. ) ;
#3509 = EDGE_CURVE ( 'NONE', #3607, #3375, #1077, .T. ) ;
#3510 = ORIENTED_EDGE ( 'NONE', *, *, #3538, .T. ) ;
#3511 = EDGE_CURVE ( 'NONE', #3281, #3584, #1071, .T. ) ;
#3512 = ORIENTED_EDGE ( 'NONE', *, *, #3246, .F. ) ;
#3513 = ORIENTED_EDGE ( 'NONE', *, *, #3759, .T. ) ;
#3514 = EDGE_LOOP ( 'NONE', ( #3752, #3751, #3756, #3753 ) ) ;
#3515 = ORIENTED_EDGE ( 'NONE', *, *, #3713, .T. ) ;
#3516 = EDGE_CURVE ( 'NONE', #3721, #3614, #1045, .T. ) ;
#3517 = VERTEX_POINT ( 'NONE', #1070 ) ;
#3518 = ORIENTED_EDGE ( 'NONE', *, *, #3516, .F. ) ;
#3519 = EDGE_CURVE ( 'NONE', #3642, #3721, #1062, .T. ) ;
#3520 = EDGE_CURVE ( 'NONE', #3612, #3741, #1053, .T. ) ;
#3521 = ADVANCED_FACE ( 'NONE', ( #1076 ), #1078, .F. ) ;
#3522 = ORIENTED_EDGE ( 'NONE', *, *, #3523, .T. ) ;
#3523 = EDGE_CURVE ( 'NONE', #3712, #3742, #1079, .T. ) ;
#3524 = EDGE_CURVE ( 'NONE', #3712, #3741, #1127, .T. ) ;
#3525 = ORIENTED_EDGE ( 'NONE', *, *, #3590, .T. ) ;
#3526 = ORIENTED_EDGE ( 'NONE', *, *, #3497, .T. ) ;
#3527 = ORIENTED_EDGE ( 'NONE', *, *, #3528, .F. ) ;
#3528 = EDGE_CURVE ( 'NONE', #3625, #3626, #1130, .T. ) ;
#3529 = VERTEX_POINT ( 'NONE', #1121 ) ;
#3530 = EDGE_CURVE ( 'NONE', #3625, #3637, #1123, .T. ) ;
#3531 = ORIENTED_EDGE ( 'NONE', *, *, #3530, .T. ) ;
#3532 = VERTEX_POINT ( 'NONE', #1116 ) ;
#3533 = EDGE_LOOP ( 'NONE', ( #3630, #3535, #3527, #3531 ) ) ;
#3534 = EDGE_CURVE ( 'NONE', #3741, #3702, #1112, .T. ) ;
#3535 = ORIENTED_EDGE ( 'NONE', *, *, #3629, .F. ) ;
#3536 = ORIENTED_EDGE ( 'NONE', *, *, #3534, .F. ) ;
#3537 = EDGE_CURVE ( 'NONE', #3618, #3612, #1115, .T. ) ;
#3538 = EDGE_CURVE ( 'NONE', #3490, #3748, #1105, .T. ) ;
#3539 = EDGE_LOOP ( 'NONE', ( #3512, #3513, #3541, #3544, #3583, #3715 ) ) ;
#3540 = EDGE_CURVE ( 'NONE', #3599, #3727, #1166, .T. ) ;
#3541 = ORIENTED_EDGE ( 'NONE', *, *, #3540, .T. ) ;
#3542 = EDGE_CURVE ( 'NONE', #3727, #3726, #1106, .T. ) ;
#3543 = ORIENTED_EDGE ( 'NONE', *, *, #3149, .F. ) ;
#3544 = ORIENTED_EDGE ( 'NONE', *, *, #3542, .T. ) ;
#3545 = ORIENTED_EDGE ( 'NONE', *, *, #3602, .T. ) ;
#3546 = VERTEX_POINT ( 'NONE', #1167 ) ;
#3547 = EDGE_CURVE ( 'NONE', #3702, #3716, #1165, .T. ) ;
#3548 = ORIENTED_EDGE ( 'NONE', *, *, #3557, .T. ) ;
#3549 = ORIENTED_EDGE ( 'NONE', *, *, #3657, .F. ) ;
#3550 = ORIENTED_EDGE ( 'NONE', *, *, #3534, .T. ) ;
#3551 = ORIENTED_EDGE ( 'NONE', *, *, #3530, .F. ) ;
#3552 = ORIENTED_EDGE ( 'NONE', *, *, #3707, .F. ) ;
#3553 = ORIENTED_EDGE ( 'NONE', *, *, #3547, .T. ) ;
#3554 = ORIENTED_EDGE ( 'NONE', *, *, #3758, .F. ) ;
#3555 = ORIENTED_EDGE ( 'NONE', *, *, #3710, .T. ) ;
#3556 = EDGE_LOOP ( 'NONE', ( #3552, #3555, #3664, #3549 ) ) ;
#3557 = EDGE_CURVE ( 'NONE', #3532, #3215, #1114, .T. ) ;
#3558 = ORIENTED_EDGE ( 'NONE', *, *, #3696, .F. ) ;
#3559 = ORIENTED_EDGE ( 'NONE', *, *, #3822, .T. ) ;
#3560 = ADVANCED_FACE ( 'NONE', ( #1096 ), #1142, .T. ) ;
#3561 = ORIENTED_EDGE ( 'NONE', *, *, #3509, .F. ) ;
#3562 = ORIENTED_EDGE ( 'NONE', *, *, #3582, .T. ) ;
#3563 = EDGE_CURVE ( 'NONE', #3500, #3282, #1179, .T. ) ;
#3564 = EDGE_CURVE ( 'NONE', #3546, #3606, #1174, .T. ) ;
#3565 = EDGE_CURVE ( 'NONE', #3606, #3607, #1172, .T. ) ;
#3566 = EDGE_CURVE ( 'NONE', #3224, #3607, #1214, .T. ) ;
#3567 = ORIENTED_EDGE ( 'NONE', *, *, #3684, .T. ) ;
#3568 = ADVANCED_FACE ( 'NONE', ( #1218 ), #1156, .T. ) ;
#3569 = EDGE_LOOP ( 'NONE', ( #3571, #3573, #3570, #3576, #3575 ) ) ;
#3570 = ORIENTED_EDGE ( 'NONE', *, *, #3572, .F. ) ;
#3571 = ORIENTED_EDGE ( 'NONE', *, *, #3676, .T. ) ;
#3572 = EDGE_CURVE ( 'NONE', #3229, #3748, #1216, .T. ) ;
#3573 = ORIENTED_EDGE ( 'NONE', *, *, #3636, .F. ) ;
#3574 = EDGE_LOOP ( 'NONE', ( #3577, #3561, #3728, #3823, #3844, #3855 ) ) ;
#3575 = ORIENTED_EDGE ( 'NONE', *, *, #3200, .F. ) ;
#3576 = ORIENTED_EDGE ( 'NONE', *, *, #3261, .F. ) ;
#3577 = ORIENTED_EDGE ( 'NONE', *, *, #3392, .F. ) ;
#3578 = ADVANCED_FACE ( 'NONE', ( #1240 ), #536, .T. ) ;
#3579 = ADVANCED_FACE ( 'NONE', ( #1271 ), #1270, .F. ) ;
#3580 = ORIENTED_EDGE ( 'NONE', *, *, #3503, .T. ) ;
#3581 = ORIENTED_EDGE ( 'NONE', *, *, #3294, .T. ) ;
#3582 = EDGE_CURVE ( 'NONE', #3493, #3500, #1307, .T. ) ;
#3583 = ORIENTED_EDGE ( 'NONE', *, *, #3711, .T. ) ;
#3584 = VERTEX_POINT ( 'NONE', #1308 ) ;
#3585 = ORIENTED_EDGE ( 'NONE', *, *, #3511, .T. ) ;
#3586 = EDGE_CURVE ( 'NONE', #3584, #3659, #1253, .T. ) ;
#3587 = EDGE_CURVE ( 'NONE', #3456, #3154, #1251, .T. ) ;
#3588 = ORIENTED_EDGE ( 'NONE', *, *, #3470, .F. ) ;
#3589 = ORIENTED_EDGE ( 'NONE', *, *, #3519, .F. ) ;
#3590 = EDGE_CURVE ( 'NONE', #3642, #3637, #1302, .T. ) ;
#3591 = ORIENTED_EDGE ( 'NONE', *, *, #3627, .T. ) ;
#3592 = ORIENTED_EDGE ( 'NONE', *, *, #3381, .F. ) ;
#3593 = ORIENTED_EDGE ( 'NONE', *, *, #3430, .T. ) ;
#3594 = ORIENTED_EDGE ( 'NONE', *, *, #3479, .F. ) ;
#3595 = ORIENTED_EDGE ( 'NONE', *, *, #3435, .T. ) ;
#3596 = ORIENTED_EDGE ( 'NONE', *, *, #3432, .T. ) ;
#3597 = ORIENTED_EDGE ( 'NONE', *, *, #3462, .T. ) ;
#3598 = ORIENTED_EDGE ( 'NONE', *, *, #3418, .F. ) ;
#3599 = VERTEX_POINT ( 'NONE', #1298 ) ;
#3600 = ORIENTED_EDGE ( 'NONE', *, *, #3471, .T. ) ;
#3601 = ORIENTED_EDGE ( 'NONE', *, *, #3302, .F. ) ;
#3602 = EDGE_CURVE ( 'NONE', #3387, #3406, #1288, .T. ) ;
#3603 = EDGE_LOOP ( 'NONE', ( #3724, #3632, #3743, #3505, #3506, #3508 ) ) ;
#3604 = ORIENTED_EDGE ( 'NONE', *, *, #3587, .F. ) ;
#3605 = ORIENTED_EDGE ( 'NONE', *, *, #3587, .T. ) ;
#3606 = VERTEX_POINT ( 'NONE', #1283 ) ;
#3607 = VERTEX_POINT ( 'NONE', #1291 ) ;
#3608 = ADVANCED_FACE ( 'NONE', ( #1279 ), #1296, .F. ) ;
#3609 = EDGE_LOOP ( 'NONE', ( #3611, #3610, #3515, #3518 ) ) ;
#3610 = ORIENTED_EDGE ( 'NONE', *, *, #3714, .T. ) ;
#3611 = ORIENTED_EDGE ( 'NONE', *, *, #3717, .F. ) ;
#3612 = VERTEX_POINT ( 'NONE', #1276 ) ;
#3613 = EDGE_LOOP ( 'NONE', ( #3719, #3522, #3700, #3536 ) ) ;
#3614 = VERTEX_POINT ( 'NONE', #1330 ) ;
#3615 = VERTEX_POINT ( 'NONE', #1329 ) ;
#3616 = ORIENTED_EDGE ( 'NONE', *, *, #3622, .F. ) ;
#3617 = ADVANCED_FACE ( 'NONE', ( #1332 ), #1331, .F. ) ;
#3618 = VERTEX_POINT ( 'NONE', #1321 ) ;
#3619 = ORIENTED_EDGE ( 'NONE', *, *, #3624, .T. ) ;
#3620 = VERTEX_POINT ( 'NONE', #1320 ) ;
#3621 = ORIENTED_EDGE ( 'NONE', *, *, #3537, .F. ) ;
#3622 = EDGE_CURVE ( 'NONE', #3620, #3618, #1356, .T. ) ;
#3623 = VERTEX_POINT ( 'NONE', #1363 ) ;
#3624 = EDGE_CURVE ( 'NONE', #3620, #3517, #1364, .T. ) ;
#3625 = VERTEX_POINT ( 'NONE', #1352 ) ;
#3626 = VERTEX_POINT ( 'NONE', #1351 ) ;
#3627 = EDGE_CURVE ( 'NONE', #3532, #3625, #1357, .T. ) ;
#3628 = ADVANCED_FACE ( 'NONE', ( #1337 ), #1343, .F. ) ;
#3629 = EDGE_CURVE ( 'NONE', #3626, #3642, #1381, .T. ) ;
#3630 = ORIENTED_EDGE ( 'NONE', *, *, #3590, .F. ) ;
#3631 = EDGE_LOOP ( 'NONE', ( #3591, #3730, #3734, #3731 ) ) ;
#3632 = ORIENTED_EDGE ( 'NONE', *, *, #3661, .T. ) ;
#3633 = ADVANCED_FACE ( 'NONE', ( #1396 ), #1385, .F. ) ;
#3634 = ORIENTED_EDGE ( 'NONE', *, *, #3635, .T. ) ;
#3635 = EDGE_CURVE ( 'NONE', #3492, #3228, #1402, .T. ) ;
#3636 = EDGE_CURVE ( 'NONE', #3748, #3492, #1401, .T. ) ;
#3637 = VERTEX_POINT ( 'NONE', #1433 ) ;
#3638 = ADVANCED_FACE ( 'NONE', ( #1432 ), #1430, .T. ) ;
#3639 = ORIENTED_EDGE ( 'NONE', *, *, #3717, .T. ) ;
#3640 = ORIENTED_EDGE ( 'NONE', *, *, #3758, .T. ) ;
#3641 = EDGE_LOOP ( 'NONE', ( #3643, #3621, #3616, #3619 ) ) ;
#3642 = VERTEX_POINT ( 'NONE', #1464 ) ;
#3643 = ORIENTED_EDGE ( 'NONE', *, *, #3757, .F. ) ;
#3644 = EDGE_LOOP ( 'NONE', ( #3673, #3688, #3687, #3672, #3689, #3691 ) ) ;
#3645 = ORIENTED_EDGE ( 'NONE', *, *, #3667, .F. ) ;
#3646 = ORIENTED_EDGE ( 'NONE', *, *, #3516, .T. ) ;
#3647 = ORIENTED_EDGE ( 'NONE', *, *, #3629, .T. ) ;
#3648 = ORIENTED_EDGE ( 'NONE', *, *, #3523, .F. ) ;
#3649 = EDGE_CURVE ( 'NONE', #3614, #3742, #1429, .T. ) ;
#3650 = ORIENTED_EDGE ( 'NONE', *, *, #3624, .F. ) ;
#3651 = ORIENTED_EDGE ( 'NONE', *, *, #3649, .T. ) ;
#3652 = ORIENTED_EDGE ( 'NONE', *, *, #3704, .F. ) ;
#3653 = ORIENTED_EDGE ( 'NONE', *, *, #3754, .F. ) ;
#3654 = EDGE_LOOP ( 'NONE', ( #3678, #3670, #3677, #3680 ) ) ;
#3655 = ORIENTED_EDGE ( 'NONE', *, *, #3627, .F. ) ;
#3656 = ORIENTED_EDGE ( 'NONE', *, *, #3179, .T. ) ;
#3657 = EDGE_CURVE ( 'NONE', #3529, #63, #1344, .T. ) ;
#3658 = ORIENTED_EDGE ( 'NONE', *, *, #3586, .T. ) ;
#3659 = VERTEX_POINT ( 'NONE', #1461 ) ;
#3660 = ORIENTED_EDGE ( 'NONE', *, *, #3366, .F. ) ;
#3661 = EDGE_CURVE ( 'NONE', #3289, #3749, #1449, .T. ) ;
#3662 = EDGE_LOOP ( 'NONE', ( #3645, #3666, #3647, #3668, #3646, #3651, #3648, #3653, #3650, #3652, #3671, #3665 ) ) ;
#3663 = ADVANCED_FACE ( 'NONE', ( #1457 ), #1451, .F. ) ;
#3664 = ORIENTED_EDGE ( 'NONE', *, *, #3189, .T. ) ;
#3665 = ORIENTED_EDGE ( 'NONE', *, *, #39, .T. ) ;
#3666 = ORIENTED_EDGE ( 'NONE', *, *, #3733, .T. ) ;
#3667 = EDGE_CURVE ( 'NONE', #3623, #3841, #1482, .T. ) ;
#3668 = ORIENTED_EDGE ( 'NONE', *, *, #3519, .T. ) ;
#3669 = ORIENTED_EDGE ( 'NONE', *, *, #3701, .F. ) ;
#3670 = ORIENTED_EDGE ( 'NONE', *, *, #3667, .T. ) ;
#3671 = ORIENTED_EDGE ( 'NONE', *, *, #3657, .T. ) ;
#3672 = ORIENTED_EDGE ( 'NONE', *, *, #3661, .F. ) ;
#3673 = ORIENTED_EDGE ( 'NONE', *, *, #3676, .F. ) ;
#3674 = EDGE_LOOP ( 'NONE', ( #3782, #3861, #3863, #3669 ) ) ;
#3675 = ADVANCED_FACE ( 'NONE', ( #1483 ), #1478, .F. ) ;
#3676 = EDGE_CURVE ( 'NONE', #3168, #3492, #1518, .T. ) ;
#3677 = ORIENTED_EDGE ( 'NONE', *, *, #3273, .T. ) ;
#3678 = ORIENTED_EDGE ( 'NONE', *, *, #3735, .F. ) ;
#3679 = EDGE_LOOP ( 'NONE', ( #3842, #3686, #3694, #3692, #3567 ) ) ;
#3680 = ORIENTED_EDGE ( 'NONE', *, *, #3557, .F. ) ;
#3681 = ORIENTED_EDGE ( 'NONE', *, *, #3537, .T. ) ;
#3682 = ORIENTED_EDGE ( 'NONE', *, *, #3714, .F. ) ;
#3683 = ORIENTED_EDGE ( 'NONE', *, *, #3520, .T. ) ;
#3684 = EDGE_CURVE ( 'NONE', #3749, #3237, #1485, .T. ) ;
#3685 = ADVANCED_FACE ( 'NONE', ( #1516 ), #1484, .T. ) ;
#3686 = ORIENTED_EDGE ( 'NONE', *, *, #3157, .F. ) ;
#3687 = ORIENTED_EDGE ( 'NONE', *, *, #3684, .F. ) ;
#3688 = ORIENTED_EDGE ( 'NONE', *, *, #3206, .F. ) ;
#3689 = ORIENTED_EDGE ( 'NONE', *, *, #3383, .F. ) ;
#3690 = ORIENTED_EDGE ( 'NONE', *, *, #3695, .F. ) ;
#3691 = ORIENTED_EDGE ( 'NONE', *, *, #3635, .F. ) ;
#3692 = ORIENTED_EDGE ( 'NONE', *, *, #3507, .F. ) ;
#3693 = ADVANCED_FACE ( 'NONE', ( #1525 ), #1530, .T. ) ;
#3694 = ORIENTED_EDGE ( 'NONE', *, *, #3822, .F. ) ;
#3695 = EDGE_CURVE ( 'NONE', #3546, #3142, #1531, .T. ) ;
#3696 = EDGE_CURVE ( 'NONE', #3142, #3191, #1557, .T. ) ;
#3697 = EDGE_LOOP ( 'NONE', ( #3690, #3559, #3558 ) ) ;
#3698 = ORIENTED_EDGE ( 'NONE', *, *, #3563, .T. ) ;
#3699 = ADVANCED_FACE ( 'NONE', ( #1528 ), #1561, .T. ) ;
#3700 = ORIENTED_EDGE ( 'NONE', *, *, #3701, .T. ) ;
#3701 = EDGE_CURVE ( 'NONE', #3742, #3702, #1587, .T. ) ;
#3702 = VERTEX_POINT ( 'NONE', #1490 ) ;
#3703 = ORIENTED_EDGE ( 'NONE', *, *, #3707, .T. ) ;
#3704 = EDGE_CURVE ( 'NONE', #3529, #3620, #1588, .T. ) ;
#3705 = EDGE_LOOP ( 'NONE', ( #3708, #3502, #3681, #3683, #3550, #3553, #3682, #3554, #3551, #3655, #3548, #3656 ) ) ;
#3706 = ORIENTED_EDGE ( 'NONE', *, *, #3737, .F. ) ;
#3707 = EDGE_CURVE ( 'NONE', #3736, #3529, #1630, .T. ) ;
#3708 = ORIENTED_EDGE ( 'NONE', *, *, #3710, .F. ) ;
#3709 = ADVANCED_FACE ( 'NONE', ( #1583 ), #1581, .F. ) ;
#3710 = EDGE_CURVE ( 'NONE', #3736, #3243, #1610, .T. ) ;
#3711 = EDGE_CURVE ( 'NONE', #3726, #3615, #1658, .T. ) ;
#3712 = VERTEX_POINT ( 'NONE', #1659 ) ;
#3713 = EDGE_CURVE ( 'NONE', #3716, #3614, #1653, .T. ) ;
#3714 = EDGE_CURVE ( 'NONE', #3720, #3716, #1647, .T. ) ;
#3715 = ORIENTED_EDGE ( 'NONE', *, *, #3718, .T. ) ;
#3716 = VERTEX_POINT ( 'NONE', #1649 ) ;
#3717 = EDGE_CURVE ( 'NONE', #3720, #3721, #1654, .T. ) ;
#3718 = EDGE_CURVE ( 'NONE', #3615, #3384, #1633, .T. ) ;
#3719 = ORIENTED_EDGE ( 'NONE', *, *, #3524, .F. ) ;
#3720 = VERTEX_POINT ( 'NONE', #1648 ) ;
#3721 = VERTEX_POINT ( 'NONE', #1634 ) ;
#3722 = ADVANCED_FACE ( 'NONE', ( #1681 ), #1623, .T. ) ;
#3723 = ORIENTED_EDGE ( 'NONE', *, *, #3448, .T. ) ;
#3724 = ORIENTED_EDGE ( 'NONE', *, *, #3390, .F. ) ;
#3725 = ADVANCED_FACE ( 'NONE', ( #1710 ), #1706, .T. ) ;
#3726 = VERTEX_POINT ( 'NONE', #1713 ) ;
#3727 = VERTEX_POINT ( 'NONE', #1740 ) ;
#3728 = ORIENTED_EDGE ( 'NONE', *, *, #3566, .F. ) ;
#3729 = ADVANCED_FACE ( 'NONE', ( #1709 ), #1694, .F. ) ;
#3730 = ORIENTED_EDGE ( 'NONE', *, *, #3528, .T. ) ;
#3731 = ORIENTED_EDGE ( 'NONE', *, *, #3735, .T. ) ;
#3732 = EDGE_LOOP ( 'NONE', ( #3740, #3739, #3706, #3703 ) ) ;
#3733 = EDGE_CURVE ( 'NONE', #3623, #3626, #1693, .T. ) ;
#3734 = ORIENTED_EDGE ( 'NONE', *, *, #3733, .F. ) ;
#3735 = EDGE_CURVE ( 'NONE', #3623, #3532, #1725, .T. ) ;
#3736 = VERTEX_POINT ( 'NONE', #1772 ) ;
#3737 = EDGE_CURVE ( 'NONE', #3736, #3618, #1707, .T. ) ;
#3738 = ADVANCED_FACE ( 'NONE', ( #1767 ), #1721, .T. ) ;
#3739 = ORIENTED_EDGE ( 'NONE', *, *, #3622, .T. ) ;
#3740 = ORIENTED_EDGE ( 'NONE', *, *, #3704, .T. ) ;
#3741 = VERTEX_POINT ( 'NONE', #1765 ) ;
#3742 = VERTEX_POINT ( 'NONE', #1800 ) ;
#3743 = ORIENTED_EDGE ( 'NONE', *, *, #3507, .T. ) ;
#3744 = ORIENTED_EDGE ( 'NONE', *, *, #3396, .T. ) ;
#3745 = ORIENTED_EDGE ( 'NONE', *, *, #3393, .T. ) ;
#3746 = EDGE_LOOP ( 'NONE', ( #3504, #3634, #3437, #3464, #3526, #3510 ) ) ;
#3747 = ADVANCED_FACE ( 'NONE', ( #1770 ), #1745, .T. ) ;
#3748 = VERTEX_POINT ( 'NONE', #1773 ) ;
#3749 = VERTEX_POINT ( 'NONE', #1759 ) ;
#3750 = ADVANCED_FACE ( 'NONE', ( #1758 ), #1801, .F. ) ;
#3751 = ORIENTED_EDGE ( 'NONE', *, *, #3524, .T. ) ;
#3752 = ORIENTED_EDGE ( 'NONE', *, *, #3754, .T. ) ;
#3753 = ORIENTED_EDGE ( 'NONE', *, *, #3757, .T. ) ;
#3754 = EDGE_CURVE ( 'NONE', #3517, #3712, #1806, .T. ) ;
#3755 = EDGE_LOOP ( 'NONE', ( #3640, #3639, #3589, #3525 ) ) ;
#3756 = ORIENTED_EDGE ( 'NONE', *, *, #3520, .F. ) ;
#3757 = EDGE_CURVE ( 'NONE', #3612, #3517, #1809, .T. ) ;
#3758 = EDGE_CURVE ( 'NONE', #3637, #3720, #1824, .T. ) ;
#3759 = EDGE_CURVE ( 'NONE', #3385, #3599, #1843, .T. ) ;
#3760 = EDGE_CURVE ( 'NONE', #3463, #3245, #1826, .T. ) ;
#3761 = EDGE_LOOP ( 'NONE', ( #3800, #3783, #3770, #3851, #3829 ) ) ;
#3762 = ORIENTED_EDGE ( 'NONE', *, *, #3835, .F. ) ;
#3763 = ADVANCED_FACE ( 'NONE', ( #1841 ), #1835, .T. ) ;
#3764 = ORIENTED_EDGE ( 'NONE', *, *, #3765, .F. ) ;
#3765 = EDGE_CURVE ( 'NONE', #3659, #3306, #1842, .T. ) ;
#3766 = EDGE_LOOP ( 'NONE', ( #3832, #3821, #3764, #3798, #3774 ) ) ;
#3767 = ORIENTED_EDGE ( 'NONE', *, *, #3789, .F. ) ;
#3768 = ORIENTED_EDGE ( 'NONE', *, *, #3572, .T. ) ;
#3769 = ORIENTED_EDGE ( 'NONE', *, *, #3793, .F. ) ;
#3770 = ORIENTED_EDGE ( 'NONE', *, *, #3771, .F. ) ;
#3771 = EDGE_CURVE ( 'NONE', #3188, #3726, #1895, .T. ) ;
#3772 = ORIENTED_EDGE ( 'NONE', *, *, #3695, .T. ) ;
#3773 = ADVANCED_FACE ( 'NONE', ( #1853 ), #1235, .T. ) ;
#3774 = ORIENTED_EDGE ( 'NONE', *, *, #3793, .T. ) ;
#3775 = ORIENTED_EDGE ( 'NONE', *, *, #3838, .F. ) ;
#3776 = ORIENTED_EDGE ( 'NONE', *, *, #3771, .T. ) ;
#3777 = ADVANCED_FACE ( 'NONE', ( #1680 ), #1669, .T. ) ;
#3778 = EDGE_LOOP ( 'NONE', ( #3865, #3779, #3762, #3825, #3769, #3794 ) ) ;
#3779 = ORIENTED_EDGE ( 'NONE', *, *, #3718, .F. ) ;
#3780 = ORIENTED_EDGE ( 'NONE', *, *, #3219, .F. ) ;
#3781 = ORIENTED_EDGE ( 'NONE', *, *, #3859, .T. ) ;
#3782 = ORIENTED_EDGE ( 'NONE', *, *, #3649, .F. ) ;
#3783 = ORIENTED_EDGE ( 'NONE', *, *, #3711, .F. ) ;
#3784 = EDGE_LOOP ( 'NONE', ( #3772, #3808, #3837, #3796 ) ) ;
#3785 = ORIENTED_EDGE ( 'NONE', *, *, #3566, .T. ) ;
#3786 = ORIENTED_EDGE ( 'NONE', *, *, #3826, .F. ) ;
#3787 = ORIENTED_EDGE ( 'NONE', *, *, #3242, .F. ) ;
#3788 = EDGE_LOOP ( 'NONE', ( #3767, #3768, #3834 ) ) ;
#3789 = EDGE_CURVE ( 'NONE', #3229, #3267, #776, .T. ) ;
#3790 = ADVANCED_FACE ( 'NONE', ( #1836 ), #530, .T. ) ;
#3791 = EDGE_LOOP ( 'NONE', ( #25, #4010, #4029 ) ) ;
#3792 = ORIENTED_EDGE ( 'NONE', *, *, #36, .T. ) ;
#3793 = EDGE_CURVE ( 'NONE', #3584, #3809, #1931, .T. ) ;
#3794 = ORIENTED_EDGE ( 'NONE', *, *, #3511, .F. ) ;
#3795 = EDGE_CURVE ( 'NONE', #3164, #3606, #1939, .T. ) ;
#3796 = ORIENTED_EDGE ( 'NONE', *, *, #3564, .F. ) ;
#3797 = ADVANCED_FACE ( 'NONE', ( #1903 ), #1938, .T. ) ;
#3798 = ORIENTED_EDGE ( 'NONE', *, *, #3586, .F. ) ;
#3799 = ADVANCED_FACE ( 'NONE', ( #1904 ), #1982, .T. ) ;
#3800 = ORIENTED_EDGE ( 'NONE', *, *, #3835, .T. ) ;
#3801 = ADVANCED_FACE ( 'NONE', ( #1954 ), #1935, .T. ) ;
#3802 = ORIENTED_EDGE ( 'NONE', *, *, #3538, .F. ) ;
#3803 = EDGE_LOOP ( 'NONE', ( #3854, #3802, #3815, #3873 ) ) ;
#3804 = ORIENTED_EDGE ( 'NONE', *, *, #3789, .T. ) ;
#3805 = ORIENTED_EDGE ( 'NONE', *, *, #3760, .T. ) ;
#3806 = EDGE_CURVE ( 'NONE', #3606, #3192, #1940, .T. ) ;
#3807 = EDGE_LOOP ( 'NONE', ( #3804, #3856, #3786, #3787 ) ) ;
#3808 = ORIENTED_EDGE ( 'NONE', *, *, #3129, .F. ) ;
#3809 = VERTEX_POINT ( 'NONE', #2009 ) ;
#3810 = EDGE_CURVE ( 'NONE', #26, #3809, #2012, .T. ) ;
#3811 = VERTEX_POINT ( 'NONE', #2003 ) ;
#3812 = VERTEX_POINT ( 'NONE', #1981 ) ;
#3813 = EDGE_CURVE ( 'NONE', #3809, #3812, #2010, .T. ) ;
#3814 = ORIENTED_EDGE ( 'NONE', *, *, #3813, .T. ) ;
#3815 = ORIENTED_EDGE ( 'NONE', *, *, #3862, .F. ) ;
#3816 = EDGE_CURVE ( 'NONE', #3840, #3812, #2011, .T. ) ;
#3817 = VERTEX_POINT ( 'NONE', #1992 ) ;
#3818 = VERTEX_POINT ( 'NONE', #1987 ) ;
#3819 = EDGE_CURVE ( 'NONE', #3820, #3840, #1996, .T. ) ;
#3820 = VERTEX_POINT ( 'NONE', #2045 ) ;
#3821 = ORIENTED_EDGE ( 'NONE', *, *, #3233, .F. ) ;
#3822 = EDGE_CURVE ( 'NONE', #3546, #3191, #1988, .T. ) ;
#3823 = ORIENTED_EDGE ( 'NONE', *, *, #3217, .F. ) ;
#3824 = ORIENTED_EDGE ( 'NONE', *, *, #3696, .T. ) ;
#3825 = ORIENTED_EDGE ( 'NONE', *, *, #3813, .F. ) ;
#3826 = EDGE_CURVE ( 'NONE', #3306, #3266, #2035, .T. ) ;
#3827 = ADVANCED_FACE ( 'NONE', ( #2032 ), #1991, .T. ) ;
#3828 = ORIENTED_EDGE ( 'NONE', *, *, #3853, .F. ) ;
#3829 = ORIENTED_EDGE ( 'NONE', *, *, #3816, .T. ) ;
#3830 = ORIENTED_EDGE ( 'NONE', *, *, #3132, .F. ) ;
#3831 = EDGE_LOOP ( 'NONE', ( #3781, #3776, #3775 ) ) ;
#3832 = ORIENTED_EDGE ( 'NONE', *, *, #3810, .F. ) ;
#3833 = EDGE_CURVE ( 'NONE', #3267, #3748, #2078, .T. ) ;
#3834 = ORIENTED_EDGE ( 'NONE', *, *, #3833, .F. ) ;
#3835 = EDGE_CURVE ( 'NONE', #3812, #3615, #2067, .T. ) ;
#3836 = ORIENTED_EDGE ( 'NONE', *, *, #3497, .F. ) ;
#3837 = ORIENTED_EDGE ( 'NONE', *, *, #3806, .F. ) ;
#3838 = EDGE_CURVE ( 'NONE', #3133, #3726, #2029, .T. ) ;
#3839 = MANIFOLD_SOLID_BREP ( 'LPattern1', #4172 ) ;
#3840 = VERTEX_POINT ( 'NONE', #2028 ) ;
#3841 = VERTEX_POINT ( 'NONE', #2089 ) ;
#3842 = ORIENTED_EDGE ( 'NONE', *, *, #3171, .T. ) ;
#3843 = ADVANCED_FACE ( 'NONE', ( #2069 ), #2065, .T. ) ;
#3844 = ORIENTED_EDGE ( 'NONE', *, *, #3760, .F. ) ;
#3845 = ORIENTED_EDGE ( 'NONE', *, *, #3795, .F. ) ;
#3846 = ORIENTED_EDGE ( 'NONE', *, *, #3184, .F. ) ;
#3847 = ORIENTED_EDGE ( 'NONE', *, *, #3207, .F. ) ;
#3848 = ORIENTED_EDGE ( 'NONE', *, *, #3213, .F. ) ;
#3849 = EDGE_LOOP ( 'NONE', ( #3824, #3780, #3858, #3830 ) ) ;
#3850 = ADVANCED_FACE ( 'NONE', ( #2123 ), #529, .T. ) ;
#3851 = ORIENTED_EDGE ( 'NONE', *, *, #3144, .F. ) ;
#3852 = ORIENTED_EDGE ( 'NONE', *, *, #3236, .T. ) ;
#3853 = EDGE_CURVE ( 'NONE', #3490, #3152, #2152, .T. ) ;
#3854 = ORIENTED_EDGE ( 'NONE', *, *, #3833, .T. ) ;
#3855 = ORIENTED_EDGE ( 'NONE', *, *, #3498, .F. ) ;
#3856 = ORIENTED_EDGE ( 'NONE', *, *, #3262, .F. ) ;
#3857 = ADVANCED_FACE ( 'NONE', ( #2150 ), #2155, .T. ) ;
#3858 = ORIENTED_EDGE ( 'NONE', *, *, #3859, .F. ) ;
#3859 = EDGE_CURVE ( 'NONE', #3133, #3188, #2139, .T. ) ;
#3860 = ORIENTED_EDGE ( 'NONE', *, *, #3565, .F. ) ;
#3861 = ORIENTED_EDGE ( 'NONE', *, *, #3713, .F. ) ;
#3862 = EDGE_CURVE ( 'NONE', #3269, #3490, #2171, .T. ) ;
#3863 = ORIENTED_EDGE ( 'NONE', *, *, #3547, .F. ) ;
#3864 = ADVANCED_FACE ( 'NONE', ( #2178 ), #2177, .T. ) ;
#3865 = ORIENTED_EDGE ( 'NONE', *, *, #3291, .F. ) ;
#3866 = ORIENTED_EDGE ( 'NONE', *, *, #3819, .F. ) ;
#3867 = ORIENTED_EDGE ( 'NONE', *, *, #3810, .T. ) ;
#3868 = ADVANCED_FACE ( 'NONE', ( #2203 ), #2151, .F. ) ;
#3869 = ORIENTED_EDGE ( 'NONE', *, *, #3870, .T. ) ;
#3870 = EDGE_CURVE ( 'NONE', #3820, #66, #2208, .T. ) ;
#3871 = ORIENTED_EDGE ( 'NONE', *, *, #3816, .F. ) ;
#3872 = ADVANCED_FACE ( 'NONE', ( #2204 ), #2186, .T. ) ;
#3873 = ORIENTED_EDGE ( 'NONE', *, *, #3260, .F. ) ;
#3874 = EDGE_LOOP ( 'NONE', ( #3785, #3860, #3845, #3848, #3847 ) ) ;
#3875 = EDGE_LOOP ( 'NONE', ( #3852, #3846, #3828, #3836, #3805 ) ) ;
#3876 = ORIENTED_EDGE ( 'NONE', *, *, #3911, .F. ) ;
#3877 = ORIENTED_EDGE ( 'NONE', *, *, #3319, .T. ) ;
#3878 = EDGE_CURVE ( 'NONE', #3974, #3975, #2212, .T. ) ;
#3879 = EDGE_CURVE ( 'NONE', #3898, #3225, #2229, .T. ) ;
#3880 = EDGE_LOOP ( 'NONE', ( #3948, #3949, #3965, #3912 ) ) ;
#3881 = EDGE_CURVE ( 'NONE', #3493, #3203, #2232, .T. ) ;
#3882 = ORIENTED_EDGE ( 'NONE', *, *, #3983, .F. ) ;
#3883 = ORIENTED_EDGE ( 'NONE', *, *, #4028, .T. ) ;
#3884 = EDGE_LOOP ( 'NONE', ( #3902, #50, #3970, #3883, #3967, #3968 ) ) ;
#3885 = ORIENTED_EDGE ( 'NONE', *, *, #3182, .F. ) ;
#3886 = ORIENTED_EDGE ( 'NONE', *, *, #3998, .T. ) ;
#3887 = ORIENTED_EDGE ( 'NONE', *, *, #3962, .T. ) ;
#3888 = EDGE_CURVE ( 'NONE', #3201, #3727, #2269, .T. ) ;
#3889 = ORIENTED_EDGE ( 'NONE', *, *, #54, .T. ) ;
#3890 = ORIENTED_EDGE ( 'NONE', *, *, #3888, .T. ) ;
#3891 = ORIENTED_EDGE ( 'NONE', *, *, #3346, .T. ) ;
#3892 = VERTEX_POINT ( 'NONE', #2274 ) ;
#3893 = VERTEX_POINT ( 'NONE', #2268 ) ;
#3894 = EDGE_CURVE ( 'NONE', #3893, #3353, #2273, .T. ) ;
#3895 = EDGE_CURVE ( 'NONE', #3892, #3310, #2264, .T. ) ;
#3896 = ORIENTED_EDGE ( 'NONE', *, *, #3295, .F. ) ;
#3897 = ORIENTED_EDGE ( 'NONE', *, *, #3374, .F. ) ;
#3898 = VERTEX_POINT ( 'NONE', #2253 ) ;
#3899 = EDGE_LOOP ( 'NONE', ( #4014, #3907, #3929, #3905 ) ) ;
#3900 = EDGE_CURVE ( 'NONE', #3892, #3893, #2262, .T. ) ;
#3901 = ORIENTED_EDGE ( 'NONE', *, *, #3209, .F. ) ;
#3902 = ORIENTED_EDGE ( 'NONE', *, *, #3759, .F. ) ;
#3903 = ADVANCED_FACE ( 'NONE', ( #2255 ), #2240, .T. ) ;
#3904 = ORIENTED_EDGE ( 'NONE', *, *, #3900, .T. ) ;
#3905 = ORIENTED_EDGE ( 'NONE', *, *, #3928, .T. ) ;
#3906 = ADVANCED_FACE ( 'NONE', ( #2286 ), #2301, .F. ) ;
#3907 = ORIENTED_EDGE ( 'NONE', *, *, #3927, .F. ) ;
#3908 = ADVANCED_FACE ( 'NONE', ( #2314 ), #2289, .T. ) ;
#3909 = ORIENTED_EDGE ( 'NONE', *, *, #3331, .T. ) ;
#3910 = ORIENTED_EDGE ( 'NONE', *, *, #36, .F. ) ;
#3911 = EDGE_CURVE ( 'NONE', #3975, #32, #2243, .T. ) ;
#3912 = ORIENTED_EDGE ( 'NONE', *, *, #3952, .T. ) ;
#3913 = ORIENTED_EDGE ( 'NONE', *, *, #3930, .T. ) ;
#3914 = EDGE_CURVE ( 'NONE', #3659, #3266, #2284, .T. ) ;
#3915 = VERTEX_POINT ( 'NONE', #2305 ) ;
#3916 = EDGE_LOOP ( 'NONE', ( #4089, #4088, #4154, #4113 ) ) ;
#3917 = ORIENTED_EDGE ( 'NONE', *, *, #3944, .T. ) ;
#3918 = VERTEX_POINT ( 'NONE', #2310 ) ;
#3919 = ORIENTED_EDGE ( 'NONE', *, *, #3943, .F. ) ;
#3920 = ORIENTED_EDGE ( 'NONE', *, *, #3922, .F. ) ;
#3921 = ORIENTED_EDGE ( 'NONE', *, *, #4140, .T. ) ;
#3922 = EDGE_CURVE ( 'NONE', #3918, #4145, #2344, .T. ) ;
#3923 = ORIENTED_EDGE ( 'NONE', *, *, #3940, .T. ) ;
#3924 = ORIENTED_EDGE ( 'NONE', *, *, #4038, .F. ) ;
#3925 = EDGE_CURVE ( 'NONE', #3343, #3323, #2340, .T. ) ;
#3926 = ADVANCED_FACE ( 'NONE', ( #2343 ), #537, .T. ) ;
#3927 = EDGE_CURVE ( 'NONE', #3898, #3349, #2376, .T. ) ;
#3928 = EDGE_CURVE ( 'NONE', #4013, #3137, #2369, .T. ) ;
#3929 = ORIENTED_EDGE ( 'NONE', *, *, #3930, .F. ) ;
#3930 = EDGE_CURVE ( 'NONE', #4013, #3898, #2382, .T. ) ;
#3931 = VERTEX_POINT ( 'NONE', #2365 ) ;
#3932 = EDGE_CURVE ( 'NONE', #3939, #4130, #2381, .T. ) ;
#3933 = ORIENTED_EDGE ( 'NONE', *, *, #4135, .F. ) ;
#3934 = EDGE_CURVE ( 'NONE', #3931, #3939, #2379, .T. ) ;
#3935 = ORIENTED_EDGE ( 'NONE', *, *, #3934, .F. ) ;
#3936 = ADVANCED_FACE ( 'NONE', ( #2364 ), #2371, .T. ) ;
#3937 = ORIENTED_EDGE ( 'NONE', *, *, #3932, .F. ) ;
#3938 = ADVANCED_FACE ( 'NONE', ( #2351 ), #2356, .F. ) ;
#3939 = VERTEX_POINT ( 'NONE', #2389 ) ;
#3940 = EDGE_CURVE ( 'NONE', #3915, #4102, #2423, .T. ) ;
#3941 = EDGE_LOOP ( 'NONE', ( #4059, #4136, #4127, #4106 ) ) ;
#3942 = ORIENTED_EDGE ( 'NONE', *, *, #3232, .F. ) ;
#3943 = EDGE_CURVE ( 'NONE', #3915, #3918, #2359, .T. ) ;
#3944 = EDGE_CURVE ( 'NONE', #3931, #4131, #2420, .T. ) ;
#3945 = ORIENTED_EDGE ( 'NONE', *, *, #3542, .F. ) ;
#3946 = ORIENTED_EDGE ( 'NONE', *, *, #3131, .F. ) ;
#3947 = ORIENTED_EDGE ( 'NONE', *, *, #3925, .F. ) ;
#3948 = ORIENTED_EDGE ( 'NONE', *, *, #3900, .F. ) ;
#3949 = ORIENTED_EDGE ( 'NONE', *, *, #4025, .F. ) ;
#3950 = ORIENTED_EDGE ( 'NONE', *, *, #3911, .T. ) ;
#3951 = ADVANCED_FACE ( 'NONE', ( #2430 ), #2428, .T. ) ;
#3952 = EDGE_CURVE ( 'NONE', #3974, #3893, #2416, .T. ) ;
#3953 = ORIENTED_EDGE ( 'NONE', *, *, #4017, .F. ) ;
#3954 = ORIENTED_EDGE ( 'NONE', *, *, #3312, .F. ) ;
#3955 = ORIENTED_EDGE ( 'NONE', *, *, #3296, .F. ) ;
#3956 = ORIENTED_EDGE ( 'NONE', *, *, #3826, .T. ) ;
#3957 = EDGE_LOOP ( 'NONE', ( #4003, #4011, #4007 ) ) ;
#3958 = ORIENTED_EDGE ( 'NONE', *, *, #3166, .F. ) ;
#3959 = ORIENTED_EDGE ( 'NONE', *, *, #3582, .F. ) ;
#3960 = EDGE_LOOP ( 'NONE', ( #3889, #48, #4031 ) ) ;
#3961 = ORIENTED_EDGE ( 'NONE', *, *, #3128, .F. ) ;
#3962 = EDGE_CURVE ( 'NONE', #3163, #3727, #2459, .T. ) ;
#3963 = ADVANCED_FACE ( 'NONE', ( #2460 ), #2457, .T. ) ;
#3964 = EDGE_LOOP ( 'NONE', ( #3977, #4021, #3978, #3950 ) ) ;
#3965 = ORIENTED_EDGE ( 'NONE', *, *, #3878, .F. ) ;
#3966 = ORIENTED_EDGE ( 'NONE', *, *, #4025, .T. ) ;
#3967 = ORIENTED_EDGE ( 'NONE', *, *, #59, .F. ) ;
#3968 = ORIENTED_EDGE ( 'NONE', *, *, #3983, .T. ) ;
#3969 = ORIENTED_EDGE ( 'NONE', *, *, #3988, .T. ) ;
#3970 = ORIENTED_EDGE ( 'NONE', *, *, #3563, .F. ) ;
#3971 = ADVANCED_FACE ( 'NONE', ( #2490 ), #2489, .T. ) ;
#3972 = ORIENTED_EDGE ( 'NONE', *, *, #38, .F. ) ;
#3973 = EDGE_LOOP ( 'NONE', ( #4027, #3984, #4026, #3959, #3995 ) ) ;
#3974 = VERTEX_POINT ( 'NONE', #2515 ) ;
#3975 = VERTEX_POINT ( 'NONE', #2516 ) ;
#3976 = ADVANCED_FACE ( 'NONE', ( #2513 ), #2447, .T. ) ;
#3977 = ORIENTED_EDGE ( 'NONE', *, *, #3148, .F. ) ;
#3978 = ORIENTED_EDGE ( 'NONE', *, *, #3878, .T. ) ;
#3979 = EDGE_LOOP ( 'NONE', ( #3897, #4095, #4133, #4040, #4160, #4100, #4037, #4058, #4096, #4098, #4042, #4134 ) ) ;
#3980 = ORIENTED_EDGE ( 'NONE', *, *, #3879, .T. ) ;
#3981 = EDGE_LOOP ( 'NONE', ( #3910, #3876, #3966, #4019, #3909, #3877, #3947, #4020, #3954, #3946, #4023, #4018 ) ) ;
#3982 = EDGE_LOOP ( 'NONE', ( #55, #3885, #3987, #3896 ) ) ;
#3983 = EDGE_CURVE ( 'NONE', #3818, #3599, #2554, .T. ) ;
#3984 = ORIENTED_EDGE ( 'NONE', *, *, #61, .T. ) ;
#3985 = ORIENTED_EDGE ( 'NONE', *, *, #3540, .F. ) ;
#3986 = ORIENTED_EDGE ( 'NONE', *, *, #3914, .T. ) ;
#3987 = ORIENTED_EDGE ( 'NONE', *, *, #4008, .F. ) ;
#3988 = EDGE_CURVE ( 'NONE', #3163, #3201, #2497, .T. ) ;
#3989 = ADVANCED_FACE ( 'NONE', ( #2514 ), #2556, .T. ) ;
#3990 = ORIENTED_EDGE ( 'NONE', *, *, #3962, .F. ) ;
#3991 = EDGE_LOOP ( 'NONE', ( #3992, #3945, #3993, #3901 ) ) ;
#3992 = ORIENTED_EDGE ( 'NONE', *, *, #3838, .T. ) ;
#3993 = ORIENTED_EDGE ( 'NONE', *, *, #3888, .F. ) ;
#3994 = ORIENTED_EDGE ( 'NONE', *, *, #3988, .F. ) ;
#3995 = ORIENTED_EDGE ( 'NONE', *, *, #3881, .T. ) ;
#3996 = ADVANCED_FACE ( 'NONE', ( #2550 ), #2517, .T. ) ;
#3997 = ORIENTED_EDGE ( 'NONE', *, *, #3765, .T. ) ;
#3998 = EDGE_CURVE ( 'NONE', #3164, #3192, #2602, .T. ) ;
#3999 = ADVANCED_FACE ( 'NONE', ( #2593 ), #2600, .T. ) ;
#4000 = ORIENTED_EDGE ( 'NONE', *, *, #3135, .F. ) ;
#4001 = ORIENTED_EDGE ( 'NONE', *, *, #54, .F. ) ;
#4002 = ADVANCED_FACE ( 'NONE', ( #2632 ), #2595, .T. ) ;
#4003 = ORIENTED_EDGE ( 'NONE', *, *, #3862, .T. ) ;
#4004 = ADVANCED_FACE ( 'NONE', ( #2601 ), #2650, .T. ) ;
#4005 = EDGE_CURVE ( 'NONE', #3269, #3152, #2631, .T. ) ;
#4006 = ORIENTED_EDGE ( 'NONE', *, *, #3914, .F. ) ;
#4007 = ORIENTED_EDGE ( 'NONE', *, *, #4005, .F. ) ;
#4008 = EDGE_CURVE ( 'NONE', #3305, #3203, #2644, .T. ) ;
#4009 = ADVANCED_FACE ( 'NONE', ( #2638 ), #2630, .T. ) ;
#4010 = ORIENTED_EDGE ( 'NONE', *, *, #3806, .T. ) ;
#4011 = ORIENTED_EDGE ( 'NONE', *, *, #3853, .T. ) ;
#4012 = ORIENTED_EDGE ( 'NONE', *, *, #3895, .F. ) ;
#4013 = VERTEX_POINT ( 'NONE', #2646 ) ;
#4014 = ORIENTED_EDGE ( 'NONE', *, *, #3130, .F. ) ;
#4015 = ADVANCED_FACE ( 'NONE', ( #2639 ), #2684, .T. ) ;
#4016 = EDGE_LOOP ( 'NONE', ( #3997, #3956, #4006 ) ) ;
#4017 = EDGE_CURVE ( 'NONE', #4013, #43, #2702, .T. ) ;
#4018 = ORIENTED_EDGE ( 'NONE', *, *, #4017, .T. ) ;
#4019 = ORIENTED_EDGE ( 'NONE', *, *, #3895, .T. ) ;
#4020 = ORIENTED_EDGE ( 'NONE', *, *, #3339, .F. ) ;
#4021 = ORIENTED_EDGE ( 'NONE', *, *, #4022, .F. ) ;
#4022 = EDGE_CURVE ( 'NONE', #3974, #3198, #2704, .T. ) ;
#4023 = ORIENTED_EDGE ( 'NONE', *, *, #3928, .F. ) ;
#4024 = EDGE_LOOP ( 'NONE', ( #3955, #3953, #3913, #3980 ) ) ;
#4025 = EDGE_CURVE ( 'NONE', #3975, #3892, #2695, .T. ) ;
#4026 = ORIENTED_EDGE ( 'NONE', *, *, #4028, .F. ) ;
#4027 = ORIENTED_EDGE ( 'NONE', *, *, #3270, .F. ) ;
#4028 = EDGE_CURVE ( 'NONE', #3500, #3811, #2740, .T. ) ;
#4029 = ORIENTED_EDGE ( 'NONE', *, *, #3998, .F. ) ;
#4030 = ADVANCED_FACE ( 'NONE', ( #2691 ), #2748, .T. ) ;
#4031 = ORIENTED_EDGE ( 'NONE', *, *, #3881, .F. ) ;
#4032 = ORIENTED_EDGE ( 'NONE', *, *, #3503, .F. ) ;
#4033 = ORIENTED_EDGE ( 'NONE', *, *, #3337, .T. ) ;
#4034 = EDGE_LOOP ( 'NONE', ( #4062, #4044, #4111, #4033 ) ) ;
#4035 = ADVANCED_FACE ( 'NONE', ( #2760 ), #2690, .T. ) ;
#4036 = VERTEX_POINT ( 'NONE', #2802 ) ;
#4037 = ORIENTED_EDGE ( 'NONE', *, *, #4053, .F. ) ;
#4038 = EDGE_CURVE ( 'NONE', #4145, #4102, #2803, .T. ) ;
#4039 = VERTEX_POINT ( 'NONE', #2797 ) ;
#4040 = ORIENTED_EDGE ( 'NONE', *, *, #3126, .T. ) ;
#4041 = ORIENTED_EDGE ( 'NONE', *, *, #4135, .T. ) ;
#4042 = ORIENTED_EDGE ( 'NONE', *, *, #3952, .F. ) ;
#4043 = EDGE_CURVE ( 'NONE', #4131, #4036, #2793, .T. ) ;
#4044 = ORIENTED_EDGE ( 'NONE', *, *, #3333, .T. ) ;
#4045 = EDGE_CURVE ( 'NONE', #4122, #3918, #2799, .T. ) ;
#4046 = VERTEX_POINT ( 'NONE', #2787 ) ;
#4047 = EDGE_CURVE ( 'NONE', #4163, #4075, #2790, .T. ) ;
#4048 = EDGE_CURVE ( 'NONE', #4046, #3915, #2781, .T. ) ;
#4049 = VERTEX_POINT ( 'NONE', #2838 ) ;
#4050 = VERTEX_POINT ( 'NONE', #2837 ) ;
#4051 = ORIENTED_EDGE ( 'NONE', *, *, #4108, .F. ) ;
#4052 = EDGE_CURVE ( 'NONE', #4145, #4078, #2829, .T. ) ;
#4053 = EDGE_CURVE ( 'NONE', #3322, #3344, #2835, .T. ) ;
#4054 = EDGE_CURVE ( 'NONE', #4102, #4144, #2833, .T. ) ;
#4055 = EDGE_LOOP ( 'NONE', ( #3933, #3937, #3935, #3917 ) ) ;
#4056 = ORIENTED_EDGE ( 'NONE', *, *, #4063, .F. ) ;
#4057 = ORIENTED_EDGE ( 'NONE', *, *, #4054, .T. ) ;
#4058 = ORIENTED_EDGE ( 'NONE', *, *, #3362, .F. ) ;
#4059 = ORIENTED_EDGE ( 'NONE', *, *, #4048, .T. ) ;
#4060 = ORIENTED_EDGE ( 'NONE', *, *, #4043, .T. ) ;
#4061 = ADVANCED_FACE ( 'NONE', ( #2836 ), #2830, .T. ) ;
#4062 = ORIENTED_EDGE ( 'NONE', *, *, #3925, .T. ) ;
#4063 = EDGE_CURVE ( 'NONE', #4039, #4036, #2810, .T. ) ;
#4064 = EDGE_LOOP ( 'NONE', ( #4067, #4094, #4071, #4080, #4081, #4065, #4090, #4115, #4086, #4116, #4120, #4117 ) ) ;
#4065 = ORIENTED_EDGE ( 'NONE', *, *, #4072, .T. ) ;
#4066 = EDGE_CURVE ( 'NONE', #4049, #66, #2844, .T. ) ;
#4067 = ORIENTED_EDGE ( 'NONE', *, *, #3870, .F. ) ;
#4068 = ADVANCED_FACE ( 'NONE', ( #2834 ), #2840, .T. ) ;
#4069 = ORIENTED_EDGE ( 'NONE', *, *, #4103, .T. ) ;
#4070 = EDGE_CURVE ( 'NONE', #4050, #44, #2845, .T. ) ;
#4071 = ORIENTED_EDGE ( 'NONE', *, *, #4047, .T. ) ;
#4072 = EDGE_CURVE ( 'NONE', #4130, #4039, #2887, .T. ) ;
#4073 = EDGE_LOOP ( 'NONE', ( #4124, #4141, #4104, #4077 ) ) ;
#4074 = EDGE_CURVE ( 'NONE', #4075, #3939, #2883, .T. ) ;
#4075 = VERTEX_POINT ( 'NONE', #2847 ) ;
#4076 = EDGE_LOOP ( 'NONE', ( #4137, #4142, #4128, #4143 ) ) ;
#4077 = ORIENTED_EDGE ( 'NONE', *, *, #4105, .T. ) ;
#4078 = VERTEX_POINT ( 'NONE', #2846 ) ;
#4079 = EDGE_LOOP ( 'NONE', ( #4041, #4060, #4056, #4110 ) ) ;
#4080 = ORIENTED_EDGE ( 'NONE', *, *, #4074, .T. ) ;
#4081 = ORIENTED_EDGE ( 'NONE', *, *, #3932, .T. ) ;
#4082 = EDGE_LOOP ( 'NONE', ( #3942, #4157, #4069, #4093 ) ) ;
#4083 = EDGE_CURVE ( 'NONE', #4125, #4085, #2876, .T. ) ;
#4084 = ADVANCED_FACE ( 'NONE', ( #2889 ), #2854, .T. ) ;
#4085 = VERTEX_POINT ( 'NONE', #2811 ) ;
#4086 = ORIENTED_EDGE ( 'NONE', *, *, #3940, .F. ) ;
#4087 = EDGE_CURVE ( 'NONE', #4163, #3820, #2920, .T. ) ;
#4088 = ORIENTED_EDGE ( 'NONE', *, *, #4152, .F. ) ;
#4089 = ORIENTED_EDGE ( 'NONE', *, *, #3220, .F. ) ;
#4090 = ORIENTED_EDGE ( 'NONE', *, *, #4119, .F. ) ;
#4091 = ORIENTED_EDGE ( 'NONE', *, *, #30, .F. ) ;
#4092 = ORIENTED_EDGE ( 'NONE', *, *, #4070, .F. ) ;
#4093 = ORIENTED_EDGE ( 'NONE', *, *, #4070, .T. ) ;
#4094 = ORIENTED_EDGE ( 'NONE', *, *, #4087, .F. ) ;
#4095 = ORIENTED_EDGE ( 'NONE', *, *, #3879, .F. ) ;
#4096 = ORIENTED_EDGE ( 'NONE', *, *, #3127, .F. ) ;
#4097 = ORIENTED_EDGE ( 'NONE', *, *, #4052, .F. ) ;
#4098 = ORIENTED_EDGE ( 'NONE', *, *, #3894, .F. ) ;
#4099 = EDGE_LOOP ( 'NONE', ( #3924, #3920, #3919, #3923 ) ) ;
#4100 = ORIENTED_EDGE ( 'NONE', *, *, #3321, .T. ) ;
#4101 = EDGE_LOOP ( 'NONE', ( #4109, #4057, #4051, #4097 ) ) ;
#4102 = VERTEX_POINT ( 'NONE', #2875 ) ;
#4103 = EDGE_CURVE ( 'NONE', #4049, #4050, #2919, .T. ) ;
#4104 = ORIENTED_EDGE ( 'NONE', *, *, #4103, .F. ) ;
#4105 = EDGE_CURVE ( 'NONE', #4049, #4046, #2874, .T. ) ;
#4106 = ORIENTED_EDGE ( 'NONE', *, *, #4107, .T. ) ;
#4107 = EDGE_CURVE ( 'NONE', #4122, #4046, #2905, .T. ) ;
#4108 = EDGE_CURVE ( 'NONE', #4078, #4144, #2897, .T. ) ;
#4109 = ORIENTED_EDGE ( 'NONE', *, *, #4038, .T. ) ;
#4110 = ORIENTED_EDGE ( 'NONE', *, *, #4072, .F. ) ;
#4111 = ORIENTED_EDGE ( 'NONE', *, *, #4053, .T. ) ;
#4112 = ADVANCED_FACE ( 'NONE', ( #2906 ), #2913, .T. ) ;
#4113 = ORIENTED_EDGE ( 'NONE', *, *, #4087, .T. ) ;
#4114 = ORIENTED_EDGE ( 'NONE', *, *, #4045, .T. ) ;
#4115 = ORIENTED_EDGE ( 'NONE', *, *, #4054, .F. ) ;
#4116 = ORIENTED_EDGE ( 'NONE', *, *, #4048, .F. ) ;
#4117 = ORIENTED_EDGE ( 'NONE', *, *, #4066, .T. ) ;
#4118 = ADVANCED_FACE ( 'NONE', ( #2948 ), #2947, .T. ) ;
#4119 = EDGE_CURVE ( 'NONE', #4144, #4039, #2975, .T. ) ;
#4120 = ORIENTED_EDGE ( 'NONE', *, *, #4105, .F. ) ;
#4121 = ADVANCED_FACE ( 'NONE', ( #2944 ), #2969, .T. ) ;
#4122 = VERTEX_POINT ( 'NONE', #2956 ) ;
#4123 = ADVANCED_FACE ( 'NONE', ( #2950 ), #2926, .T. ) ;
#4124 = ORIENTED_EDGE ( 'NONE', *, *, #4107, .F. ) ;
#4125 = VERTEX_POINT ( 'NONE', #2995 ) ;
#4126 = EDGE_CURVE ( 'NONE', #4085, #3931, #2985, .T. ) ;
#4127 = ORIENTED_EDGE ( 'NONE', *, *, #4045, .F. ) ;
#4128 = ORIENTED_EDGE ( 'NONE', *, *, #4074, .F. ) ;
#4129 = EDGE_CURVE ( 'NONE', #4075, #4085, #2981, .T. ) ;
#4130 = VERTEX_POINT ( 'NONE', #2987 ) ;
#4131 = VERTEX_POINT ( 'NONE', #2996 ) ;
#4132 = ADVANCED_FACE ( 'NONE', ( #2993 ), #3023, .T. ) ;
#4133 = ORIENTED_EDGE ( 'NONE', *, *, #3927, .T. ) ;
#4134 = ORIENTED_EDGE ( 'NONE', *, *, #4022, .T. ) ;
#4135 = EDGE_CURVE ( 'NONE', #4130, #4131, #2994, .T. ) ;
#4136 = ORIENTED_EDGE ( 'NONE', *, *, #3943, .T. ) ;
#4137 = ORIENTED_EDGE ( 'NONE', *, *, #4126, .T. ) ;
#4138 = EDGE_LOOP ( 'NONE', ( #4164, #4156, #4161, #4159 ) ) ;
#4139 = ADVANCED_FACE ( 'NONE', ( #2783 ), #2738, .F. ) ;
#4140 = EDGE_CURVE ( 'NONE', #4050, #4122, #3052, .T. ) ;
#4141 = ORIENTED_EDGE ( 'NONE', *, *, #4140, .F. ) ;
#4142 = ORIENTED_EDGE ( 'NONE', *, *, #3934, .T. ) ;
#4143 = ORIENTED_EDGE ( 'NONE', *, *, #4129, .T. ) ;
#4144 = VERTEX_POINT ( 'NONE', #3053 ) ;
#4145 = VERTEX_POINT ( 'NONE', #3057 ) ;
#4146 = EDGE_LOOP ( 'NONE', ( #4148, #4181, #4177, #4174 ) ) ;
#4147 = ORIENTED_EDGE ( 'NONE', *, *, #4052, .T. ) ;
#4148 = ORIENTED_EDGE ( 'NONE', *, *, #4119, .T. ) ;
#4149 = ORIENTED_EDGE ( 'NONE', *, *, #4043, .F. ) ;
#4150 = ORIENTED_EDGE ( 'NONE', *, *, #4175, .F. ) ;
#4151 = ORIENTED_EDGE ( 'NONE', *, *, #4152, .T. ) ;
#4152 = EDGE_CURVE ( 'NONE', #4125, #28, #3055, .T. ) ;
#4153 = ORIENTED_EDGE ( 'NONE', *, *, #3922, .T. ) ;
#4154 = ORIENTED_EDGE ( 'NONE', *, *, #4158, .T. ) ;
#4155 = EDGE_LOOP ( 'NONE', ( #4091, #4092, #3921, #4114, #4153, #4147, #4150, #4149, #4180, #4178, #4179, #4151 ) ) ;
#4156 = ORIENTED_EDGE ( 'NONE', *, *, #4047, .F. ) ;
#4157 = ORIENTED_EDGE ( 'NONE', *, *, #4066, .F. ) ;
#4158 = EDGE_CURVE ( 'NONE', #4125, #4163, #3047, .T. ) ;
#4159 = ORIENTED_EDGE ( 'NONE', *, *, #4083, .T. ) ;
#4160 = ORIENTED_EDGE ( 'NONE', *, *, #3318, .T. ) ;
#4161 = ORIENTED_EDGE ( 'NONE', *, *, #4158, .F. ) ;
#4162 = ADVANCED_FACE ( 'NONE', ( #3036 ), #3045, .T. ) ;
#4163 = VERTEX_POINT ( 'NONE', #3032 ) ;
#4164 = ORIENTED_EDGE ( 'NONE', *, *, #4129, .F. ) ;
#4165 = SURFACE_SIDE_STYLE ('',( #4166 ) ) ;
#4166 = SURFACE_STYLE_FILL_AREA ( #4167 ) ;
#4167 = FILL_AREA_STYLE ('',( #4168 ) ) ;
#4168 = FILL_AREA_STYLE_COLOUR ( '', #4169 ) ;
#4169 = COLOUR_RGB ( '',0.8784313725490196000, 0.8784313725490196000, 0.8784313725490196000 ) ;
#4170 =( GEOMETRIC_REPRESENTATION_CONTEXT ( 3 ) GLOBAL_UNCERTAINTY_ASSIGNED_CONTEXT ( ( #4227 ) ) GLOBAL_UNIT_ASSIGNED_CONTEXT ( ( #4244, #4240, #4228 ) ) REPRESENTATION_CONTEXT ( 'NONE', 'WORKASPACE' ) );
#4171 = FACE_OUTER_BOUND ( 'NONE', #51, .T. ) ;
#4172 = CLOSED_SHELL ( 'NONE', ( #3868, #45, #57, #3222, #3170, #3185, #3139, #3160, #3183, #3271, #3264, #3370, #3286, #3251, #3300, #3248, #3398, #3408, #3475, #3443, #3424, #3425, #3380, #3461, #3457, #3722, #3747, #3633, #3491, #3699, #3725, #3608, #3521, #3750, #3638, #3617, #3628, #3729, #3738, #3709, #3663, #3579, #3675, #3797, #3685, #3693, #3568, #3578, #3560, #3773, #3864, #3850, #3857, #3801, #3799, #3827, #3872, #3843, #3763, #3777, #3790, #4009, #23, #4002, #3999, #4004, #4030, #3989, #4015, #3971, #3903, #3996, #22, #3335, #3332, #3329, #3314, #3315, #3906, #3926, #3963, #3908, #3976, #3951, #4121, #4061, #4035, #4132, #3938, #3936, #4123, #4139, #4162, #4084, #4068, #4118, #4112, #4176 ) ) ;
#4173 =( GEOMETRIC_REPRESENTATION_CONTEXT ( 3 ) GLOBAL_UNCERTAINTY_ASSIGNED_CONTEXT ( ( #4195 ) ) GLOBAL_UNIT_ASSIGNED_CONTEXT ( ( #4191, #4201, #4200 ) ) REPRESENTATION_CONTEXT ( 'NONE', 'WORKASPACE' ) );
#4174 = ORIENTED_EDGE ( 'NONE', *, *, #4108, .T. ) ;
#4175 = EDGE_CURVE ( 'NONE', #4036, #4078, #3044, .T. ) ;
#4176 = ADVANCED_FACE ( 'NONE', ( #3075 ), #3069, .T. ) ;
#4177 = ORIENTED_EDGE ( 'NONE', *, *, #4175, .T. ) ;
#4178 = ORIENTED_EDGE ( 'NONE', *, *, #4126, .F. ) ;
#4179 = ORIENTED_EDGE ( 'NONE', *, *, #4083, .F. ) ;
#4180 = ORIENTED_EDGE ( 'NONE', *, *, #3944, .F. ) ;
#4181 = ORIENTED_EDGE ( 'NONE', *, *, #4063, .T. ) ;
#4182 = SURFACE_STYLE_USAGE ( .BOTH. , #4165 ) ;
#4183 = STYLED_ITEM ( 'NONE', ( #4184 ), #22 ) ;
#4184 = PRESENTATION_STYLE_ASSIGNMENT (( #4182 ) ) ;
#4185 = PRESENTATION_LAYER_ASSIGNMENT (  '', '', ( #4183 ) ) ;
#4186 = UNCERTAINTY_MEASURE_WITH_UNIT (LENGTH_MEASURE( 1.000000000000000100E-005 ), #4188, 'distance_accuracy_value', 'NONE');
#4187 =( NAMED_UNIT ( * ) SI_UNIT ( $, .STERADIAN. ) SOLID_ANGLE_UNIT ( ) );
#4188 =( LENGTH_UNIT ( ) NAMED_UNIT ( * ) SI_UNIT ( .MILLI., .METRE. ) );
#4189 =( NAMED_UNIT ( * ) PLANE_ANGLE_UNIT ( ) SI_UNIT ( $, .RADIAN. ) );
#4190 = MECHANICAL_DESIGN_GEOMETRIC_PRESENTATION_REPRESENTATION (  '', ( #4183 ), #4203 ) ;
#4191 =( LENGTH_UNIT ( ) NAMED_UNIT ( * ) SI_UNIT ( .MILLI., .METRE. ) );
#4192 = FACE_OUTER_BOUND ( 'NONE', #4016, .T. ) ;
#4193 = PLANE ( 'NONE',  #4196 ) ;
#4194 = DIRECTION ( 'NONE',  ( 0.9975640502598247500, 0.0000000000000000000, 0.06975647374411812800 ) ) ;
#4195 = UNCERTAINTY_MEASURE_WITH_UNIT (LENGTH_MEASURE( 1.000000000000000100E-005 ), #4191, 'distance_accuracy_value', 'NONE');
#4196 = AXIS2_PLACEMENT_3D ( 'NONE', #4198, #4197, #4194 ) ;
#4197 = DIRECTION ( 'NONE',  ( -0.06975647374411812800, -0.0000000000000000000, 0.9975640502598247500 ) ) ;
#4198 = CARTESIAN_POINT ( 'NONE',  ( -2.820905066443665000, 0.0000000000000000000, 0.3479051466457240300 ) ) ;
#4199 = UNCERTAINTY_MEASURE_WITH_UNIT (LENGTH_MEASURE( 1.000000000000000100E-005 ), #4280, 'distance_accuracy_value', 'NONE');
#4200 =( NAMED_UNIT ( * ) SI_UNIT ( $, .STERADIAN. ) SOLID_ANGLE_UNIT ( ) );
#4201 =( NAMED_UNIT ( * ) PLANE_ANGLE_UNIT ( ) SI_UNIT ( $, .RADIAN. ) );
#4202 =( NAMED_UNIT ( * ) SI_UNIT ( $, .STERADIAN. ) SOLID_ANGLE_UNIT ( ) );
#4203 =( GEOMETRIC_REPRESENTATION_CONTEXT ( 3 ) GLOBAL_UNCERTAINTY_ASSIGNED_CONTEXT ( ( #4186 ) ) GLOBAL_UNIT_ASSIGNED_CONTEXT ( ( #4188, #4189, #4187 ) ) REPRESENTATION_CONTEXT ( 'NONE', 'WORKASPACE' ) );
#4204 = FILL_AREA_STYLE_COLOUR ( '', #4208 ) ;
#4205 = SURFACE_SIDE_STYLE ('',( #4206 ) ) ;
#4206 = SURFACE_STYLE_FILL_AREA ( #4207 ) ;
#4207 = FILL_AREA_STYLE ('',( #4204 ) ) ;
#4208 = COLOUR_RGB ( '',0.09411764705882352800, 0.09411764705882352800, 0.09411764705882352800 ) ;
#4209 = MECHANICAL_DESIGN_GEOMETRIC_PRESENTATION_REPRESENTATION (  '', ( #4211 ), #4173 ) ;
#4210 = PRESENTATION_LAYER_ASSIGNMENT (  '', '', ( #4211 ) ) ;
#4211 = STYLED_ITEM ( 'NONE', ( #4212 ), #23 ) ;
#4212 = PRESENTATION_STYLE_ASSIGNMENT (( #4213 ) ) ;
#4213 = SURFACE_STYLE_USAGE ( .BOTH. , #4205 ) ;
#4214 = DIRECTION ( 'NONE',  ( 1.000000000000000000, 0.0000000000000000000, 0.0000000000000000000 ) ) ;
#4215 = FILL_AREA_STYLE_COLOUR ( '', #4247 ) ;
#4216 = FACE_OUTER_BOUND ( 'NONE', #27, .T. ) ;
#4217 = VECTOR ( 'NONE', #4232, 1000.000000000000000 ) ;
#4218 = CARTESIAN_POINT ( 'NONE',  ( -1.750000000000000000, -1.919999999999997700, 0.7750000000000002400 ) ) ;
#4219 = LINE ( 'NONE', #4233, #4217 ) ;
#4220 = DIRECTION ( 'NONE',  ( -0.0000000000000000000, -7.228014483236687700E-016, -1.000000000000000000 ) ) ;
#4221 = VECTOR ( 'NONE', #4220, 1000.000000000000000 ) ;
#4222 = PRESENTATION_LAYER_ASSIGNMENT (  '', '', ( #4223 ) ) ;
#4223 = STYLED_ITEM ( 'NONE', ( #4224 ), #45 ) ;
#4224 = PRESENTATION_STYLE_ASSIGNMENT (( #4225 ) ) ;
#4225 = SURFACE_STYLE_USAGE ( .BOTH. , #4226 ) ;
#4226 = SURFACE_SIDE_STYLE ('',( #4243 ) ) ;
#4227 = UNCERTAINTY_MEASURE_WITH_UNIT (LENGTH_MEASURE( 1.000000000000000100E-005 ), #4244, 'distance_accuracy_value', 'NONE');
#4228 =( NAMED_UNIT ( * ) SI_UNIT ( $, .STERADIAN. ) SOLID_ANGLE_UNIT ( ) );
#4229 = CARTESIAN_POINT ( 'NONE',  ( -1.580207957427501400, -3.079326322523956900, 0.1000000000000000200 ) ) ;
#4230 = CARTESIAN_POINT ( 'NONE',  ( -1.750000000000000000, -3.199877977445842800, 0.7750000000000002400 ) ) ;
#4231 = CARTESIAN_POINT ( 'NONE',  ( -1.750000000000000000, -1.919999999999997700, 1.075000000000000200 ) ) ;
#4232 = DIRECTION ( 'NONE',  ( -0.0000000000000000000, -1.000000000000000000, -0.0000000000000000000 ) ) ;
#4233 = CARTESIAN_POINT ( 'NONE',  ( -1.750000000000000000, 3.250000000000000000, 0.7750000000000002400 ) ) ;
#4234 = LINE ( 'NONE', #4251, #4221 ) ;
#4235 = DIRECTION ( 'NONE',  ( -0.0000000000000000000, -1.000000000000000000, -0.0000000000000000000 ) ) ;
#4236 = DIRECTION ( 'NONE',  ( 0.0000000000000000000, 1.000000000000000000, 0.0000000000000000000 ) ) ;
#4237 = VECTOR ( 'NONE', #4254, 1000.000000000000000 ) ;
#4238 = CARTESIAN_POINT ( 'NONE',  ( -1.750000000000000000, 3.250000000000000000, 1.075000000000000200 ) ) ;
#4239 = LINE ( 'NONE', #4238, #4237 ) ;
#4240 =( NAMED_UNIT ( * ) PLANE_ANGLE_UNIT ( ) SI_UNIT ( $, .RADIAN. ) );
#4241 = SPHERICAL_SURFACE ( 'NONE', #4249, 0.05000000000000000300 ) ;
#4242 = CARTESIAN_POINT ( 'NONE',  ( -1.749999999999997100, -0.3799999999999996700, 1.075000000000000200 ) ) ;
#4243 = SURFACE_STYLE_FILL_AREA ( #4253 ) ;
#4244 =( LENGTH_UNIT ( ) NAMED_UNIT ( * ) SI_UNIT ( .MILLI., .METRE. ) );
#4245 = MECHANICAL_DESIGN_GEOMETRIC_PRESENTATION_REPRESENTATION (  '', ( #4223 ), #4170 ) ;
#4246 = VECTOR ( 'NONE', #4250, 1000.000000000000000 ) ;
#4247 = COLOUR_RGB ( '',0.06274509803921568500, 0.06274509803921568500, 0.06274509803921568500 ) ;
#4248 =( GEOMETRIC_REPRESENTATION_CONTEXT ( 3 ) GLOBAL_UNCERTAINTY_ASSIGNED_CONTEXT ( ( #4199 ) ) GLOBAL_UNIT_ASSIGNED_CONTEXT ( ( #4280, #4286, #4202 ) ) REPRESENTATION_CONTEXT ( 'NONE', 'WORKASPACE' ) );
#4249 = AXIS2_PLACEMENT_3D ( 'NONE', #4229, #4236, #4214 ) ;
#4250 = DIRECTION ( 'NONE',  ( -2.168404344971010100E-015, -0.0000000000000000000, -1.000000000000000000 ) ) ;
#4251 = CARTESIAN_POINT ( 'NONE',  ( 1.749999999999999100, -1.499999999999999800, 0.7749999999999996900 ) ) ;
#4252 = CARTESIAN_POINT ( 'NONE',  ( -1.749999999999997800, -0.3799999999999996700, 0.7750000000000003600 ) ) ;
#4253 = FILL_AREA_STYLE ('',( #4215 ) ) ;
#4254 = DIRECTION ( 'NONE',  ( -0.0000000000000000000, -1.000000000000000000, -0.0000000000000000000 ) ) ;
#4255 = LINE ( 'NONE', #4257, #4260 ) ;
#4256 = DIRECTION ( 'NONE',  ( 2.168404344971009700E-015, 0.0000000000000000000, 1.000000000000000000 ) ) ;
#4257 = CARTESIAN_POINT ( 'NONE',  ( -1.749999999999997800, -1.919999999999999900, 0.7750000000000002400 ) ) ;
#4258 = CARTESIAN_POINT ( 'NONE',  ( -1.749999999999997800, -0.3799999999999996700, 0.7750000000000003600 ) ) ;
#4259 = LINE ( 'NONE', #4258, #4246 ) ;
#4260 = VECTOR ( 'NONE', #4256, 1000.000000000000000 ) ;
#4261 = VECTOR ( 'NONE', #4235, 1000.000000000000000 ) ;
#4262 = CARTESIAN_POINT ( 'NONE',  ( 1.750000000000000000, 3.250000000000000000, 1.074999999999999700 ) ) ;
#4263 = LINE ( 'NONE', #4262, #4261 ) ;
#4264 = SURFACE_SIDE_STYLE ('',( #4265 ) ) ;
#4265 = SURFACE_STYLE_FILL_AREA ( #4272 ) ;
#4266 = DIRECTION ( 'NONE',  ( 4.336808689942017700E-015, 0.0000000000000000000, -1.000000000000000000 ) ) ;
#4267 = DIRECTION ( 'NONE',  ( 1.000000000000000000, -7.646963822076930600E-016, 4.336808689942016200E-015 ) ) ;
#4268 = CARTESIAN_POINT ( 'NONE',  ( 1.580207957427496100, -3.079326322523956900, 0.1000000000000000500 ) ) ;
#4269 = AXIS2_PLACEMENT_3D ( 'NONE', #4268, #4267, #4266 ) ;
#4270 = CIRCLE ( 'NONE', #4269, 0.05000000000000000300 ) ;
#4271 =( NAMED_UNIT ( * ) PLANE_ANGLE_UNIT ( ) SI_UNIT ( $, .RADIAN. ) );
#4272 = FILL_AREA_STYLE ('',( #4274 ) ) ;
#4273 = AXIS2_PLACEMENT_3D ( 'NONE', #4278, #4279, #4289 ) ;
#4274 = FILL_AREA_STYLE_COLOUR ( '', #4275 ) ;
#4275 = COLOUR_RGB ( '',0.06274509803921568500, 0.06274509803921568500, 0.06274509803921568500 ) ;
#4276 =( GEOMETRIC_REPRESENTATION_CONTEXT ( 3 ) GLOBAL_UNCERTAINTY_ASSIGNED_CONTEXT ( ( #4361 ) ) GLOBAL_UNIT_ASSIGNED_CONTEXT ( ( #4327, #4326, #4362 ) ) REPRESENTATION_CONTEXT ( 'NONE', 'WORKASPACE' ) );
#4277 = PLANE ( 'NONE',  #4273 ) ;
#4278 = CARTESIAN_POINT ( 'NONE',  ( -1.750000000000000000, 3.250000000000000000, 1.075000000000000200 ) ) ;
#4279 = DIRECTION ( 'NONE',  ( 1.000000000000000000, -0.0000000000000000000, 0.0000000000000000000 ) ) ;
#4280 =( LENGTH_UNIT ( ) NAMED_UNIT ( * ) SI_UNIT ( .MILLI., .METRE. ) );
#4281 = MECHANICAL_DESIGN_GEOMETRIC_PRESENTATION_REPRESENTATION (  '', ( #4283 ), #4248 ) ;
#4282 = PRESENTATION_LAYER_ASSIGNMENT (  '', '', ( #4283 ) ) ;
#4283 = STYLED_ITEM ( 'NONE', ( #4284 ), #57 ) ;
#4284 = PRESENTATION_STYLE_ASSIGNMENT (( #4285 ) ) ;
#4285 = SURFACE_STYLE_USAGE ( .BOTH. , #4264 ) ;
#4286 =( NAMED_UNIT ( * ) PLANE_ANGLE_UNIT ( ) SI_UNIT ( $, .RADIAN. ) );
#4287 = FACE_OUTER_BOUND ( 'NONE', #34, .T. ) ;
#4288 = CARTESIAN_POINT ( 'NONE',  ( 1.629448345078112300, 3.079326322523956900, 1.758682408883346400 ) ) ;
#4289 = DIRECTION ( 'NONE',  ( 0.0000000000000000000, 0.0000000000000000000, -1.000000000000000000 ) ) ;
#4290 = LINE ( 'NONE', #4298, #4297 ) ;
#4291 = LINE ( 'NONE', #4320, #4301 ) ;
#4292 = DIRECTION ( 'NONE',  ( 0.0000000000000000000, 0.0000000000000000000, 1.000000000000000000 ) ) ;
#4293 = DIRECTION ( 'NONE',  ( 7.228014483236699500E-016, 0.0000000000000000000, 1.000000000000000000 ) ) ;
#4294 = CARTESIAN_POINT ( 'NONE',  ( 1.749999999999999800, 3.250000000000000000, 0.7749999999999999100 ) ) ;
#4295 = CARTESIAN_POINT ( 'NONE',  ( 1.750000000000000000, -1.499999999999995800, 1.074999999999999700 ) ) ;
#4296 = DIRECTION ( 'NONE',  ( -0.0000000000000000000, -1.000000000000000000, -0.0000000000000000000 ) ) ;
#4297 = VECTOR ( 'NONE', #4296, 1000.000000000000000 ) ;
#4298 = CARTESIAN_POINT ( 'NONE',  ( 1.749999999999999800, 3.250000000000000000, 0.7749999999999999100 ) ) ;
#4299 = CARTESIAN_POINT ( 'NONE',  ( -1.969999999999995500, 0.0000000000000000000, 0.6800000000000000500 ) ) ;
#4300 = DIRECTION ( 'NONE',  ( -0.0000000000000000000, 1.000000000000000000, 0.0000000000000000000 ) ) ;
#4301 = VECTOR ( 'NONE', #4319, 999.9999999999998900 ) ;
#4302 = AXIS2_PLACEMENT_3D ( 'NONE', #4304, #4360, #4293 ) ;
#4303 = CARTESIAN_POINT ( 'NONE',  ( 1.749999999999999800, -3.199877977445842800, 0.7749999999999999100 ) ) ;
#4304 = CARTESIAN_POINT ( 'NONE',  ( 1.750000000000000000, 3.250000000000000000, 1.074999999999999700 ) ) ;
#4305 = AXIS2_PLACEMENT_3D ( 'NONE', #4344, #4300, #4292 ) ;
#4306 = VECTOR ( 'NONE', #4358, 1000.000000000000000 ) ;
#4307 = DIRECTION ( 'NONE',  ( 0.0000000000000000000, -1.000000000000000000, 0.0000000000000000000 ) ) ;
#4308 = VECTOR ( 'NONE', #4307, 1000.000000000000000 ) ;
#4309 = CARTESIAN_POINT ( 'NONE',  ( 1.629448345078112300, 3.250000000000000000, 1.758682408883346400 ) ) ;
#4310 = LINE ( 'NONE', #4309, #4308 ) ;
#4311 = CARTESIAN_POINT ( 'NONE',  ( -1.580207957427496300, -3.079326322523956900, 1.800000000000000500 ) ) ;
#4312 = CARTESIAN_POINT ( 'NONE',  ( -1.580207957427496300, 3.250000000000000000, 1.800000000000000500 ) ) ;
#4313 = DIRECTION ( 'NONE',  ( -0.7071067811865512400, 0.0000000000000000000, -0.7071067811865439100 ) ) ;
#4314 = VECTOR ( 'NONE', #4313, 999.9999999999998900 ) ;
#4315 = CARTESIAN_POINT ( 'NONE',  ( -1.969999999999995500, -0.3799999999999996700, 0.6800000000000000500 ) ) ;
#4316 = LINE ( 'NONE', #4315, #4314 ) ;
#4317 = LINE ( 'NONE', #4299, #4343 ) ;
#4318 =( NAMED_UNIT ( * ) SI_UNIT ( $, .STERADIAN. ) SOLID_ANGLE_UNIT ( ) );
#4319 = DIRECTION ( 'NONE',  ( -0.7071067811865512400, 0.0000000000000000000, -0.7071067811865439100 ) ) ;
#4320 = CARTESIAN_POINT ( 'NONE',  ( -1.969999999999995500, 0.3800000000000001200, 0.6800000000000000500 ) ) ;
#4321 = CIRCLE ( 'NONE', #4305, 0.2807111581834854100 ) ;
#4322 = MECHANICAL_DESIGN_GEOMETRIC_PRESENTATION_REPRESENTATION (  '', ( #4324 ), #4276 ) ;
#4323 = PRESENTATION_LAYER_ASSIGNMENT (  '', '', ( #4324 ) ) ;
#4324 = STYLED_ITEM ( 'NONE', ( #4331 ), #3139 ) ;
#4325 = VECTOR ( 'NONE', #4389, 1000.000000000000100 ) ;
#4326 =( NAMED_UNIT ( * ) PLANE_ANGLE_UNIT ( ) SI_UNIT ( $, .RADIAN. ) );
#4327 =( LENGTH_UNIT ( ) NAMED_UNIT ( * ) SI_UNIT ( .MILLI., .METRE. ) );
#4328 = CARTESIAN_POINT ( 'NONE',  ( -1.622162938986360300, 3.079326322523956900, 1.800000000000000500 ) ) ;
#4329 = LINE ( 'NONE', #4328, #4346 ) ;
#4330 = LINE ( 'NONE', #4312, #4339 ) ;
#4331 = PRESENTATION_STYLE_ASSIGNMENT (( #4332 ) ) ;
#4332 = SURFACE_STYLE_USAGE ( .BOTH. , #4336 ) ;
#4333 = COLOUR_RGB ( '',0.06274509803921568500, 0.06274509803921568500, 0.06274509803921568500 ) ;
#4334 = CARTESIAN_POINT ( 'NONE',  ( 1.580207957427501900, 3.250000000000000000, 1.800000000000000000 ) ) ;
#4335 = LINE ( 'NONE', #4334, #4352 ) ;
#4336 = SURFACE_SIDE_STYLE ('',( #4337 ) ) ;
#4337 = SURFACE_STYLE_FILL_AREA ( #4353 ) ;
#4338 = DIRECTION ( 'NONE',  ( 0.0000000000000000000, -1.000000000000000000, 0.0000000000000000000 ) ) ;
#4339 = VECTOR ( 'NONE', #4338, 1000.000000000000000 ) ;
#4340 = PLANE ( 'NONE',  #4302 ) ;
#4341 = CARTESIAN_POINT ( 'NONE',  ( -1.969999999999995500, -0.3799999999999996700, 0.6800000000000000500 ) ) ;
#4342 = DIRECTION ( 'NONE',  ( 0.0000000000000000000, -1.000000000000000000, -0.0000000000000000000 ) ) ;
#4343 = VECTOR ( 'NONE', #4342, 1000.000000000000000 ) ;
#4344 = CARTESIAN_POINT ( 'NONE',  ( -2.840486486979171900, 0.3800000000000001700, 0.6279325065563682300 ) ) ;
#4345 = DIRECTION ( 'NONE',  ( -1.000000000000000000, 4.753691803391212200E-035, 1.336736460226353200E-016 ) ) ;
#4346 = VECTOR ( 'NONE', #4345, 1000.000000000000000 ) ;
#4347 = DIRECTION ( 'NONE',  ( -7.228014483236699500E-016, 0.0000000000000000000, -1.000000000000000000 ) ) ;
#4348 = VECTOR ( 'NONE', #4347, 1000.000000000000000 ) ;
#4349 = FILL_AREA_STYLE_COLOUR ( '', #4333 ) ;
#4350 = FACE_OUTER_BOUND ( 'NONE', #3205, .T. ) ;
#4351 = DIRECTION ( 'NONE',  ( -0.0000000000000000000, 1.000000000000000000, -0.0000000000000000000 ) ) ;
#4352 = VECTOR ( 'NONE', #4351, 1000.000000000000000 ) ;
#4353 = FILL_AREA_STYLE ('',( #4349 ) ) ;
#4354 = CARTESIAN_POINT ( 'NONE',  ( 1.749999999999999800, -3.199999999999999300, 0.7800000000000197900 ) ) ;
#4355 = LINE ( 'NONE', #4354, #4348 ) ;
#4356 = LINE ( 'NONE', #4294, #4306 ) ;
#4357 = CARTESIAN_POINT ( 'NONE',  ( 1.751441318300683200, -3.201319295746528000, 1.066825877725052800 ) ) ;
#4358 = DIRECTION ( 'NONE',  ( -0.0000000000000000000, -1.000000000000000000, -0.0000000000000000000 ) ) ;
#4359 = CARTESIAN_POINT ( 'NONE',  ( -1.749999999999997800, -2.679999999999999700, 0.7750000000000003600 ) ) ;
#4360 = DIRECTION ( 'NONE',  ( -1.000000000000000000, 0.0000000000000000000, 7.228014483236699500E-016 ) ) ;
#4361 = UNCERTAINTY_MEASURE_WITH_UNIT (LENGTH_MEASURE( 1.000000000000000100E-005 ), #4327, 'distance_accuracy_value', 'NONE');
#4362 =( NAMED_UNIT ( * ) SI_UNIT ( $, .STERADIAN. ) SOLID_ANGLE_UNIT ( ) );
#4363 = CARTESIAN_POINT ( 'NONE',  ( -1.623604257287043700, -3.073482234732893400, 1.791825877725052600 ) ) ;
#4364 = LINE ( 'NONE', #4363, #4380 ) ;
#4365 = AXIS2_PLACEMENT_3D ( 'NONE', #4377, #4378, #4373 ) ;
#4366 = DIRECTION ( 'NONE',  ( -1.000000000000000000, 0.0000000000000000000, 1.336736460226353200E-016 ) ) ;
#4367 = CARTESIAN_POINT ( 'NONE',  ( -1.580207957427496300, 3.079326322523956900, 1.800000000000000500 ) ) ;
#4368 = CARTESIAN_POINT ( 'NONE',  ( 1.629448345078112300, -3.079326322523956400, 1.758682408883346400 ) ) ;
#4369 = LINE ( 'NONE', #4357, #4325 ) ;
#4370 = DIRECTION ( 'NONE',  ( -0.0000000000000000000, -1.000000000000000000, -0.0000000000000000000 ) ) ;
#4371 = AXIS2_PLACEMENT_3D ( 'NONE', #4374, #4375, #4366 ) ;
#4372 = PLANE ( 'NONE',  #4365 ) ;
#4373 = DIRECTION ( 'NONE',  ( -0.1736481776669262800, 0.0000000000000000000, 0.9848077530122088000 ) ) ;
#4374 = CARTESIAN_POINT ( 'NONE',  ( 1.622162938986366100, 3.250000000000000000, 1.800000000000000000 ) ) ;
#4375 = DIRECTION ( 'NONE',  ( -1.336736460226353200E-016, 0.0000000000000000000, -1.000000000000000000 ) ) ;
#4376 = PLANE ( 'NONE',  #4371 ) ;
#4377 = CARTESIAN_POINT ( 'NONE',  ( 1.750000000000000000, 3.250000000000000000, 1.074999999999999700 ) ) ;
#4378 = DIRECTION ( 'NONE',  ( -0.9848077530122088000, 0.0000000000000000000, -0.1736481776669262800 ) ) ;
#4379 = DIRECTION ( 'NONE',  ( 0.1710878697460389000, 0.1710878697460319600, 0.9702875252478139200 ) ) ;
#4380 = VECTOR ( 'NONE', #4379, 1000.000000000000100 ) ;
#4381 = VECTOR ( 'NONE', #4370, 1000.000000000000000 ) ;
#4382 = CARTESIAN_POINT ( 'NONE',  ( -1.750000000000000000, 3.250000000000000000, 1.075000000000000200 ) ) ;
#4383 = LINE ( 'NONE', #4382, #4381 ) ;
#4384 = UNCERTAINTY_MEASURE_WITH_UNIT (LENGTH_MEASURE( 1.000000000000000100E-005 ), #4450, 'distance_accuracy_value', 'NONE');
#4385 = PRESENTATION_STYLE_ASSIGNMENT (( #4386 ) ) ;
#4386 = SURFACE_STYLE_USAGE ( .BOTH. , #4416 ) ;
#4387 = DIRECTION ( 'NONE',  ( 1.000000000000000000, -0.0000000000000000000, 0.0000000000000000000 ) ) ;
#4388 = CARTESIAN_POINT ( 'NONE',  ( -1.750000000000000000, 3.250000000000000000, 1.075000000000000200 ) ) ;
#4389 = DIRECTION ( 'NONE',  ( 0.1710878697460316000, -0.1710878697460321600, -0.9702875252478152500 ) ) ;
#4390 = DIRECTION ( 'NONE',  ( -0.0000000000000000000, -1.000000000000000000, -0.0000000000000000000 ) ) ;
#4391 = DIRECTION ( 'NONE',  ( -0.0000000000000000000, -1.000000000000000000, -0.0000000000000000000 ) ) ;
#4392 = LINE ( 'NONE', #4420, #4407 ) ;
#4393 = LINE ( 'NONE', #4428, #4398 ) ;
#4394 = FACE_OUTER_BOUND ( 'NONE', #3202, .T. ) ;
#4395 = FILL_AREA_STYLE ('',( #4403 ) ) ;
#4396 = CARTESIAN_POINT ( 'NONE',  ( -1.750000000000000000, 3.250000000000000000, 1.075000000000000200 ) ) ;
#4397 = DIRECTION ( 'NONE',  ( 2.168404344971009700E-015, 0.0000000000000000000, 1.000000000000000000 ) ) ;
#4398 = VECTOR ( 'NONE', #4427, 1000.000000000000100 ) ;
#4399 = CARTESIAN_POINT ( 'NONE',  ( -1.749999999999997100, 2.680000000000000200, 1.075000000000000200 ) ) ;
#4400 = COLOUR_RGB ( '',0.06274509803921568500, 0.06274509803921568500, 0.06274509803921568500 ) ;
#4401 = VECTOR ( 'NONE', #4424, 1000.000000000000000 ) ;
#4402 =( GEOMETRIC_REPRESENTATION_CONTEXT ( 3 ) GLOBAL_UNCERTAINTY_ASSIGNED_CONTEXT ( ( #4414 ) ) GLOBAL_UNIT_ASSIGNED_CONTEXT ( ( #4423, #4422, #4415 ) ) REPRESENTATION_CONTEXT ( 'NONE', 'WORKASPACE' ) );
#4403 = FILL_AREA_STYLE_COLOUR ( '', #4400 ) ;
#4404 = LINE ( 'NONE', #4421, #4409 ) ;
#4405 = LINE ( 'NONE', #4396, #4429 ) ;
#4406 = LINE ( 'NONE', #4425, #4401 ) ;
#4407 = VECTOR ( 'NONE', #4397, 1000.000000000000000 ) ;
#4408 = CARTESIAN_POINT ( 'NONE',  ( 1.629448345078106300, 3.079326322523956900, 0.09131759111665334300 ) ) ;
#4409 = VECTOR ( 'NONE', #4391, 1000.000000000000000 ) ;
#4410 = MECHANICAL_DESIGN_GEOMETRIC_PRESENTATION_REPRESENTATION (  '', ( #4412 ), #4402 ) ;
#4411 = PRESENTATION_LAYER_ASSIGNMENT (  '', '', ( #4412 ) ) ;
#4412 = STYLED_ITEM ( 'NONE', ( #4385 ), #3160 ) ;
#4413 = VECTOR ( 'NONE', #4456, 1000.000000000000100 ) ;
#4414 = UNCERTAINTY_MEASURE_WITH_UNIT (LENGTH_MEASURE( 1.000000000000000100E-005 ), #4423, 'distance_accuracy_value', 'NONE');
#4415 =( NAMED_UNIT ( * ) SI_UNIT ( $, .STERADIAN. ) SOLID_ANGLE_UNIT ( ) );
#4416 = SURFACE_SIDE_STYLE ('',( #4417 ) ) ;
#4417 = SURFACE_STYLE_FILL_AREA ( #4395 ) ;
#4418 = LINE ( 'NONE', #4432, #4438 ) ;
#4419 = CARTESIAN_POINT ( 'NONE',  ( 1.699999999999999700, 3.250000000000000000, 0.7800000000000137900 ) ) ;
#4420 = CARTESIAN_POINT ( 'NONE',  ( -1.749999999999997800, 2.680000000000000200, 0.7750000000000002400 ) ) ;
#4421 = CARTESIAN_POINT ( 'NONE',  ( -1.749999999999997100, -0.3799999999999996700, 1.075000000000000200 ) ) ;
#4422 =( NAMED_UNIT ( * ) PLANE_ANGLE_UNIT ( ) SI_UNIT ( $, .RADIAN. ) );
#4423 =( LENGTH_UNIT ( ) NAMED_UNIT ( * ) SI_UNIT ( .MILLI., .METRE. ) );
#4424 = DIRECTION ( 'NONE',  ( -0.0000000000000000000, -1.000000000000000000, -0.0000000000000000000 ) ) ;
#4425 = CARTESIAN_POINT ( 'NONE',  ( -1.750000000000000000, 3.250000000000000000, 0.7750000000000002400 ) ) ;
#4426 =( GEOMETRIC_REPRESENTATION_CONTEXT ( 3 ) GLOBAL_UNCERTAINTY_ASSIGNED_CONTEXT ( ( #4384 ) ) GLOBAL_UNIT_ASSIGNED_CONTEXT ( ( #4450, #4271, #4318 ) ) REPRESENTATION_CONTEXT ( 'NONE', 'WORKASPACE' ) );
#4427 = DIRECTION ( 'NONE',  ( -0.1710878697460389000, 0.1710878697460319600, -0.9702875252478139200 ) ) ;
#4428 = CARTESIAN_POINT ( 'NONE',  ( -1.751441318300683400, 3.201319295746528400, 1.066825877725052800 ) ) ;
#4429 = VECTOR ( 'NONE', #4390, 1000.000000000000000 ) ;
#4430 = CARTESIAN_POINT ( 'NONE',  ( -1.750000000000000000, 3.199877977445845500, 1.075000000000000200 ) ) ;
#4431 = COLOUR_RGB ( '',0.06274509803921568500, 0.06274509803921568500, 0.06274509803921568500 ) ;
#4432 = CARTESIAN_POINT ( 'NONE',  ( 1.629448345078106300, 3.250000000000000000, 0.09131759111665328800 ) ) ;
#4433 = PRESENTATION_LAYER_ASSIGNMENT (  '', '', ( #4434 ) ) ;
#4434 = STYLED_ITEM ( 'NONE', ( #4435 ), #3170 ) ;
#4435 = PRESENTATION_STYLE_ASSIGNMENT (( #4445 ) ) ;
#4436 = FILL_AREA_STYLE_COLOUR ( '', #4431 ) ;
#4437 = PLANE ( 'NONE',  #4443 ) ;
#4438 = VECTOR ( 'NONE', #4453, 1000.000000000000000 ) ;
#4439 = DIRECTION ( 'NONE',  ( 0.0000000000000000000, 0.0000000000000000000, 1.000000000000000000 ) ) ;
#4440 = VECTOR ( 'NONE', #4439, 1000.000000000000000 ) ;
#4441 = FILL_AREA_STYLE ('',( #4436 ) ) ;
#4442 = FACE_OUTER_BOUND ( 'NONE', #3214, .T. ) ;
#4443 = AXIS2_PLACEMENT_3D ( 'NONE', #4388, #4387, #4452 ) ;
#4444 = CARTESIAN_POINT ( 'NONE',  ( -1.750000000000000000, 3.199999999999999700, 0.7750000000000002400 ) ) ;
#4445 = SURFACE_STYLE_USAGE ( .BOTH. , #4446 ) ;
#4446 = SURFACE_SIDE_STYLE ('',( #4447 ) ) ;
#4447 = SURFACE_STYLE_FILL_AREA ( #4441 ) ;
#4448 = CARTESIAN_POINT ( 'NONE',  ( 1.749999999999999100, 1.500000000000000000, 0.7749999999999999100 ) ) ;
#4449 = LINE ( 'NONE', #4448, #4440 ) ;
#4450 =( LENGTH_UNIT ( ) NAMED_UNIT ( * ) SI_UNIT ( .MILLI., .METRE. ) );
#4451 = MECHANICAL_DESIGN_GEOMETRIC_PRESENTATION_REPRESENTATION (  '', ( #4434 ), #4426 ) ;
#4452 = DIRECTION ( 'NONE',  ( 0.0000000000000000000, 0.0000000000000000000, -1.000000000000000000 ) ) ;
#4453 = DIRECTION ( 'NONE',  ( -0.0000000000000000000, 1.000000000000000000, -0.0000000000000000000 ) ) ;
#4454 = CARTESIAN_POINT ( 'NONE',  ( -1.629448345078111900, 3.079326322523956900, 0.09131759111665369000 ) ) ;
#4455 = CARTESIAN_POINT ( 'NONE',  ( -1.700000000000000200, 3.250000000000000000, 0.7800000000000137900 ) ) ;
#4456 = DIRECTION ( 'NONE',  ( -0.1710878697460321600, -0.1710878697460316600, 0.9702875252478152500 ) ) ;
ENDSEC;
END-ISO-10303-21;
